Paradigm,Class,Lemma,Stem,PersPoss,Dim,Poss,Pej,Pret,Basic,Form1Surface,Form1Split,Form1Source
NA,NA_C,zhiishiib,<<zhiishiib>>,NONE,NONE,NONE,NONE,NONE,ProxSg,zhiishiib,<<zhiishiib>>a,JDN-2010-Nouns
NA,NA_C,zhiishiib,<<zhiishiib>>,NONE,NONE,NONE,NONE,NONE,ProxPl,zhiishiibag,<<zhiishiib>>ag,JDN-2010-Nouns
NA,NA_C,zhiishiib,<<zhiishiib>>,NONE,NONE,NONE,NONE,NONE,ObvSg,zhiishiiban,<<zhiishiib>>an,JDN-2010-Nouns
NA,NA_C,zhiishiib,<<zhiishiib>>,NONE,NONE,NONE,NONE,NONE,ObvPl,zhiishiiba',<<zhiishiib>>a',JDN-2010-Nouns
NA,NA_C,zhiishiib,<<zhiishiib>>,NONE,NONE,NONE,NONE,NONE,Loc,zhiishiibing,<<zhiishiib>>ing,JDN-2010-Nouns
NA,NA_C,zhiishiib,<<zhiishiib>>,NONE,NONE,NONE,NONE,NONE,Voc,zhiishiibidog,<<zhiishiib>>idog,JDN-2010-Nouns
NA,NA_C,zhiishiib,<<zhiishiib>>,NONE,Dim,NONE,NONE,NONE,ProxSg,zhiishiibens,<<zhiishiib>>ens,JDN-2010-Nouns
NA,NA_C,zhiishiib,<<zhiishiib>>,NONE,Dim,NONE,NONE,NONE,ProxPl,zhiishiibensag,<<zhiishiib>>ensag,JDN-2010-Nouns
NA,NA_C,zhiishiib,<<zhiishiib>>,NONE,Dim,NONE,NONE,NONE,ObvSg,zhiishiibensan,<<zhiishiib>>ensan,JDN-2010-Nouns
NA,NA_C,zhiishiib,<<zhiishiib>>,NONE,Dim,NONE,NONE,NONE,ObvPl,zhiishiibensa',<<zhiishiib>>ensa',JDN-2010-Nouns
NA,NA_C,zhiishiib,<<zhiishiib>>,NONE,Dim,NONE,NONE,NONE,Loc,zhiishiibensing,<<zhiishiib>>ensing,JDN-2010-Nouns
NA,NA_C,zhiishiib,<<zhiishiib>>,NONE,Dim,NONE,NONE,NONE,Voc,zhiishiibensidog,<<zhiishiib>>ensidog,JDN-2010-Nouns
NA,NA_C,zhiishiib,<<zhiishiib>>,NONE,NONE,NONE,Pej,NONE,ProxSg,zhiishiibish,<<zhiishiib>>ish,JDN-2010-Nouns
NA,NA_C,zhiishiib,<<zhiishiib>>,NONE,NONE,NONE,Pej,NONE,ProxPl,zhiishiibishag,<<zhiishiib>>ishag,JDN-2010-Nouns
NA,NA_C,zhiishiib,<<zhiishiib>>,NONE,NONE,NONE,Pej,NONE,ObvSg,zhiishiibishan,<<zhiishiib>>ishan,JDN-2010-Nouns
NA,NA_C,zhiishiib,<<zhiishiib>>,NONE,NONE,NONE,Pej,NONE,ObvPl,zhiishiibisha',<<zhiishiib>>isha',JDN-2010-Nouns
NA,NA_C,zhiishiib,<<zhiishiib>>,NONE,NONE,NONE,Pej,NONE,Loc,zhiishiibishing,<<zhiishiib>>ishing,JDN-2010-Nouns
NA,NA_C,zhiishiib,<<zhiishiib>>,NONE,NONE,NONE,Pej,NONE,Voc,zhiishiibishidog,<<zhiishiib>>ishidog,JDN-2010-Nouns
NA,NA_C,zhiishiib,<<zhiishiib>>,NONE,NONE,NONE,NONE,Pret,ProxSg,zhiishiibiban,<<zhiishiib>>iban,JDN-2010-Nouns
NA,NA_C,zhiishiib,<<zhiishiib>>,NONE,NONE,NONE,NONE,Pret,ProxPl,zhiishiibibaniig,<<zhiishiib>>ibaniig,JDN-2010-Nouns
NA,NA_C,zhiishiib,<<zhiishiib>>,NONE,NONE,NONE,NONE,Pret,ObvSg,zhiishiibibaniin,<<zhiishiib>>ibaniin,JDN-2010-Nouns
NA,NA_C,zhiishiib,<<zhiishiib>>,NONE,NONE,NONE,NONE,Pret,ObvPl,zhiishiibibanii',<<zhiishiib>>ibanii',JDN-2010-Nouns
NA,NA_C,zhiishiib,<<zhiishiib>>,NONE,Dim,NONE,Pej,NONE,ProxSg,zhiishiibenzhish,<<zhiishiib>>enzhish,JDN-2010-Nouns
NA,NA_C,zhiishiib,<<zhiishiib>>,NONE,Dim,NONE,Pej,NONE,ProxPl,zhiishiibenzhishag,<<zhiishiib>>enzhishag,JDN-2010-Nouns
NA,NA_C,zhiishiib,<<zhiishiib>>,NONE,Dim,NONE,Pej,NONE,ObvSg,zhiishiibenzhishan,<<zhiishiib>>enzhishan,JDN-2010-Nouns
NA,NA_C,zhiishiib,<<zhiishiib>>,NONE,Dim,NONE,Pej,NONE,ObvPl,zhiishiibenzhisha',<<zhiishiib>>enzhisha',JDN-2010-Nouns
NA,NA_C,zhiishiib,<<zhiishiib>>,NONE,Dim,NONE,Pej,NONE,Loc,zhiishiibenzhishing,<<zhiishiib>>enzhishing,JDN-2010-Nouns
NA,NA_C,zhiishiib,<<zhiishiib>>,NONE,Dim,NONE,Pej,NONE,Voc,zhiishiibenzhishidog,<<zhiishiib>>enzhishidog,JDN-2010-Nouns
NA,NA_C,zhiishiib,<<zhiishiib>>,NONE,Dim,NONE,NONE,Pret,ProxSg,zhiishiibensiban,<<zhiishiib>>ensiban,JDN-2010-Nouns
NA,NA_C,zhiishiib,<<zhiishiib>>,NONE,Dim,NONE,NONE,Pret,ProxPl,zhiishiibensibaniig,<<zhiishiib>>ensibaniig,JDN-2010-Nouns
NA,NA_C,zhiishiib,<<zhiishiib>>,NONE,Dim,NONE,NONE,Pret,ObvSg,zhiishiibensibaniin,<<zhiishiib>>ensibaniin,JDN-2010-Nouns
NA,NA_C,zhiishiib,<<zhiishiib>>,NONE,Dim,NONE,NONE,Pret,ObvPl,zhiishiibensibanii',<<zhiishiib>>ensibanii',JDN-2010-Nouns
NA,NA_C,zhiishiib,<<zhiishiib>>,1SgPoss,NONE,NONE,NONE,NONE,ProxSg,ninzhiishiib,ni<<zhiishiib>>,JDN-2010-Nouns
NA,NA_C,zhiishiib,<<zhiishiib>>,ExclPoss,NONE,NONE,NONE,NONE,ProxSg,ninzhiishiibinaan,ni<<zhiishiib>>inaan,JDN-2010-Nouns
NA,NA_C,zhiishiib,<<zhiishiib>>,InclPoss,NONE,NONE,NONE,NONE,ProxSg,gizhiishiibinaan,gi<<zhiishiib>>inaan,JDN-2010-Nouns
NA,NA_C,zhiishiib,<<zhiishiib>>,2SgPoss,NONE,NONE,NONE,NONE,ProxSg,gizhiishiib,gi<<zhiishiib>>,JDN-2010-Nouns
NA,NA_C,zhiishiib,<<zhiishiib>>,2PlPoss,NONE,NONE,NONE,NONE,ProxSg,gizhiishiibiwaa,gi<<zhiishiib>>iwaa,JDN-2010-Nouns
NA,NA_C,zhiishiib,<<zhiishiib>>,1SgPoss,NONE,NONE,NONE,NONE,ProxPl,ninzhiishiibag,ni<<zhiishiib>>ag,JDN-2010-Nouns
NA,NA_C,zhiishiib,<<zhiishiib>>,ExclPoss,NONE,NONE,NONE,NONE,ProxPl,ninzhiishiibinaanig,ni<<zhiishiib>>inaanig,JDN-2010-Nouns
NA,NA_C,zhiishiib,<<zhiishiib>>,InclPoss,NONE,NONE,NONE,NONE,ProxPl,gizhiishiibinaanig,gi<<zhiishiib>>inaanig,JDN-2010-Nouns
NA,NA_C,zhiishiib,<<zhiishiib>>,2SgPoss,NONE,NONE,NONE,NONE,ProxPl,gizhiishiibag,gi<<zhiishiib>>ag,JDN-2010-Nouns
NA,NA_C,zhiishiib,<<zhiishiib>>,2PlPoss,NONE,NONE,NONE,NONE,ProxPl,gizhiishiibiwaag,gi<<zhiishiib>>iwaag,JDN-2010-Nouns
NA,NA_C,zhiishiib,<<zhiishiib>>,1SgPoss,NONE,NONE,NONE,NONE,ObvSg,ninzhiishiiban,ni<<zhiishiib>>an,JDN-2010-Nouns
NA,NA_C,zhiishiib,<<zhiishiib>>,ExclPoss,NONE,NONE,NONE,NONE,ObvSg,ninzhiishiibinaanin,ni<<zhiishiib>>inaanin,JDN-2010-Nouns
NA,NA_C,zhiishiib,<<zhiishiib>>,InclPoss,NONE,NONE,NONE,NONE,ObvSg,gizhiishiibinaanin,gi<<zhiishiib>>inaanin,JDN-2010-Nouns
NA,NA_C,zhiishiib,<<zhiishiib>>,2SgPoss,NONE,NONE,NONE,NONE,ObvSg,gizhiishiiban,gi<<zhiishiib>>an,JDN-2010-Nouns
NA,NA_C,zhiishiib,<<zhiishiib>>,2PlPoss,NONE,NONE,NONE,NONE,ObvSg,gizhiishiibiwaan,gi<<zhiishiib>>iwaan,JDN-2010-Nouns
NA,NA_C,zhiishiib,<<zhiishiib>>,3SgProxPoss,NONE,NONE,NONE,NONE,ObvSg,ozhiishiiban,o<<zhiishiib>>an,JDN-2010-Nouns
NA,NA_C,zhiishiib,<<zhiishiib>>,3PlProxPoss,NONE,NONE,NONE,NONE,ObvSg,ozhiishiibiwaan,o<<zhiishiib>>iwaan,JDN-2010-Nouns
NA,NA_C,zhiishiib,<<zhiishiib>>,3SgObvPoss,NONE,NONE,NONE,NONE,ObvSg,ozhiishiibini,o<<zhiishiib>>iniw1,JDN-2010-Nouns
NA,NA_C,zhiishiib,<<zhiishiib>>,3PlObvPoss,NONE,NONE,NONE,NONE,ObvSg,ozhiishiibini,o<<zhiishiib>>iniw1,GUESS
NA,NA_C,zhiishiib,<<zhiishiib>>,1SgPoss,NONE,NONE,NONE,NONE,ObvPl,ninzhiishiiba',ni<<zhiishiib>>a',JDN-2010-Nouns
NA,NA_C,zhiishiib,<<zhiishiib>>,ExclPoss,NONE,NONE,NONE,NONE,ObvPl,ninzhiishiibinaani',ni<<zhiishiib>>inaani',JDN-2010-Nouns
NA,NA_C,zhiishiib,<<zhiishiib>>,InclPoss,NONE,NONE,NONE,NONE,ObvPl,gizhiishiibinaani',gi<<zhiishiib>>inaani',JDN-2010-Nouns
NA,NA_C,zhiishiib,<<zhiishiib>>,2SgPoss,NONE,NONE,NONE,NONE,ObvPl,gizhiishiiba',gi<<zhiishiib>>a',JDN-2010-Nouns
NA,NA_C,zhiishiib,<<zhiishiib>>,2PlPoss,NONE,NONE,NONE,NONE,ObvPl,gizhiishiibiwaa',gi<<zhiishiib>>iwaa',JDN-2010-Nouns
NA,NA_C,zhiishiib,<<zhiishiib>>,3SgProxPoss,NONE,NONE,NONE,NONE,ObvPl,ozhiishiiba',o<<zhiishiib>>a',JDN-2010-Nouns
NA,NA_C,zhiishiib,<<zhiishiib>>,3PlProxPoss,NONE,NONE,NONE,NONE,ObvPl,ozhiishiibiwaa',o<<zhiishiib>>iwaa',JDN-2010-Nouns
NA,NA_C,zhiishiib,<<zhiishiib>>,3SgObvPoss,NONE,NONE,NONE,NONE,ObvPl,ozhiishiibini,o<<zhiishiib>>iniw1,JDN-2010-Nouns
NA,NA_C,zhiishiib,<<zhiishiib>>,3PlObvPoss,NONE,NONE,NONE,NONE,ObvPl,ozhiishiibini,o<<zhiishiib>>iniw1,GUESS
NA,NA_C,zhiishiib,<<zhiishiib>>,1SgPoss,NONE,NONE,NONE,NONE,Loc,ninzhiishiibing,ni<<zhiishiib>>ing,JDN-2010-Nouns
NA,NA_C,zhiishiib,<<zhiishiib>>,ExclPoss,NONE,NONE,NONE,NONE,Loc,ninzhiishiibinaang,ni<<zhiishiib>>inaang,JDN-2010-Nouns
NA,NA_C,zhiishiib,<<zhiishiib>>,InclPoss,NONE,NONE,NONE,NONE,Loc,gizhiishiibinaang,gi<<zhiishiib>>inaang,JDN-2010-Nouns
NA,NA_C,zhiishiib,<<zhiishiib>>,2SgPoss,NONE,NONE,NONE,NONE,Loc,gizhiishiibing,gi<<zhiishiib>>ing,JDN-2010-Nouns
NA,NA_C,zhiishiib,<<zhiishiib>>,2PlPoss,NONE,NONE,NONE,NONE,Loc,gizhiishiibiwaang,gi<<zhiishiib>>iwaang,JDN-2010-Nouns
NA,NA_C,zhiishiib,<<zhiishiib>>,3SgProxPoss,NONE,NONE,NONE,NONE,Loc,ozhiishiibing,o<<zhiishiib>>ing,JDN-2010-Nouns
NA,NA_C,zhiishiib,<<zhiishiib>>,3PlProxPoss,NONE,NONE,NONE,NONE,Loc,ozhiishiibiwaang,o<<zhiishiib>>iwaang,JDN-2010-Nouns
NA,NA_C,zhiishiib,<<zhiishiib>>,3SgObvPoss,NONE,NONE,NONE,NONE,Loc,ozhiishiibining,o<<zhiishiib>>ining,JDN-2010-Nouns
NA,NA_C,zhiishiib,<<zhiishiib>>,3PlObvPoss,NONE,NONE,NONE,NONE,Loc,ozhiishiibining,o<<zhiishiib>>ining,GUESS
NA,NA_C,zhiishiib,<<zhiishiib>>,1SgPoss,NONE,Poss,NONE,NONE,ProxSg,ninzhiishiibim,ni<<zhiishiib>>im,JDN-2010-Nouns
NA,NA_C,zhiishiib,<<zhiishiib>>,ExclPoss,NONE,Poss,NONE,NONE,ProxSg,ninzhiishiibiminaan,ni<<zhiishiib>>iminaan,JDN-2010-Nouns
NA,NA_C,zhiishiib,<<zhiishiib>>,InclPoss,NONE,Poss,NONE,NONE,ProxSg,gizhiishiibiminaan,gi<<zhiishiib>>iminaan,JDN-2010-Nouns
NA,NA_C,zhiishiib,<<zhiishiib>>,2SgPoss,NONE,Poss,NONE,NONE,ProxSg,gizhiishiibiminaan,gi<<zhiishiib>>iminaan,JDN-2010-Nouns
NA,NA_C,zhiishiib,<<zhiishiib>>,2PlPoss,NONE,Poss,NONE,NONE,ProxSg,gizhiishiibimiwaa,gi<<zhiishiib>>imiwaa,JDN-2010-Nouns
NA,NA_C,zhiishiib,<<zhiishiib>>,1SgPoss,NONE,Poss,NONE,NONE,ProxPl,ninzhiishiibimag,ni<<zhiishiib>>imag,JDN-2010-Nouns
NA,NA_C,zhiishiib,<<zhiishiib>>,ExclPoss,NONE,Poss,NONE,NONE,ProxPl,ninzhiishiibiminaanig,ni<<zhiishiib>>iminaanig,JDN-2010-Nouns
NA,NA_C,zhiishiib,<<zhiishiib>>,InclPoss,NONE,Poss,NONE,NONE,ProxPl,gizhiishiibiminaanig,gi<<zhiishiib>>iminaanig,JDN-2010-Nouns
NA,NA_C,zhiishiib,<<zhiishiib>>,2SgPoss,NONE,Poss,NONE,NONE,ProxPl,gizhiishiibimag,gi<<zhiishiib>>imag,JDN-2010-Nouns
NA,NA_C,zhiishiib,<<zhiishiib>>,2PlPoss,NONE,Poss,NONE,NONE,ProxPl,gizhiishiibimiwaag,gi<<zhiishiib>>imiwaag,JDN-2010-Nouns
NA,NA_C,zhiishiib,<<zhiishiib>>,1SgPoss,NONE,Poss,NONE,NONE,ObvSg,ninzhiishiibiman,ni<<zhiishiib>>iman,JDN-2010-Nouns
NA,NA_C,zhiishiib,<<zhiishiib>>,ExclPoss,NONE,Poss,NONE,NONE,ObvSg,ninzhiishiibiminaanin,ni<<zhiishiib>>iminaanin,JDN-2010-Nouns
NA,NA_C,zhiishiib,<<zhiishiib>>,InclPoss,NONE,Poss,NONE,NONE,ObvSg,gizhiishiibiminaanin,gi<<zhiishiib>>iminaanin,JDN-2010-Nouns
NA,NA_C,zhiishiib,<<zhiishiib>>,2SgPoss,NONE,Poss,NONE,NONE,ObvSg,gizhiishiibiman,gi<<zhiishiib>>iman,JDN-2010-Nouns
NA,NA_C,zhiishiib,<<zhiishiib>>,2PlPoss,NONE,Poss,NONE,NONE,ObvSg,gizhiishiibimiwaan,gi<<zhiishiib>>imiwaan,JDN-2010-Nouns
NA,NA_C,zhiishiib,<<zhiishiib>>,3SgProxPoss,NONE,Poss,NONE,NONE,ObvSg,ozhiishiibiman,o<<zhiishiib>>iman,JDN-2010-Nouns
NA,NA_C,zhiishiib,<<zhiishiib>>,3PlProxPoss,NONE,Poss,NONE,NONE,ObvSg,ozhiishiibimiwaan,o<<zhiishiib>>imiwaan,JDN-2010-Nouns
NA,NA_C,zhiishiib,<<zhiishiib>>,3SgObvPoss,NONE,Poss,NONE,NONE,ObvSg,ozhiishiibimini,o<<zhiishiib>>iminiw1,JDN-2010-Nouns
NA,NA_C,zhiishiib,<<zhiishiib>>,3PlObvPoss,NONE,Poss,NONE,NONE,ObvSg,ozhiishiibimini,o<<zhiishiib>>iminiw1,GUESS
NA,NA_C,zhiishiib,<<zhiishiib>>,1SgPoss,NONE,Poss,NONE,NONE,ObvPl,ninzhiishiibima',ni<<zhiishiib>>ima',JDN-2010-Nouns
NA,NA_C,zhiishiib,<<zhiishiib>>,ExclPoss,NONE,Poss,NONE,NONE,ObvPl,ninzhiishiibiminaani',ni<<zhiishiib>>iminaani',JDN-2010-Nouns
NA,NA_C,zhiishiib,<<zhiishiib>>,InclPoss,NONE,Poss,NONE,NONE,ObvPl,gizhiishiibiminaani',gi<<zhiishiib>>iminaani',JDN-2010-Nouns
NA,NA_C,zhiishiib,<<zhiishiib>>,2SgPoss,NONE,Poss,NONE,NONE,ObvPl,gizhiishiibima',gi<<zhiishiib>>ima',JDN-2010-Nouns
NA,NA_C,zhiishiib,<<zhiishiib>>,2PlPoss,NONE,Poss,NONE,NONE,ObvPl,gizhiishiibimiwaa',gi<<zhiishiib>>imiwaa',JDN-2010-Nouns
NA,NA_C,zhiishiib,<<zhiishiib>>,3SgProxPoss,NONE,Poss,NONE,NONE,ObvPl,ozhiishiibima',o<<zhiishiib>>ima',JDN-2010-Nouns
NA,NA_C,zhiishiib,<<zhiishiib>>,3PlProxPoss,NONE,Poss,NONE,NONE,ObvPl,ozhiishiibimiwaa',o<<zhiishiib>>imiwaa',JDN-2010-Nouns
NA,NA_C,zhiishiib,<<zhiishiib>>,3SgObvPoss,NONE,Poss,NONE,NONE,ObvPl,ozhiishiibimini,o<<zhiishiib>>iminiw1,JDN-2010-Nouns
NA,NA_C,zhiishiib,<<zhiishiib>>,3PlObvPoss,NONE,Poss,NONE,NONE,ObvPl,ozhiishiibimini,o<<zhiishiib>>iminiw1,GUESS
NA,NA_C,zhiishiib,<<zhiishiib>>,1SgPoss,NONE,Poss,NONE,NONE,Loc,ninzhiishiibiming,ni<<zhiishiib>>iming,JDN-2010-Nouns
NA,NA_C,zhiishiib,<<zhiishiib>>,ExclPoss,NONE,Poss,NONE,NONE,Loc,ninzhiishiibiminaang,ni<<zhiishiib>>iminaang,JDN-2010-Nouns
NA,NA_C,zhiishiib,<<zhiishiib>>,InclPoss,NONE,Poss,NONE,NONE,Loc,gizhiishiibiminaang,gi<<zhiishiib>>iminaang,JDN-2010-Nouns
NA,NA_C,zhiishiib,<<zhiishiib>>,2SgPoss,NONE,Poss,NONE,NONE,Loc,gizhiishiibiming,gi<<zhiishiib>>iming,JDN-2010-Nouns
NA,NA_C,zhiishiib,<<zhiishiib>>,2PlPoss,NONE,Poss,NONE,NONE,Loc,gizhiishiib>>imiwaang,gi<<zhiishiib>>imiwaang,JDN-2010-Nouns
NA,NA_C,zhiishiib,<<zhiishiib>>,3SgProxPoss,NONE,Poss,NONE,NONE,Loc,ozhiishiibiming,o<<zhiishiib>>iming,JDN-2010-Nouns
NA,NA_C,zhiishiib,<<zhiishiib>>,3PlProxPoss,NONE,Poss,NONE,NONE,Loc,ozhiishiibimiwaang,o<<zhiishiib>>imiwaang,JDN-2010-Nouns
NA,NA_C,zhiishiib,<<zhiishiib>>,3SgObvPoss,NONE,Poss,NONE,NONE,Loc,ozhiishiibimining,o<<zhiishiib>>imining,JDN-2010-Nouns
NA,NA_C,zhiishiib,<<zhiishiib>>,3PlObvPoss,NONE,Poss,NONE,NONE,Loc,ozhiishiibimining,o<<zhiishiib>>imining,GUESS
NA,NA_C,zhiishiib,<<zhiishiib>>,1SgPoss,Dim,NONE,NONE,NONE,ProxSg,ninzhiishiibens,ni<<zhiishiib>>ens,JDN-2010-Nouns
NA,NA_C,zhiishiib,<<zhiishiib>>,ExclPoss,Dim,NONE,NONE,NONE,ProxSg,ninzhiishiibensinaan,ni<<zhiishiib>>ensinaan,JDN-2010-Nouns
NA,NA_C,zhiishiib,<<zhiishiib>>,InclPoss,Dim,NONE,NONE,NONE,ProxSg,gizhiishiibensinaan,gi<<zhiishiib>>ensinaan,JDN-2010-Nouns
NA,NA_C,zhiishiib,<<zhiishiib>>,2SgPoss,Dim,NONE,NONE,NONE,ProxSg,gizhiishiibens,gi<<zhiishiib>>ens,JDN-2010-Nouns
NA,NA_C,zhiishiib,<<zhiishiib>>,2PlPoss,Dim,NONE,NONE,NONE,ProxSg,gizhiishiibensiwaa,gi<<zhiishiib>>ensiwaa,JDN-2010-Nouns
NA,NA_C,zhiishiib,<<zhiishiib>>,1SgPoss,Dim,NONE,NONE,NONE,ProxPl,ninzhiishiibensag,ni<<zhiishiib>>ensag,JDN-2010-Nouns
NA,NA_C,zhiishiib,<<zhiishiib>>,ExclPoss,Dim,NONE,NONE,NONE,ProxPl,ninzhiishiibensinaanig,ni<<zhiishiib>>ensinaanig,JDN-2010-Nouns
NA,NA_C,zhiishiib,<<zhiishiib>>,InclPoss,Dim,NONE,NONE,NONE,ProxPl,gizhiishiibensinaanig,gi<<zhiishiib>>ensinaanig,JDN-2010-Nouns
NA,NA_C,zhiishiib,<<zhiishiib>>,2SgPoss,Dim,NONE,NONE,NONE,ProxPl,gizhiishiibensag,gi<<zhiishiib>>ensag,JDN-2010-Nouns
NA,NA_C,zhiishiib,<<zhiishiib>>,2PlPoss,Dim,NONE,NONE,NONE,ProxPl,gizhiishiibensiwaag,gi<<zhiishiib>>ensiwaag,JDN-2010-Nouns
NA,NA_C,zhiishiib,<<zhiishiib>>,1SgPoss,Dim,NONE,NONE,NONE,ObvSg,ninzhiishiibensan,ni<<zhiishiib>>ensan,JDN-2010-Nouns
NA,NA_C,zhiishiib,<<zhiishiib>>,ExclPoss,Dim,NONE,NONE,NONE,ObvSg,ninzhiishiibensinaanin,ni<<zhiishiib>>ensinaanin,JDN-2010-Nouns
NA,NA_C,zhiishiib,<<zhiishiib>>,InclPoss,Dim,NONE,NONE,NONE,ObvSg,gizhiishiibensinaanin,gi<<zhiishiib>>ensinaanin,JDN-2010-Nouns
NA,NA_C,zhiishiib,<<zhiishiib>>,2SgPoss,Dim,NONE,NONE,NONE,ObvSg,gizhiishiibensan,gi<<zhiishiib>>ensan,JDN-2010-Nouns
NA,NA_C,zhiishiib,<<zhiishiib>>,2PlPoss,Dim,NONE,NONE,NONE,ObvSg,gizhiishiibensiwaan,gi<<zhiishiib>>ensiwaan,JDN-2010-Nouns
NA,NA_C,zhiishiib,<<zhiishiib>>,3SgProxPoss,Dim,NONE,NONE,NONE,ObvSg,ozhiishiibensan,o<<zhiishiib>>ensan,JDN-2010-Nouns
NA,NA_C,zhiishiib,<<zhiishiib>>,3PlProxPoss,Dim,NONE,NONE,NONE,ObvSg,ozhiishiibensiwaan,o<<zhiishiib>>ensiwaan,JDN-2010-Nouns
NA,NA_C,zhiishiib,<<zhiishiib>>,3SgObvPoss,Dim,NONE,NONE,NONE,ObvSg,ozhiishiibensini,o<<zhiishiib>>ensiniw1,JDN-2010-Nouns
NA,NA_C,zhiishiib,<<zhiishiib>>,3PlObvPoss,Dim,NONE,NONE,NONE,ObvSg,ozhiishiibensini,o<<zhiishiib>>ensiniw1,GUESS
NA,NA_C,zhiishiib,<<zhiishiib>>,1SgPoss,Dim,NONE,NONE,NONE,ObvPl,ninzhiishiibensa',ni<<zhiishiib>>ensa',JDN-2010-Nouns
NA,NA_C,zhiishiib,<<zhiishiib>>,ExclPoss,Dim,NONE,NONE,NONE,ObvPl,ninzhiishiibensinaani',ni<<zhiishiib>>ensinaani',JDN-2010-Nouns
NA,NA_C,zhiishiib,<<zhiishiib>>,InclPoss,Dim,NONE,NONE,NONE,ObvPl,gizhiishiibensinaani',gi<<zhiishiib>>ensinaani',JDN-2010-Nouns
NA,NA_C,zhiishiib,<<zhiishiib>>,2SgPoss,Dim,NONE,NONE,NONE,ObvPl,gizhiishiibensa',gi<<zhiishiib>>ensa',JDN-2010-Nouns
NA,NA_C,zhiishiib,<<zhiishiib>>,2PlPoss,Dim,NONE,NONE,NONE,ObvPl,gizhiishiibensiwaa',gi<<zhiishiib>>ensiwaa',JDN-2010-Nouns
NA,NA_C,zhiishiib,<<zhiishiib>>,3SgProxPoss,Dim,NONE,NONE,NONE,ObvPl,ozhiishiibensa',o<<zhiishiib>>ensa',JDN-2010-Nouns
NA,NA_C,zhiishiib,<<zhiishiib>>,3PlProxPoss,Dim,NONE,NONE,NONE,ObvPl,ozhiishiibensiwaa',o<<zhiishiib>>ensiwaa',JDN-2010-Nouns
NA,NA_C,zhiishiib,<<zhiishiib>>,3SgObvPoss,Dim,NONE,NONE,NONE,ObvPl,ozhiishiibensini,o<<zhiishiib>>ensiniw1,JDN-2010-Nouns
NA,NA_C,zhiishiib,<<zhiishiib>>,3PlObvPoss,Dim,NONE,NONE,NONE,ObvPl,ozhiishiibensini,o<<zhiishiib>>ensiniw1,GUESS
NA,NA_C,zhiishiib,<<zhiishiib>>,1SgPoss,Dim,NONE,NONE,NONE,Loc,ninzhiishiibensing,ni<<zhiishiib>>ensing,JDN-2010-Nouns
NA,NA_C,zhiishiib,<<zhiishiib>>,ExclPoss,Dim,NONE,NONE,NONE,Loc,ninzhiishiibensinaang,ni<<zhiishiib>>ensinaang,JDN-2010-Nouns
NA,NA_C,zhiishiib,<<zhiishiib>>,InclPoss,Dim,NONE,NONE,NONE,Loc,gizhiishiibensinaang,gi<<zhiishiib>>ensinaang,JDN-2010-Nouns
NA,NA_C,zhiishiib,<<zhiishiib>>,2SgPoss,Dim,NONE,NONE,NONE,Loc,gizhiishiibensing,gi<<zhiishiib>>ensing,JDN-2010-Nouns
NA,NA_C,zhiishiib,<<zhiishiib>>,2PlPoss,Dim,NONE,NONE,NONE,Loc,gizhiishiibensiwaang,gi<<zhiishiib>>ensiwaang,JDN-2010-Nouns
NA,NA_C,zhiishiib,<<zhiishiib>>,3SgProxPoss,Dim,NONE,NONE,NONE,Loc,ozhiishiibensing,o<<zhiishiib>>ensing,JDN-2010-Nouns
NA,NA_C,zhiishiib,<<zhiishiib>>,3PlProxPoss,Dim,NONE,NONE,NONE,Loc,ozhiishiibensiwaang,o<<zhiishiib>>ensiwaang,JDN-2010-Nouns
NA,NA_C,zhiishiib,<<zhiishiib>>,3SgObvPoss,Dim,NONE,NONE,NONE,Loc,ozhiishiibensining,o<<zhiishiib>>ensining,JDN-2010-Nouns
NA,NA_C,zhiishiib,<<zhiishiib>>,3PlObvPoss,Dim,NONE,NONE,NONE,Loc,ozhiishiibensining,o<<zhiishiib>>ensining,GUESS
NA,NA_C,zhiishiib,<<zhiishiib>>,1SgPoss,Dim,Poss,NONE,NONE,ProxSg,ninzhiishiibensim,ni<<zhiishiib>>ensim,JDN-2010-Nouns
NA,NA_C,zhiishiib,<<zhiishiib>>,ExclPoss,Dim,Poss,NONE,NONE,ProxSg,ninzhiishiibensiminaan,ni<<zhiishiib>>ensiminaan,JDN-2010-Nouns
NA,NA_C,zhiishiib,<<zhiishiib>>,InclPoss,Dim,Poss,NONE,NONE,ProxSg,gizhiishiibensiminaan,gi<<zhiishiib>>ensiminaan,JDN-2010-Nouns
NA,NA_C,zhiishiib,<<zhiishiib>>,2SgPoss,Dim,Poss,NONE,NONE,ProxSg,gizhiishiibensiminaan,gi<<zhiishiib>>ensiminaan,JDN-2010-Nouns
NA,NA_C,zhiishiib,<<zhiishiib>>,2PlPoss,Dim,Poss,NONE,NONE,ProxSg,gizhiishiibensimiwaa,gi<<zhiishiib>>ensimiwaa,JDN-2010-Nouns
NA,NA_C,zhiishiib,<<zhiishiib>>,1SgPoss,Dim,Poss,NONE,NONE,ProxPl,ninzhiishiibensimag,ni<<zhiishiib>>ensimag,JDN-2010-Nouns
NA,NA_C,zhiishiib,<<zhiishiib>>,ExclPoss,Dim,Poss,NONE,NONE,ProxPl,ninzhiishiibensiminaanig,ni<<zhiishiib>>ensiminaanig,JDN-2010-Nouns
NA,NA_C,zhiishiib,<<zhiishiib>>,InclPoss,Dim,Poss,NONE,NONE,ProxPl,gizhiishiibensiminaanig,gi<<zhiishiib>>ensiminaanig,JDN-2010-Nouns
NA,NA_C,zhiishiib,<<zhiishiib>>,2SgPoss,Dim,Poss,NONE,NONE,ProxPl,gizhiishiibensimag,gi<<zhiishiib>>ensimag,JDN-2010-Nouns
NA,NA_C,zhiishiib,<<zhiishiib>>,2PlPoss,Dim,Poss,NONE,NONE,ProxPl,gizhiishiibensimiwaag,gi<<zhiishiib>>ensimiwaag,JDN-2010-Nouns
NA,NA_C,zhiishiib,<<zhiishiib>>,1SgPoss,Dim,Poss,NONE,NONE,ObvSg,ninzhiishiibensiman,ni<<zhiishiib>>ensiman,JDN-2010-Nouns
NA,NA_C,zhiishiib,<<zhiishiib>>,ExclPoss,Dim,Poss,NONE,NONE,ObvSg,ninzhiishiibensiminaanin,ni<<zhiishiib>>ensiminaanin,JDN-2010-Nouns
NA,NA_C,zhiishiib,<<zhiishiib>>,InclPoss,Dim,Poss,NONE,NONE,ObvSg,gizhiishiibensiminaanin,gi<<zhiishiib>>ensiminaanin,JDN-2010-Nouns
NA,NA_C,zhiishiib,<<zhiishiib>>,2SgPoss,Dim,Poss,NONE,NONE,ObvSg,gizhiishiibensiman,gi<<zhiishiib>>ensiman,JDN-2010-Nouns
NA,NA_C,zhiishiib,<<zhiishiib>>,2PlPoss,Dim,Poss,NONE,NONE,ObvSg,gizhiishiibensimiwaan,gi<<zhiishiib>>ensimiwaan,JDN-2010-Nouns
NA,NA_C,zhiishiib,<<zhiishiib>>,3SgProxPoss,Dim,Poss,NONE,NONE,ObvSg,ozhiishiibensiman,o<<zhiishiib>>ensiman,JDN-2010-Nouns
NA,NA_C,zhiishiib,<<zhiishiib>>,3PlProxPoss,Dim,Poss,NONE,NONE,ObvSg,ozhiishiibensimiwaan,o<<zhiishiib>>ensimiwaan,JDN-2010-Nouns
NA,NA_C,zhiishiib,<<zhiishiib>>,3SgObvPoss,Dim,Poss,NONE,NONE,ObvSg,ozhiishiibensimini,o<<zhiishiib>>ensiminiw1,JDN-2010-Nouns
NA,NA_C,zhiishiib,<<zhiishiib>>,3PlObvPoss,Dim,Poss,NONE,NONE,ObvSg,ozhiishiibensimini,o<<zhiishiib>>ensiminiw1,GUESS
NA,NA_C,zhiishiib,<<zhiishiib>>,1SgPoss,Dim,Poss,NONE,NONE,ObvPl,ninzhiishiibensima',ni<<zhiishiib>>ensima',JDN-2010-Nouns
NA,NA_C,zhiishiib,<<zhiishiib>>,ExclPoss,Dim,Poss,NONE,NONE,ObvPl,ninzhiishiibensiminaani',ni<<zhiishiib>>ensiminaani',JDN-2010-Nouns
NA,NA_C,zhiishiib,<<zhiishiib>>,InclPoss,Dim,Poss,NONE,NONE,ObvPl,gizhiishiibensiminaani',gi<<zhiishiib>>ensiminaani',JDN-2010-Nouns
NA,NA_C,zhiishiib,<<zhiishiib>>,2SgPoss,Dim,Poss,NONE,NONE,ObvPl,gizhiishiibensima',gi<<zhiishiib>>ensima',JDN-2010-Nouns
NA,NA_C,zhiishiib,<<zhiishiib>>,2PlPoss,Dim,Poss,NONE,NONE,ObvPl,gizhiishiibensimiwaa',gi<<zhiishiib>>ensimiwaa',JDN-2010-Nouns
NA,NA_C,zhiishiib,<<zhiishiib>>,3SgProxPoss,Dim,Poss,NONE,NONE,ObvPl,ozhiishiibensima',o<<zhiishiib>>ensima',JDN-2010-Nouns
NA,NA_C,zhiishiib,<<zhiishiib>>,3PlProxPoss,Dim,Poss,NONE,NONE,ObvPl,ozhiishiibensimiwaa',o<<zhiishiib>>ensimiwaa',JDN-2010-Nouns
NA,NA_C,zhiishiib,<<zhiishiib>>,3SgObvPoss,Dim,Poss,NONE,NONE,ObvPl,ozhiishiibensimini,o<<zhiishiib>>ensiminiw1,JDN-2010-Nouns
NA,NA_C,zhiishiib,<<zhiishiib>>,3PlObvPoss,Dim,Poss,NONE,NONE,ObvPl,ozhiishiibensimini,o<<zhiishiib>>ensiminiw1,GUESS
NA,NA_C,zhiishiib,<<zhiishiib>>,1SgPoss,Dim,Poss,NONE,NONE,Loc,ninzhiishiibensiming,ni<<zhiishiib>>ensiming,JDN-2010-Nouns
NA,NA_C,zhiishiib,<<zhiishiib>>,ExclPoss,Dim,Poss,NONE,NONE,Loc,ninzhiishiibensiminaang,ni<<zhiishiib>>ensiminaang,JDN-2010-Nouns
NA,NA_C,zhiishiib,<<zhiishiib>>,InclPoss,Dim,Poss,NONE,NONE,Loc,gizhiishiibensiminaang,gi<<zhiishiib>>ensiminaang,JDN-2010-Nouns
NA,NA_C,zhiishiib,<<zhiishiib>>,2SgPoss,Dim,Poss,NONE,NONE,Loc,gizhiishiibensiming,gi<<zhiishiib>>ensiming,JDN-2010-Nouns
NA,NA_C,zhiishiib,<<zhiishiib>>,2PlPoss,Dim,Poss,NONE,NONE,Loc,gizhiishiibensimiwaang,gi<<zhiishiib>>ensimiwaang,JDN-2010-Nouns
NA,NA_C,zhiishiib,<<zhiishiib>>,3SgProxPoss,Dim,Poss,NONE,NONE,Loc,ozhiishiibensiming,o<<zhiishiib>>ensiming,JDN-2010-Nouns
NA,NA_C,zhiishiib,<<zhiishiib>>,3PlProxPoss,Dim,Poss,NONE,NONE,Loc,ozhiishiibensimiwaang,o<<zhiishiib>>ensimiwaang,JDN-2010-Nouns
NA,NA_C,zhiishiib,<<zhiishiib>>,3SgObvPoss,Dim,Poss,NONE,NONE,Loc,ozhiishiibensimining,o<<zhiishiib>>ensimining,JDN-2010-Nouns
NA,NA_C,zhiishiib,<<zhiishiib>>,3PlObvPoss,Dim,Poss,NONE,NONE,Loc,ozhiishiibensimining,o<<zhiishiib>>ensimining,GUESS
NA,NA_C,zhiishiib,<<zhiishiib>>,1SgPoss,NONE,NONE,Pej,NONE,ProxSg,ninzhiishiibish,ni<<zhiishiib>>ish,JDN-2010-Nouns
NA,NA_C,zhiishiib,<<zhiishiib>>,ExclPoss,NONE,NONE,Pej,NONE,ProxSg,ninzhiishiibishinaan,ni<<zhiishiib>>ishinaan,JDN-2010-Nouns
NA,NA_C,zhiishiib,<<zhiishiib>>,InclPoss,NONE,NONE,Pej,NONE,ProxSg,gizhiishiibishinaan,gi<<zhiishiib>>ishinaan,JDN-2010-Nouns
NA,NA_C,zhiishiib,<<zhiishiib>>,2SgPoss,NONE,NONE,Pej,NONE,ProxSg,gizhiishiibish,gi<<zhiishiib>>ish,JDN-2010-Nouns
NA,NA_C,zhiishiib,<<zhiishiib>>,2PlPoss,NONE,NONE,Pej,NONE,ProxSg,gizhiishiibishiwaa,gi<<zhiishiib>>ishiwaa,JDN-2010-Nouns
NA,NA_C,zhiishiib,<<zhiishiib>>,1SgPoss,NONE,NONE,Pej,NONE,ProxPl,ninzhiishiibishag,ni<<zhiishiib>>ishag,JDN-2010-Nouns
NA,NA_C,zhiishiib,<<zhiishiib>>,ExclPoss,NONE,NONE,Pej,NONE,ProxPl,ninzhiishiibishinaanig,ni<<zhiishiib>>ishinaanig,JDN-2010-Nouns
NA,NA_C,zhiishiib,<<zhiishiib>>,InclPoss,NONE,NONE,Pej,NONE,ProxPl,gizhiishiibishinaanig,gi<<zhiishiib>>ishinaanig,JDN-2010-Nouns
NA,NA_C,zhiishiib,<<zhiishiib>>,2SgPoss,NONE,NONE,Pej,NONE,ProxPl,gizhiishiibishag,gi<<zhiishiib>>ishag,JDN-2010-Nouns
NA,NA_C,zhiishiib,<<zhiishiib>>,2PlPoss,NONE,NONE,Pej,NONE,ProxPl,gizhiishiibishiwaag,gi<<zhiishiib>>ishiwaag,JDN-2010-Nouns
NA,NA_C,zhiishiib,<<zhiishiib>>,1SgPoss,NONE,NONE,Pej,NONE,ObvSg,ninzhiishiibishan,ni<<zhiishiib>>ishan,JDN-2010-Nouns
NA,NA_C,zhiishiib,<<zhiishiib>>,ExclPoss,NONE,NONE,Pej,NONE,ObvSg,ninzhiishiibishinaanin,ni<<zhiishiib>>ishinaanin,JDN-2010-Nouns
NA,NA_C,zhiishiib,<<zhiishiib>>,InclPoss,NONE,NONE,Pej,NONE,ObvSg,gizhiishiibishinaanin,gi<<zhiishiib>>ishinaanin,JDN-2010-Nouns
NA,NA_C,zhiishiib,<<zhiishiib>>,2SgPoss,NONE,NONE,Pej,NONE,ObvSg,gizhiishiibishan,gi<<zhiishiib>>ishan,JDN-2010-Nouns
NA,NA_C,zhiishiib,<<zhiishiib>>,2PlPoss,NONE,NONE,Pej,NONE,ObvSg,gizhiishiibishiwaan,gi<<zhiishiib>>ishiwaan,JDN-2010-Nouns
NA,NA_C,zhiishiib,<<zhiishiib>>,3SgProxPoss,NONE,NONE,Pej,NONE,ObvSg,ozhiishiibishan,o<<zhiishiib>>ishan,JDN-2010-Nouns
NA,NA_C,zhiishiib,<<zhiishiib>>,3PlProxPoss,NONE,NONE,Pej,NONE,ObvSg,ozhiishiibishiwaan,o<<zhiishiib>>ishiwaan,JDN-2010-Nouns
NA,NA_C,zhiishiib,<<zhiishiib>>,3SgObvPoss,NONE,NONE,Pej,NONE,ObvSg,ozhiishiibishini,o<<zhiishiib>>ishiniw1,JDN-2010-Nouns
NA,NA_C,zhiishiib,<<zhiishiib>>,3PlObvPoss,NONE,NONE,Pej,NONE,ObvSg,ozhiishiibishini,o<<zhiishiib>>ishiniw1,GUESS
NA,NA_C,zhiishiib,<<zhiishiib>>,1SgPoss,NONE,NONE,Pej,NONE,ObvPl,ninzhiishiibisha',ni<<zhiishiib>>isha',JDN-2010-Nouns
NA,NA_C,zhiishiib,<<zhiishiib>>,ExclPoss,NONE,NONE,Pej,NONE,ObvPl,ninzhiishiibishinaani',ni<<zhiishiib>>ishinaani',JDN-2010-Nouns
NA,NA_C,zhiishiib,<<zhiishiib>>,InclPoss,NONE,NONE,Pej,NONE,ObvPl,gizhiishiibishinaani',gi<<zhiishiib>>ishinaani',JDN-2010-Nouns
NA,NA_C,zhiishiib,<<zhiishiib>>,2SgPoss,NONE,NONE,Pej,NONE,ObvPl,gizhiishiibisha',gi<<zhiishiib>>isha',JDN-2010-Nouns
NA,NA_C,zhiishiib,<<zhiishiib>>,2PlPoss,NONE,NONE,Pej,NONE,ObvPl,gizhiishiibishiwaa',gi<<zhiishiib>>ishiwaa',JDN-2010-Nouns
NA,NA_C,zhiishiib,<<zhiishiib>>,3SgProxPoss,NONE,NONE,Pej,NONE,ObvPl,ozhiishiibisha',o<<zhiishiib>>isha',JDN-2010-Nouns
NA,NA_C,zhiishiib,<<zhiishiib>>,3PlProxPoss,NONE,NONE,Pej,NONE,ObvPl,ozhiishiibishiwaa',o<<zhiishiib>>ishiwaa',JDN-2010-Nouns
NA,NA_C,zhiishiib,<<zhiishiib>>,3SgObvPoss,NONE,NONE,Pej,NONE,ObvPl,ozhiishiibishini,o<<zhiishiib>>ishini,JDN-2010-Nouns
NA,NA_C,zhiishiib,<<zhiishiib>>,3PlObvPoss,NONE,NONE,Pej,NONE,ObvPl,ozhiishiibishini,o<<zhiishiib>>ishini,GUESS
NA,NA_C,zhiishiib,<<zhiishiib>>,1SgPoss,NONE,NONE,Pej,NONE,Loc,ninzhiishiibishing,ni<<zhiishiib>>ishing,JDN-2010-Nouns
NA,NA_C,zhiishiib,<<zhiishiib>>,ExclPoss,NONE,NONE,Pej,NONE,Loc,ninzhiishiibishinaang,ni<<zhiishiib>>ishinaang,JDN-2010-Nouns
NA,NA_C,zhiishiib,<<zhiishiib>>,InclPoss,NONE,NONE,Pej,NONE,Loc,gizhiishiibishinaang,gi<<zhiishiib>>ishinaang,JDN-2010-Nouns
NA,NA_C,zhiishiib,<<zhiishiib>>,2SgPoss,NONE,NONE,Pej,NONE,Loc,gizhiishiibishing,gi<<zhiishiib>>ishing,JDN-2010-Nouns
NA,NA_C,zhiishiib,<<zhiishiib>>,2PlPoss,NONE,NONE,Pej,NONE,Loc,gizhiishiibishiwaang,gi<<zhiishiib>>ishiwaang,JDN-2010-Nouns
NA,NA_C,zhiishiib,<<zhiishiib>>,3SgProxPoss,NONE,NONE,Pej,NONE,Loc,ozhiishiibishing,o<<zhiishiib>>ishing,JDN-2010-Nouns
NA,NA_C,zhiishiib,<<zhiishiib>>,3PlProxPoss,NONE,NONE,Pej,NONE,Loc,ozhiishiibishiwaang,o<<zhiishiib>>ishiwaang,JDN-2010-Nouns
NA,NA_C,zhiishiib,<<zhiishiib>>,3SgObvPoss,NONE,NONE,Pej,NONE,Loc,ozhiishiibishining,o<<zhiishiib>>ishining,JDN-2010-Nouns
NA,NA_C,zhiishiib,<<zhiishiib>>,3PlObvPoss,NONE,NONE,Pej,NONE,Loc,ozhiishiibishining,o<<zhiishiib>>ishining,GUESS
NA,NA_C,zhiishiib,<<zhiishiib>>,1SgPoss,NONE,Poss,Pej,NONE,ProxSg,ninzhiishiibimish,ni<<zhiishiib>>imish,JDN-2010-Nouns
NA,NA_C,zhiishiib,<<zhiishiib>>,ExclPoss,NONE,Poss,Pej,NONE,ProxSg,ninzhiishiibimishinaan,ni<<zhiishiib>>imishinaan,JDN-2010-Nouns
NA,NA_C,zhiishiib,<<zhiishiib>>,InclPoss,NONE,Poss,Pej,NONE,ProxSg,gizhiishiibimishinaan,gi<<zhiishiib>>imishinaan,JDN-2010-Nouns
NA,NA_C,zhiishiib,<<zhiishiib>>,2SgPoss,NONE,Poss,Pej,NONE,ProxSg,gizhiishiibimishinaan,gi<<zhiishiib>>imishinaan,JDN-2010-Nouns
NA,NA_C,zhiishiib,<<zhiishiib>>,2PlPoss,NONE,Poss,Pej,NONE,ProxSg,gizhiishiibimishiwaa,gi<<zhiishiib>>imishiwaa,JDN-2010-Nouns
NA,NA_C,zhiishiib,<<zhiishiib>>,1SgPoss,NONE,Poss,Pej,NONE,ProxPl,ninzhiishiibimishag,ni<<zhiishiib>>imishag,JDN-2010-Nouns
NA,NA_C,zhiishiib,<<zhiishiib>>,ExclPoss,NONE,Poss,Pej,NONE,ProxPl,ninzhiishiibimishinaanig,ni<<zhiishiib>>imishinaanig,JDN-2010-Nouns
NA,NA_C,zhiishiib,<<zhiishiib>>,InclPoss,NONE,Poss,Pej,NONE,ProxPl,gizhiishiibimishinaanig,gi<<zhiishiib>>imishinaanig,JDN-2010-Nouns
NA,NA_C,zhiishiib,<<zhiishiib>>,2SgPoss,NONE,Poss,Pej,NONE,ProxPl,gizhiishiibimishag,gi<<zhiishiib>>imishag,JDN-2010-Nouns
NA,NA_C,zhiishiib,<<zhiishiib>>,2PlPoss,NONE,Poss,Pej,NONE,ProxPl,gizhiishiibimishiwaag,gi<<zhiishiib>>imishiwaag,JDN-2010-Nouns
NA,NA_C,zhiishiib,<<zhiishiib>>,1SgPoss,NONE,Poss,Pej,NONE,ObvSg,ninzhiishiibimishan,ni<<zhiishiib>>imishan,JDN-2010-Nouns
NA,NA_C,zhiishiib,<<zhiishiib>>,ExclPoss,NONE,Poss,Pej,NONE,ObvSg,ninzhiishiibimishinaanin,ni<<zhiishiib>>imishinaanin,JDN-2010-Nouns
NA,NA_C,zhiishiib,<<zhiishiib>>,InclPoss,NONE,Poss,Pej,NONE,ObvSg,gizhiishiibimishinaanin,gi<<zhiishiib>>imishinaanin,JDN-2010-Nouns
NA,NA_C,zhiishiib,<<zhiishiib>>,2SgPoss,NONE,Poss,Pej,NONE,ObvSg,gizhiishiibimishan,gi<<zhiishiib>>imishan,JDN-2010-Nouns
NA,NA_C,zhiishiib,<<zhiishiib>>,2PlPoss,NONE,Poss,Pej,NONE,ObvSg,gizhiishiibimishiwaan,gi<<zhiishiib>>imishiwaan,JDN-2010-Nouns
NA,NA_C,zhiishiib,<<zhiishiib>>,3SgProxPoss,NONE,Poss,Pej,NONE,ObvSg,ozhiishiibimishan,o<<zhiishiib>>imishan,JDN-2010-Nouns
NA,NA_C,zhiishiib,<<zhiishiib>>,3PlProxPoss,NONE,Poss,Pej,NONE,ObvSg,ozhiishiibimishiwaan,o<<zhiishiib>>imishiwaan,JDN-2010-Nouns
NA,NA_C,zhiishiib,<<zhiishiib>>,3SgObvPoss,NONE,Poss,Pej,NONE,ObvSg,ozhiishiibimishini,o<<zhiishiib>>imishiniw1,JDN-2010-Nouns
NA,NA_C,zhiishiib,<<zhiishiib>>,3PlObvPoss,NONE,Poss,Pej,NONE,ObvSg,ozhiishiibimishini,o<<zhiishiib>>imishiniw1,GUESS
NA,NA_C,zhiishiib,<<zhiishiib>>,1SgPoss,NONE,Poss,Pej,NONE,ObvPl,ninzhiishiibimisha',ni<<zhiishiib>>imisha',JDN-2010-Nouns
NA,NA_C,zhiishiib,<<zhiishiib>>,ExclPoss,NONE,Poss,Pej,NONE,ObvPl,ninzhiishiibimishinaani',ni<<zhiishiib>>imishinaani',JDN-2010-Nouns
NA,NA_C,zhiishiib,<<zhiishiib>>,InclPoss,NONE,Poss,Pej,NONE,ObvPl,gizhiishiibimishinaani',gi<<zhiishiib>>imishinaani',JDN-2010-Nouns
NA,NA_C,zhiishiib,<<zhiishiib>>,2SgPoss,NONE,Poss,Pej,NONE,ObvPl,gizhiishiibimisha',gi<<zhiishiib>>imisha',JDN-2010-Nouns
NA,NA_C,zhiishiib,<<zhiishiib>>,2PlPoss,NONE,Poss,Pej,NONE,ObvPl,gizhiishiibimishiwaa',gi<<zhiishiib>>imishiwaa',JDN-2010-Nouns
NA,NA_C,zhiishiib,<<zhiishiib>>,3SgProxPoss,NONE,Poss,Pej,NONE,ObvPl,ozhiishiibimisha',o<<zhiishiib>>imisha',JDN-2010-Nouns
NA,NA_C,zhiishiib,<<zhiishiib>>,3PlProxPoss,NONE,Poss,Pej,NONE,ObvPl,ozhiishiibimishiwaa',o<<zhiishiib>>imishiwaa',JDN-2010-Nouns
NA,NA_C,zhiishiib,<<zhiishiib>>,3SgObvPoss,NONE,Poss,Pej,NONE,ObvPl,ozhiishiibimishini,o<<zhiishiib>>imishiniw1,JDN-2010-Nouns
NA,NA_C,zhiishiib,<<zhiishiib>>,3PlObvPoss,NONE,Poss,Pej,NONE,ObvPl,ozhiishiibimishini,o<<zhiishiib>>imishiniw1,GUESS
NA,NA_C,zhiishiib,<<zhiishiib>>,1SgPoss,NONE,Poss,Pej,NONE,Loc,ninzhiishiibimishing,ni<<zhiishiib>>imishing,JDN-2010-Nouns
NA,NA_C,zhiishiib,<<zhiishiib>>,ExclPoss,NONE,Poss,Pej,NONE,Loc,ninzhiishiibimishinaang,ni<<zhiishiib>>imishinaang,JDN-2010-Nouns
NA,NA_C,zhiishiib,<<zhiishiib>>,InclPoss,NONE,Poss,Pej,NONE,Loc,gizhiishiibimishinaang,gi<<zhiishiib>>imishinaang,JDN-2010-Nouns
NA,NA_C,zhiishiib,<<zhiishiib>>,2SgPoss,NONE,Poss,Pej,NONE,Loc,gizhiishiibimishing,gi<<zhiishiib>>imishing,JDN-2010-Nouns
NA,NA_C,zhiishiib,<<zhiishiib>>,2PlPoss,NONE,Poss,Pej,NONE,Loc,gizhiishiibimiwaang,gi<<zhiishiib>>imiwaang,JDN-2010-Nouns
NA,NA_C,zhiishiib,<<zhiishiib>>,3SgProxPoss,NONE,Poss,Pej,NONE,Loc,ozhiishiibimishing,o<<zhiishiib>>imishing,JDN-2010-Nouns
NA,NA_C,zhiishiib,<<zhiishiib>>,3PlProxPoss,NONE,Poss,Pej,NONE,Loc,ozhiishiibimishiwaang,o<<zhiishiib>>imishiwaang,JDN-2010-Nouns
NA,NA_C,zhiishiib,<<zhiishiib>>,3SgObvPoss,NONE,Poss,Pej,NONE,Loc,ozhiishiibimishining,o<<zhiishiib>>imishining,JDN-2010-Nouns
NA,NA_C,zhiishiib,<<zhiishiib>>,3PlObvPoss,NONE,Poss,Pej,NONE,Loc,ozhiishiibimishining,o<<zhiishiib>>imishining,GUESS
NA,NA_C,zhiishiib,<<zhiishiib>>,1SgPoss,NONE,NONE,NONE,Pret,ProxSg,ninzhiishiibiban,ni<<zhiishiib>>iban,JDN-2010-Nouns
NA,NA_C,zhiishiib,<<zhiishiib>>,ExclPoss,NONE,NONE,NONE,Pret,ProxSg,ninzhiishiibinaaban,ni<<zhiishiib>>inaaban,JDN-2010-Nouns
NA,NA_C,zhiishiib,<<zhiishiib>>,InclPoss,NONE,NONE,NONE,Pret,ProxSg,gizhiishiibinaaban,gi<<zhiishiib>>inaaban,JDN-2010-Nouns
NA,NA_C,zhiishiib,<<zhiishiib>>,2SgPoss,NONE,NONE,NONE,Pret,ProxSg,gizhiishiibiban,gi<<zhiishiib>>iban,JDN-2010-Nouns
NA,NA_C,zhiishiib,<<zhiishiib>>,2PlPoss,NONE,NONE,NONE,Pret,ProxSg,gizhiishiibiwaaban,gi<<zhiishiib>>iwaaban,JDN-2010-Nouns
NA,NA_C,zhiishiib,<<zhiishiib>>,1SgPoss,NONE,NONE,NONE,Pret,ProxPl,ninzhiishiibibaniig,ni<<zhiishiib>>ibaniig,JDN-2010-Nouns
NA,NA_C,zhiishiib,<<zhiishiib>>,ExclPoss,NONE,NONE,NONE,Pret,ProxPl,ninzhiishiibinaabaniig,ni<<zhiishiib>>inaabaniig,JDN-2010-Nouns
NA,NA_C,zhiishiib,<<zhiishiib>>,InclPoss,NONE,NONE,NONE,Pret,ProxPl,gizhiishiibinaabaniig,gi<<zhiishiib>>inaabaniig,JDN-2010-Nouns
NA,NA_C,zhiishiib,<<zhiishiib>>,2SgPoss,NONE,NONE,NONE,Pret,ProxPl,gizhiishiibibaniig,gi<<zhiishiib>>ibaniig,JDN-2010-Nouns
NA,NA_C,zhiishiib,<<zhiishiib>>,2PlPoss,NONE,NONE,NONE,Pret,ProxPl,gizhiishiibiwaabaniig,gi<<zhiishiib>>iwaabaniig,JDN-2010-Nouns
NA,NA_C,zhiishiib,<<zhiishiib>>,1SgPoss,NONE,NONE,NONE,Pret,ObvSg,ninzhiishiibibaniin,ni<<zhiishiib>>ibaniin,JDN-2010-Nouns
NA,NA_C,zhiishiib,<<zhiishiib>>,ExclPoss,NONE,NONE,NONE,Pret,ObvSg,ninzhiishiibinaabaniin,ni<<zhiishiib>>inaabaniin,JDN-2010-Nouns
NA,NA_C,zhiishiib,<<zhiishiib>>,InclPoss,NONE,NONE,NONE,Pret,ObvSg,gizhiishiibinaabaniin,gi<<zhiishiib>>inaabaniin,JDN-2010-Nouns
NA,NA_C,zhiishiib,<<zhiishiib>>,2SgPoss,NONE,NONE,NONE,Pret,ObvSg,gizhiishiibibaniin,gi<<zhiishiib>>ibaniin,JDN-2010-Nouns
NA,NA_C,zhiishiib,<<zhiishiib>>,2PlPoss,NONE,NONE,NONE,Pret,ObvSg,gizhiishiibiwaabaniin,gi<<zhiishiib>>iwaabaniin,JDN-2010-Nouns
NA,NA_C,zhiishiib,<<zhiishiib>>,3SgProxPoss,NONE,NONE,NONE,Pret,ObvSg,ozhiishiibibaniin,o<<zhiishiib>>ibaniin,JDN-2010-Nouns
NA,NA_C,zhiishiib,<<zhiishiib>>,3PlProxPoss,NONE,NONE,NONE,Pret,ObvSg,ozhiishiibiwaabaniin,o<<zhiishiib>>iwaabaniin,JDN-2010-Nouns
NA,NA_C,zhiishiib,<<zhiishiib>>,3SgObvPoss,NONE,NONE,NONE,Pret,ObvSg,ozhiishiibiniban,o<<zhiishiib>>iniban,JDN-2010-Nouns
NA,NA_C,zhiishiib,<<zhiishiib>>,3PlObvPoss,NONE,NONE,NONE,Pret,ObvSg,ozhiishiibiniban,o<<zhiishiib>>iniban,GUESS
NA,NA_C,zhiishiib,<<zhiishiib>>,1SgPoss,NONE,NONE,NONE,Pret,ObvPl,ninzhiishiibibanii',ni<<zhiishiib>>ibanii',JDN-2010-Nouns
NA,NA_C,zhiishiib,<<zhiishiib>>,ExclPoss,NONE,NONE,NONE,Pret,ObvPl,ninzhiishiibinaabanii',ni<<zhiishiib>>inaabanii',JDN-2010-Nouns
NA,NA_C,zhiishiib,<<zhiishiib>>,InclPoss,NONE,NONE,NONE,Pret,ObvPl,gizhiishiibinaabanii',gi<<zhiishiib>>inaabanii',JDN-2010-Nouns
NA,NA_C,zhiishiib,<<zhiishiib>>,2SgPoss,NONE,NONE,NONE,Pret,ObvPl,gizhiishiibibanii',gi<<zhiishiib>>ibanii',JDN-2010-Nouns
NA,NA_C,zhiishiib,<<zhiishiib>>,2PlPoss,NONE,NONE,NONE,Pret,ObvPl,gizhiishiibiwaabanii',gi<<zhiishiib>>iwaabanii',JDN-2010-Nouns
NA,NA_C,zhiishiib,<<zhiishiib>>,3SgProxPoss,NONE,NONE,NONE,Pret,ObvPl,ozhiishiibibanii',o<<zhiishiib>>ibanii',JDN-2010-Nouns
NA,NA_C,zhiishiib,<<zhiishiib>>,3PlProxPoss,NONE,NONE,NONE,Pret,ObvPl,ozhiishiibiwaabanii',o<<zhiishiib>>iwaabanii',JDN-2010-Nouns
NA,NA_C,zhiishiib,<<zhiishiib>>,3SgObvPoss,NONE,NONE,NONE,Pret,ObvPl,ozhiishiibiniban,o<<zhiishiib>>iniban,JDN-2010-Nouns
NA,NA_C,zhiishiib,<<zhiishiib>>,3PlObvPoss,NONE,NONE,NONE,Pret,ObvPl,ozhiishiibiniban,o<<zhiishiib>>iniban,GUESS
NA,NA_C,zhiishiib,<<zhiishiib>>,1SgPoss,NONE,Poss,NONE,Pret,ProxSg,ninzhiishiibimiban,ni<<zhiishiib>>imiban,JDN-2010-Nouns
NA,NA_C,zhiishiib,<<zhiishiib>>,ExclPoss,NONE,Poss,NONE,Pret,ProxSg,ninzhiishiibiminaaban,ni<<zhiishiib>>iminaaban,JDN-2010-Nouns
NA,NA_C,zhiishiib,<<zhiishiib>>,InclPoss,NONE,Poss,NONE,Pret,ProxSg,gizhiishiibiminaaban,gi<<zhiishiib>>iminaaban,JDN-2010-Nouns
NA,NA_C,zhiishiib,<<zhiishiib>>,2SgPoss,NONE,Poss,NONE,Pret,ProxSg,gizhiishiibimiban,gi<<zhiishiib>>imiban,JDN-2010-Nouns
NA,NA_C,zhiishiib,<<zhiishiib>>,2PlPoss,NONE,Poss,NONE,Pret,ProxSg,gizhiishiibimiwaaban,gi<<zhiishiib>>imiwaaban,JDN-2010-Nouns
NA,NA_C,zhiishiib,<<zhiishiib>>,1SgPoss,NONE,Poss,NONE,Pret,ProxPl,ninzhiishiibimibaniig,ni<<zhiishiib>>imibaniig,JDN-2010-Nouns
NA,NA_C,zhiishiib,<<zhiishiib>>,ExclPoss,NONE,Poss,NONE,Pret,ProxPl,ninzhiishiibiminaabaniig,ni<<zhiishiib>>iminaabaniig,JDN-2010-Nouns
NA,NA_C,zhiishiib,<<zhiishiib>>,InclPoss,NONE,Poss,NONE,Pret,ProxPl,gizhiishiibiminaabaniig,gi<<zhiishiib>>iminaabaniig,JDN-2010-Nouns
NA,NA_C,zhiishiib,<<zhiishiib>>,2SgPoss,NONE,Poss,NONE,Pret,ProxPl,gizhiishiibimibaniig,gi<<zhiishiib>>imibaniig,JDN-2010-Nouns
NA,NA_C,zhiishiib,<<zhiishiib>>,2PlPoss,NONE,Poss,NONE,Pret,ProxPl,gizhiishiibimiwaabaniig,gi<<zhiishiib>>imiwaabaniig,JDN-2010-Nouns
NA,NA_C,zhiishiib,<<zhiishiib>>,1SgPoss,NONE,Poss,NONE,Pret,ObvSg,ninzhiishiibimibaniin,ni<<zhiishiib>>imibaniin,JDN-2010-Nouns
NA,NA_C,zhiishiib,<<zhiishiib>>,ExclPoss,NONE,Poss,NONE,Pret,ObvSg,ninzhiishiibiminaabaniin,ni<<zhiishiib>>iminaabaniin,JDN-2010-Nouns
NA,NA_C,zhiishiib,<<zhiishiib>>,InclPoss,NONE,Poss,NONE,Pret,ObvSg,gizhiishiibiminaabaniin,gi<<zhiishiib>>iminaabaniin,JDN-2010-Nouns
NA,NA_C,zhiishiib,<<zhiishiib>>,2SgPoss,NONE,Poss,NONE,Pret,ObvSg,gizhiishiibimibaniin,gi<<zhiishiib>>imibaniin,JDN-2010-Nouns
NA,NA_C,zhiishiib,<<zhiishiib>>,2PlPoss,NONE,Poss,NONE,Pret,ObvSg,gizhiishiibimiwaabaniin,gi<<zhiishiib>>imiwaabaniin,JDN-2010-Nouns
NA,NA_C,zhiishiib,<<zhiishiib>>,3SgProxPoss,NONE,Poss,NONE,Pret,ObvSg,ozhiishiibimibaniin,o<<zhiishiib>>imibaniin,JDN-2010-Nouns
NA,NA_C,zhiishiib,<<zhiishiib>>,3PlProxPoss,NONE,Poss,NONE,Pret,ObvSg,ozhiishiibimiwaabaniin,o<<zhiishiib>>imiwaabaniin,JDN-2010-Nouns
NA,NA_C,zhiishiib,<<zhiishiib>>,3SgObvPoss,NONE,Poss,NONE,Pret,ObvSg,ozhiishiibiminiban,o<<zhiishiib>>iminiban,JDN-2010-Nouns
NA,NA_C,zhiishiib,<<zhiishiib>>,3PlObvPoss,NONE,Poss,NONE,Pret,ObvSg,ozhiishiibiminiban,o<<zhiishiib>>iminiban,GUESS
NA,NA_C,zhiishiib,<<zhiishiib>>,1SgPoss,NONE,Poss,NONE,Pret,ObvPl,ninzhiishiibimibanii',ni<<zhiishiib>>imibanii',JDN-2010-Nouns
NA,NA_C,zhiishiib,<<zhiishiib>>,ExclPoss,NONE,Poss,NONE,Pret,ObvPl,ninzhiishiibiminaabanii',ni<<zhiishiib>>iminaabanii',JDN-2010-Nouns
NA,NA_C,zhiishiib,<<zhiishiib>>,InclPoss,NONE,Poss,NONE,Pret,ObvPl,gizhiishiibiminaabanii',gi<<zhiishiib>>iminaabanii',JDN-2010-Nouns
NA,NA_C,zhiishiib,<<zhiishiib>>,2SgPoss,NONE,Poss,NONE,Pret,ObvPl,gizhiishiibimibanii',gi<<zhiishiib>>imibanii',JDN-2010-Nouns
NA,NA_C,zhiishiib,<<zhiishiib>>,2PlPoss,NONE,Poss,NONE,Pret,ObvPl,gizhiishiibimiwaabanii',gi<<zhiishiib>>imiwaabanii',JDN-2010-Nouns
NA,NA_C,zhiishiib,<<zhiishiib>>,3SgProxPoss,NONE,Poss,NONE,Pret,ObvPl,ozhiishiibimibanii',o<<zhiishiib>>imibanii',JDN-2010-Nouns
NA,NA_C,zhiishiib,<<zhiishiib>>,3PlProxPoss,NONE,Poss,NONE,Pret,ObvPl,ozhiishiibimiwaabanii',o<<zhiishiib>>imiwaabanii',JDN-2010-Nouns
NA,NA_C,zhiishiib,<<zhiishiib>>,3SgObvPoss,NONE,Poss,NONE,Pret,ObvPl,ozhiishiibiminiban,o<<zhiishiib>>iminiban,JDN-2010-Nouns
NA,NA_C,zhiishiib,<<zhiishiib>>,3PlObvPoss,NONE,Poss,NONE,Pret,ObvPl,ozhiishiibiminiban,o<<zhiishiib>>iminiban,GUESS
NA,NA_C,zhiishiib,<<zhiishiib>>,1SgPoss,Dim,NONE,NONE,Pret,ProxSg,ninzhiishiibensiban,ni<<zhiishiib>>ensiban,JDN-2010-Nouns
NA,NA_C,zhiishiib,<<zhiishiib>>,ExclPoss,Dim,NONE,NONE,Pret,ProxSg,ninzhiishiibensinaaban,ni<<zhiishiib>>ensinaaban,JDN-2010-Nouns
NA,NA_C,zhiishiib,<<zhiishiib>>,InclPoss,Dim,NONE,NONE,Pret,ProxSg,gizhiishiibensinaaban,gi<<zhiishiib>>ensinaaban,JDN-2010-Nouns
NA,NA_C,zhiishiib,<<zhiishiib>>,2SgPoss,Dim,NONE,NONE,Pret,ProxSg,gizhiishiibensiban,gi<<zhiishiib>>ensiban,JDN-2010-Nouns
NA,NA_C,zhiishiib,<<zhiishiib>>,2PlPoss,Dim,NONE,NONE,Pret,ProxSg,gizhiishiibensiwaaban,gi<<zhiishiib>>ensiwaaban,JDN-2010-Nouns
NA,NA_C,zhiishiib,<<zhiishiib>>,1SgPoss,Dim,NONE,NONE,Pret,ProxPl,ninzhiishiibensibaniig,ni<<zhiishiib>>ensibaniig,JDN-2010-Nouns
NA,NA_C,zhiishiib,<<zhiishiib>>,ExclPoss,Dim,NONE,NONE,Pret,ProxPl,ninzhiishiibensinaabaniig,ni<<zhiishiib>>ensinaabaniig,JDN-2010-Nouns
NA,NA_C,zhiishiib,<<zhiishiib>>,InclPoss,Dim,NONE,NONE,Pret,ProxPl,gizhiishiibensinaabaniig,gi<<zhiishiib>>ensinaabaniig,JDN-2010-Nouns
NA,NA_C,zhiishiib,<<zhiishiib>>,2SgPoss,Dim,NONE,NONE,Pret,ProxPl,gizhiishiibensibaniig,gi<<zhiishiib>>ensibaniig,JDN-2010-Nouns
NA,NA_C,zhiishiib,<<zhiishiib>>,2PlPoss,Dim,NONE,NONE,Pret,ProxPl,gizhiishiibensiwaabaniig,gi<<zhiishiib>>ensiwaabaniig,JDN-2010-Nouns
NA,NA_C,zhiishiib,<<zhiishiib>>,1SgPoss,Dim,NONE,NONE,Pret,ObvSg,ninzhiishiibensibaniin,ni<<zhiishiib>>ensibaniin,JDN-2010-Nouns
NA,NA_C,zhiishiib,<<zhiishiib>>,ExclPoss,Dim,NONE,NONE,Pret,ObvSg,ninzhiishiibensinaabaniin,ni<<zhiishiib>>ensinaabaniin,JDN-2010-Nouns
NA,NA_C,zhiishiib,<<zhiishiib>>,InclPoss,Dim,NONE,NONE,Pret,ObvSg,gizhiishiibensinaabaniin,gi<<zhiishiib>>ensinaabaniin,JDN-2010-Nouns
NA,NA_C,zhiishiib,<<zhiishiib>>,2SgPoss,Dim,NONE,NONE,Pret,ObvSg,gizhiishiibensibaniin,gi<<zhiishiib>>ensibaniin,JDN-2010-Nouns
NA,NA_C,zhiishiib,<<zhiishiib>>,2PlPoss,Dim,NONE,NONE,Pret,ObvSg,gizhiishiibensiwaabaniin,gi<<zhiishiib>>ensiwaabaniin,JDN-2010-Nouns
NA,NA_C,zhiishiib,<<zhiishiib>>,3SgProxPoss,Dim,NONE,NONE,Pret,ObvSg,ozhiishiibensibaniin,o<<zhiishiib>>ensibaniin,JDN-2010-Nouns
NA,NA_C,zhiishiib,<<zhiishiib>>,3PlProxPoss,Dim,NONE,NONE,Pret,ObvSg,ozhiishiibensiwaabaniin,o<<zhiishiib>>ensiwaabaniin,JDN-2010-Nouns
NA,NA_C,zhiishiib,<<zhiishiib>>,3SgObvPoss,Dim,NONE,NONE,Pret,ObvSg,ozhiishiibensiniban,o<<zhiishiib>>ensiniban,JDN-2010-Nouns
NA,NA_C,zhiishiib,<<zhiishiib>>,3PlObvPoss,Dim,NONE,NONE,Pret,ObvSg,ozhiishiibensiniban,o<<zhiishiib>>ensiniban,GUESS
NA,NA_C,zhiishiib,<<zhiishiib>>,1SgPoss,Dim,NONE,NONE,Pret,ObvPl,ninzhiishiibensibanii',ni<<zhiishiib>>ensibanii',JDN-2010-Nouns
NA,NA_C,zhiishiib,<<zhiishiib>>,ExclPoss,Dim,NONE,NONE,Pret,ObvPl,ninzhiishiibensinaabanii',ni<<zhiishiib>>ensinaabanii',JDN-2010-Nouns
NA,NA_C,zhiishiib,<<zhiishiib>>,InclPoss,Dim,NONE,NONE,Pret,ObvPl,gizhiishiibensinaabanii',gi<<zhiishiib>>ensinaabanii',JDN-2010-Nouns
NA,NA_C,zhiishiib,<<zhiishiib>>,2SgPoss,Dim,NONE,NONE,Pret,ObvPl,gizhiishiibensibanii',gi<<zhiishiib>>ensibanii',JDN-2010-Nouns
NA,NA_C,zhiishiib,<<zhiishiib>>,2PlPoss,Dim,NONE,NONE,Pret,ObvPl,gizhiishiibensiwaabanii',gi<<zhiishiib>>ensiwaabanii',JDN-2010-Nouns
NA,NA_C,zhiishiib,<<zhiishiib>>,3SgProxPoss,Dim,NONE,NONE,Pret,ObvPl,ozhiishiibensibanii',o<<zhiishiib>>ensibanii',JDN-2010-Nouns
NA,NA_C,zhiishiib,<<zhiishiib>>,3PlProxPoss,Dim,NONE,NONE,Pret,ObvPl,ozhiishiibensiwaabanii',o<<zhiishiib>>ensiwaabanii',JDN-2010-Nouns
NA,NA_C,zhiishiib,<<zhiishiib>>,3SgObvPoss,Dim,NONE,NONE,Pret,ObvPl,ozhiishiibensiniban,o<<zhiishiib>>ensiniban,JDN-2010-Nouns
NA,NA_C,zhiishiib,<<zhiishiib>>,3PlObvPoss,Dim,NONE,NONE,Pret,ObvPl,ozhiishiibensiniban,o<<zhiishiib>>ensiniban,GUESS
NA,NA_C,zhiishiib,<<zhiishiib>>,1SgPoss,Dim,Poss,NONE,Pret,ProxSg,ninzhiishiibensimiban,ni<<zhiishiib>>ensimiban,JDN-2010-Nouns
NA,NA_C,zhiishiib,<<zhiishiib>>,ExclPoss,Dim,Poss,NONE,Pret,ProxSg,ninzhiishiibensiminaaban,ni<<zhiishiib>>ensiminaaban,JDN-2010-Nouns
NA,NA_C,zhiishiib,<<zhiishiib>>,InclPoss,Dim,Poss,NONE,Pret,ProxSg,gizhiishiibensiminaaban,gi<<zhiishiib>>ensiminaaban,JDN-2010-Nouns
NA,NA_C,zhiishiib,<<zhiishiib>>,2SgPoss,Dim,Poss,NONE,Pret,ProxSg,gizhiishiibensimiban,gi<<zhiishiib>>ensimiban,JDN-2010-Nouns
NA,NA_C,zhiishiib,<<zhiishiib>>,2PlPoss,Dim,Poss,NONE,Pret,ProxSg,gizhiishiibensimiwaaban,gi<<zhiishiib>>ensimiwaaban,JDN-2010-Nouns
NA,NA_C,zhiishiib,<<zhiishiib>>,1SgPoss,Dim,Poss,NONE,Pret,ProxPl,ninzhiishiibensimibaniig,ni<<zhiishiib>>ensimibaniig,JDN-2010-Nouns
NA,NA_C,zhiishiib,<<zhiishiib>>,ExclPoss,Dim,Poss,NONE,Pret,ProxPl,ninzhiishiibensiminaabaniig,ni<<zhiishiib>>ensiminaabaniig,JDN-2010-Nouns
NA,NA_C,zhiishiib,<<zhiishiib>>,InclPoss,Dim,Poss,NONE,Pret,ProxPl,gizhiishiibensiminaabaniig,gi<<zhiishiib>>ensiminaabaniig,JDN-2010-Nouns
NA,NA_C,zhiishiib,<<zhiishiib>>,2SgPoss,Dim,Poss,NONE,Pret,ProxPl,gizhiishiibensimibaniig,gi<<zhiishiib>>ensimibaniig,JDN-2010-Nouns
NA,NA_C,zhiishiib,<<zhiishiib>>,2PlPoss,Dim,Poss,NONE,Pret,ProxPl,gizhiishiibensimiwaabaniig,gi<<zhiishiib>>ensimiwaabaniig,JDN-2010-Nouns
NA,NA_C,zhiishiib,<<zhiishiib>>,1SgPoss,Dim,Poss,NONE,Pret,ObvSg,ninzhiishiibensimibaniin,ni<<zhiishiib>>ensimibaniin,JDN-2010-Nouns
NA,NA_C,zhiishiib,<<zhiishiib>>,ExclPoss,Dim,Poss,NONE,Pret,ObvSg,ninzhiishiibensiminaabaniin,ni<<zhiishiib>>ensiminaabaniin,JDN-2010-Nouns
NA,NA_C,zhiishiib,<<zhiishiib>>,InclPoss,Dim,Poss,NONE,Pret,ObvSg,gizhiishiibensiminaabaniin,gi<<zhiishiib>>ensiminaabaniin,JDN-2010-Nouns
NA,NA_C,zhiishiib,<<zhiishiib>>,2SgPoss,Dim,Poss,NONE,Pret,ObvSg,gizhiishiibensimibaniin,gi<<zhiishiib>>ensimibaniin,JDN-2010-Nouns
NA,NA_C,zhiishiib,<<zhiishiib>>,2PlPoss,Dim,Poss,NONE,Pret,ObvSg,gizhiishiibensimiwaabaniin,gi<<zhiishiib>>ensimiwaabaniin,JDN-2010-Nouns
NA,NA_C,zhiishiib,<<zhiishiib>>,3SgProxPoss,Dim,Poss,NONE,Pret,ObvSg,ozhiishiibensimibaniin,o<<zhiishiib>>ensimibaniin,JDN-2010-Nouns
NA,NA_C,zhiishiib,<<zhiishiib>>,3PlProxPoss,Dim,Poss,NONE,Pret,ObvSg,ozhiishiibensimiwaabaniin,o<<zhiishiib>>ensimiwaabaniin,JDN-2010-Nouns
NA,NA_C,zhiishiib,<<zhiishiib>>,3SgObvPoss,Dim,Poss,NONE,Pret,ObvSg,ozhiishiibensiminiban,o<<zhiishiib>>ensiminiban,JDN-2010-Nouns
NA,NA_C,zhiishiib,<<zhiishiib>>,3PlObvPoss,Dim,Poss,NONE,Pret,ObvSg,ozhiishiibensiminiban,o<<zhiishiib>>ensiminiban,GUESS
NA,NA_C,zhiishiib,<<zhiishiib>>,1SgPoss,Dim,Poss,NONE,Pret,ObvPl,ninzhiishiibensimibanii',ni<<zhiishiib>>ensimibanii',JDN-2010-Nouns
NA,NA_C,zhiishiib,<<zhiishiib>>,ExclPoss,Dim,Poss,NONE,Pret,ObvPl,ninzhiishiibensiminaabanii',ni<<zhiishiib>>ensiminaabanii',JDN-2010-Nouns
NA,NA_C,zhiishiib,<<zhiishiib>>,InclPoss,Dim,Poss,NONE,Pret,ObvPl,gizhiishiibensiminaabanii',gi<<zhiishiib>>ensiminaabanii',JDN-2010-Nouns
NA,NA_C,zhiishiib,<<zhiishiib>>,2SgPoss,Dim,Poss,NONE,Pret,ObvPl,gizhiishiibensimibanii',gi<<zhiishiib>>ensimibanii',JDN-2010-Nouns
NA,NA_C,zhiishiib,<<zhiishiib>>,2PlPoss,Dim,Poss,NONE,Pret,ObvPl,gizhiishiibensimiwaabanii',gi<<zhiishiib>>ensimiwaabanii',JDN-2010-Nouns
NA,NA_C,zhiishiib,<<zhiishiib>>,3SgProxPoss,Dim,Poss,NONE,Pret,ObvPl,ozhiishiibensimibanii',o<<zhiishiib>>ensimibanii',JDN-2010-Nouns
NA,NA_C,zhiishiib,<<zhiishiib>>,3PlProxPoss,Dim,Poss,NONE,Pret,ObvPl,ozhiishiibensimiwaabanii',o<<zhiishiib>>ensimiwaabanii',JDN-2010-Nouns
NA,NA_C,zhiishiib,<<zhiishiib>>,3SgObvPoss,Dim,Poss,NONE,Pret,ObvPl,ozhiishiibensiminiban,o<<zhiishiib>>ensiminiban,JDN-2010-Nouns
NA,NA_C,zhiishiib,<<zhiishiib>>,3PlObvPoss,Dim,Poss,NONE,Pret,ObvPl,ozhiishiibensiminiban,o<<zhiishiib>>ensiminiban,GUESS
NA,NA_C,zhiishiib,<<zhiishiib>>,1SgPoss,Dim,NONE,Pej,NONE,ProxSg,ninzhiishiibenzhish,ni<<zhiishiib>>enzhish,JDN-2010-Nouns
NA,NA_C,zhiishiib,<<zhiishiib>>,ExclPoss,Dim,NONE,Pej,NONE,ProxSg,ninzhiishiibenzhishinaan,ni<<zhiishiib>>enzhishinaan,JDN-2010-Nouns
NA,NA_C,zhiishiib,<<zhiishiib>>,InclPoss,Dim,NONE,Pej,NONE,ProxSg,gizhiishiibenzhishinaan,gi<<zhiishiib>>enzhishinaan,JDN-2010-Nouns
NA,NA_C,zhiishiib,<<zhiishiib>>,2SgPoss,Dim,NONE,Pej,NONE,ProxSg,gizhiishiibenzhish,gi<<zhiishiib>>enzhish,JDN-2010-Nouns
NA,NA_C,zhiishiib,<<zhiishiib>>,2PlPoss,Dim,NONE,Pej,NONE,ProxSg,gizhiishiibenzhishiwaa,gi<<zhiishiib>>enzhishiwaa,JDN-2010-Nouns
NA,NA_C,zhiishiib,<<zhiishiib>>,1SgPoss,Dim,NONE,Pej,NONE,ProxPl,ninzhiishiibenzhishag,ni<<zhiishiib>>enzhishag,JDN-2010-Nouns
NA,NA_C,zhiishiib,<<zhiishiib>>,ExclPoss,Dim,NONE,Pej,NONE,ProxPl,ninzhiishiibenzhishinaanig,ni<<zhiishiib>>enzhishinaanig,JDN-2010-Nouns
NA,NA_C,zhiishiib,<<zhiishiib>>,InclPoss,Dim,NONE,Pej,NONE,ProxPl,gizhiishiibenzhishinaanig,gi<<zhiishiib>>enzhishinaanig,JDN-2010-Nouns
NA,NA_C,zhiishiib,<<zhiishiib>>,2SgPoss,Dim,NONE,Pej,NONE,ProxPl,gizhiishiibenzhishag,gi<<zhiishiib>>enzhishag,JDN-2010-Nouns
NA,NA_C,zhiishiib,<<zhiishiib>>,2PlPoss,Dim,NONE,Pej,NONE,ProxPl,gizhiishiibenzhishiwaag,gi<<zhiishiib>>enzhishiwaag,JDN-2010-Nouns
NA,NA_C,zhiishiib,<<zhiishiib>>,1SgPoss,Dim,NONE,Pej,NONE,ObvSg,ninzhiishiibenzhishan,ni<<zhiishiib>>enzhishan,JDN-2010-Nouns
NA,NA_C,zhiishiib,<<zhiishiib>>,ExclPoss,Dim,NONE,Pej,NONE,ObvSg,ninzhiishiibenzhishinaanin,ni<<zhiishiib>>enzhishinaanin,JDN-2010-Nouns
NA,NA_C,zhiishiib,<<zhiishiib>>,InclPoss,Dim,NONE,Pej,NONE,ObvSg,gizhiishiibenzhishinaanin,gi<<zhiishiib>>enzhishinaanin,JDN-2010-Nouns
NA,NA_C,zhiishiib,<<zhiishiib>>,2SgPoss,Dim,NONE,Pej,NONE,ObvSg,gizhiishiibenzhishan,gi<<zhiishiib>>enzhishan,JDN-2010-Nouns
NA,NA_C,zhiishiib,<<zhiishiib>>,2PlPoss,Dim,NONE,Pej,NONE,ObvSg,gizhiishiibenzhishiwaan,gi<<zhiishiib>>enzhishiwaan,JDN-2010-Nouns
NA,NA_C,zhiishiib,<<zhiishiib>>,3SgProxPoss,Dim,NONE,Pej,NONE,ObvSg,ozhiishiibenzhishan,o<<zhiishiib>>enzhishan,JDN-2010-Nouns
NA,NA_C,zhiishiib,<<zhiishiib>>,3PlProxPoss,Dim,NONE,Pej,NONE,ObvSg,ozhiishiibenzhishiwaan,o<<zhiishiib>>enzhishiwaan,JDN-2010-Nouns
NA,NA_C,zhiishiib,<<zhiishiib>>,3SgObvPoss,Dim,NONE,Pej,NONE,ObvSg,ozhiishiibenzhishini,o<<zhiishiib>>enzhishiniw1,JDN-2010-Nouns
NA,NA_C,zhiishiib,<<zhiishiib>>,3PlObvPoss,Dim,NONE,Pej,NONE,ObvSg,ozhiishiibenzhishini,o<<zhiishiib>>enzhishiniw1,GUESS
NA,NA_C,zhiishiib,<<zhiishiib>>,1SgPoss,Dim,NONE,Pej,NONE,ObvPl,ninzhiishiibenzhisha',ni<<zhiishiib>>enzhisha',JDN-2010-Nouns
NA,NA_C,zhiishiib,<<zhiishiib>>,ExclPoss,Dim,NONE,Pej,NONE,ObvPl,ninzhiishiibenzhishinaani',ni<<zhiishiib>>enzhishinaani',JDN-2010-Nouns
NA,NA_C,zhiishiib,<<zhiishiib>>,InclPoss,Dim,NONE,Pej,NONE,ObvPl,gizhiishiibenzhishinaani',gi<<zhiishiib>>enzhishinaani',JDN-2010-Nouns
NA,NA_C,zhiishiib,<<zhiishiib>>,2SgPoss,Dim,NONE,Pej,NONE,ObvPl,gizhiishiibenzhisha',gi<<zhiishiib>>enzhisha',JDN-2010-Nouns
NA,NA_C,zhiishiib,<<zhiishiib>>,2PlPoss,Dim,NONE,Pej,NONE,ObvPl,gizhiishiibenzhishiwaa',gi<<zhiishiib>>enzhishiwaa',JDN-2010-Nouns
NA,NA_C,zhiishiib,<<zhiishiib>>,3SgProxPoss,Dim,NONE,Pej,NONE,ObvPl,ozhiishiibenzhisha',o<<zhiishiib>>enzhisha',JDN-2010-Nouns
NA,NA_C,zhiishiib,<<zhiishiib>>,3PlProxPoss,Dim,NONE,Pej,NONE,ObvPl,ozhiishiibenzhishiwaa',o<<zhiishiib>>enzhishiwaa',JDN-2010-Nouns
NA,NA_C,zhiishiib,<<zhiishiib>>,3SgObvPoss,Dim,NONE,Pej,NONE,ObvPl,ozhiishiibenzhishini,o<<zhiishiib>>enzhishiniw1,JDN-2010-Nouns
NA,NA_C,zhiishiib,<<zhiishiib>>,3PlObvPoss,Dim,NONE,Pej,NONE,ObvPl,ozhiishiibenzhishini,o<<zhiishiib>>enzhishiniw1,GUESS
NA,NA_C,zhiishiib,<<zhiishiib>>,1SgPoss,Dim,NONE,Pej,NONE,Loc,ninzhiishiibenzhishing,ni<<zhiishiib>>enzhishing,JDN-2010-Nouns
NA,NA_C,zhiishiib,<<zhiishiib>>,ExclPoss,Dim,NONE,Pej,NONE,Loc,ninzhiishiibenzhishinaang,ni<<zhiishiib>>enzhishinaang,JDN-2010-Nouns
NA,NA_C,zhiishiib,<<zhiishiib>>,InclPoss,Dim,NONE,Pej,NONE,Loc,gizhiishiibenzhishinaang,gi<<zhiishiib>>enzhishinaang,JDN-2010-Nouns
NA,NA_C,zhiishiib,<<zhiishiib>>,2SgPoss,Dim,NONE,Pej,NONE,Loc,gizhiishiibenzhishing,gi<<zhiishiib>>enzhishing,JDN-2010-Nouns
NA,NA_C,zhiishiib,<<zhiishiib>>,2PlPoss,Dim,NONE,Pej,NONE,Loc,gizhiishiibenzhishiwaang,gi<<zhiishiib>>enzhishiwaang,JDN-2010-Nouns
NA,NA_C,zhiishiib,<<zhiishiib>>,3SgProxPoss,Dim,NONE,Pej,NONE,Loc,ozhiishiibenzhishing,o<<zhiishiib>>enzhishing,JDN-2010-Nouns
NA,NA_C,zhiishiib,<<zhiishiib>>,3PlProxPoss,Dim,NONE,Pej,NONE,Loc,ozhiishiibenzhishiwaang,o<<zhiishiib>>enzhishiwaang,JDN-2010-Nouns
NA,NA_C,zhiishiib,<<zhiishiib>>,3SgObvPoss,Dim,NONE,Pej,NONE,Loc,ozhiishiibenzhishining,o<<zhiishiib>>enzhishining,JDN-2010-Nouns
NA,NA_C,zhiishiib,<<zhiishiib>>,3PlObvPoss,Dim,NONE,Pej,NONE,Loc,ozhiishiibenzhishining,o<<zhiishiib>>enzhishining,GUESS
NA,NA_C,zhiishiib,<<zhiishiib>>,1SgPoss,Dim,Poss,Pej,NONE,ProxSg,ninzhiishiibensimish,ni<<zhiishiib>>ensimish,JDN-2010-Nouns
NA,NA_C,zhiishiib,<<zhiishiib>>,ExclPoss,Dim,Poss,Pej,NONE,ProxSg,ninzhiishiibensimishinaan,ni<<zhiishiib>>ensimishinaan,JDN-2010-Nouns
NA,NA_C,zhiishiib,<<zhiishiib>>,InclPoss,Dim,Poss,Pej,NONE,ProxSg,gizhiishiibensimishinaan,gi<<zhiishiib>>ensimishinaan,JDN-2010-Nouns
NA,NA_C,zhiishiib,<<zhiishiib>>,2SgPoss,Dim,Poss,Pej,NONE,ProxSg,gizhiishiibensimishinaan,gi<<zhiishiib>>ensimishinaan,JDN-2010-Nouns
NA,NA_C,zhiishiib,<<zhiishiib>>,2PlPoss,Dim,Poss,Pej,NONE,ProxSg,gizhiishiibensimishiwaa,gi<<zhiishiib>>ensimishiwaa,JDN-2010-Nouns
NA,NA_C,zhiishiib,<<zhiishiib>>,1SgPoss,Dim,Poss,Pej,NONE,ProxPl,ninzhiishiibensimishag,ni<<zhiishiib>>ensimishag,JDN-2010-Nouns
NA,NA_C,zhiishiib,<<zhiishiib>>,ExclPoss,Dim,Poss,Pej,NONE,ProxPl,ninzhiishiibensimishinaanig,ni<<zhiishiib>>ensimishinaanig,JDN-2010-Nouns
NA,NA_C,zhiishiib,<<zhiishiib>>,InclPoss,Dim,Poss,Pej,NONE,ProxPl,gizhiishiibensimishinaanig,gi<<zhiishiib>>ensimishinaanig,JDN-2010-Nouns
NA,NA_C,zhiishiib,<<zhiishiib>>,2SgPoss,Dim,Poss,Pej,NONE,ProxPl,gizhiishiibensimishag,gi<<zhiishiib>>ensimishag,JDN-2010-Nouns
NA,NA_C,zhiishiib,<<zhiishiib>>,2PlPoss,Dim,Poss,Pej,NONE,ProxPl,gizhiishiibensimishiwaag,gi<<zhiishiib>>ensimishiwaag,JDN-2010-Nouns
NA,NA_C,zhiishiib,<<zhiishiib>>,1SgPoss,Dim,Poss,Pej,NONE,ObvSg,ninzhiishiibensimishan,ni<<zhiishiib>>ensimishan,JDN-2010-Nouns
NA,NA_C,zhiishiib,<<zhiishiib>>,ExclPoss,Dim,Poss,Pej,NONE,ObvSg,ninzhiishiibensimishinaanin,ni<<zhiishiib>>ensimishinaanin,JDN-2010-Nouns
NA,NA_C,zhiishiib,<<zhiishiib>>,InclPoss,Dim,Poss,Pej,NONE,ObvSg,gizhiishiibensimishinaanin,gi<<zhiishiib>>ensimishinaanin,JDN-2010-Nouns
NA,NA_C,zhiishiib,<<zhiishiib>>,2SgPoss,Dim,Poss,Pej,NONE,ObvSg,gizhiishiibensimishan,gi<<zhiishiib>>ensimishan,JDN-2010-Nouns
NA,NA_C,zhiishiib,<<zhiishiib>>,2PlPoss,Dim,Poss,Pej,NONE,ObvSg,gizhiishiibensimishiwaan,gi<<zhiishiib>>ensimishiwaan,JDN-2010-Nouns
NA,NA_C,zhiishiib,<<zhiishiib>>,3SgProxPoss,Dim,Poss,Pej,NONE,ObvSg,ozhiishiibensimishan,o<<zhiishiib>>ensimishan,JDN-2010-Nouns
NA,NA_C,zhiishiib,<<zhiishiib>>,3PlProxPoss,Dim,Poss,Pej,NONE,ObvSg,ozhiishiibensimishiwaan,o<<zhiishiib>>ensimishiwaan,JDN-2010-Nouns
NA,NA_C,zhiishiib,<<zhiishiib>>,3SgObvPoss,Dim,Poss,Pej,NONE,ObvSg,ozhiishiibensimishini,o<<zhiishiib>>ensimishiniw1,JDN-2010-Nouns
NA,NA_C,zhiishiib,<<zhiishiib>>,3PlObvPoss,Dim,Poss,Pej,NONE,ObvSg,ozhiishiibensimishini,o<<zhiishiib>>ensimishiniw1,GUESS
NA,NA_C,zhiishiib,<<zhiishiib>>,1SgPoss,Dim,Poss,Pej,NONE,ObvPl,ninzhiishiibensimisha',ni<<zhiishiib>>ensimisha',JDN-2010-Nouns
NA,NA_C,zhiishiib,<<zhiishiib>>,ExclPoss,Dim,Poss,Pej,NONE,ObvPl,ninzhiishiibensimishinaani',ni<<zhiishiib>>ensimishinaani',JDN-2010-Nouns
NA,NA_C,zhiishiib,<<zhiishiib>>,InclPoss,Dim,Poss,Pej,NONE,ObvPl,gizhiishiibensimishinaani',gi<<zhiishiib>>ensimishinaani',JDN-2010-Nouns
NA,NA_C,zhiishiib,<<zhiishiib>>,2SgPoss,Dim,Poss,Pej,NONE,ObvPl,gizhiishiibensimisha',gi<<zhiishiib>>ensimisha',JDN-2010-Nouns
NA,NA_C,zhiishiib,<<zhiishiib>>,2PlPoss,Dim,Poss,Pej,NONE,ObvPl,gizhiishiibensimishiwaa',gi<<zhiishiib>>ensimishiwaa',JDN-2010-Nouns
NA,NA_C,zhiishiib,<<zhiishiib>>,3SgProxPoss,Dim,Poss,Pej,NONE,ObvPl,ozhiishiibensimisha',o<<zhiishiib>>ensimisha',JDN-2010-Nouns
NA,NA_C,zhiishiib,<<zhiishiib>>,3PlProxPoss,Dim,Poss,Pej,NONE,ObvPl,ozhiishiibensimishiwaa',o<<zhiishiib>>ensimishiwaa',JDN-2010-Nouns
NA,NA_C,zhiishiib,<<zhiishiib>>,3SgObvPoss,Dim,Poss,Pej,NONE,ObvPl,ozhiishiibensimishini,o<<zhiishiib>>ensimishini,JDN-2010-Nouns
NA,NA_C,zhiishiib,<<zhiishiib>>,3PlObvPoss,Dim,Poss,Pej,NONE,ObvPl,ozhiishiibensimishini,o<<zhiishiib>>ensimishini,GUESS
NA,NA_C,zhiishiib,<<zhiishiib>>,1SgPoss,Dim,Poss,Pej,NONE,Loc,ninzhiishiibensimishing,ni<<zhiishiib>>ensimishing,JDN-2010-Nouns
NA,NA_C,zhiishiib,<<zhiishiib>>,ExclPoss,Dim,Poss,Pej,NONE,Loc,ninzhiishiibensimishinaang,ni<<zhiishiib>>ensimishinaang,JDN-2010-Nouns
NA,NA_C,zhiishiib,<<zhiishiib>>,InclPoss,Dim,Poss,Pej,NONE,Loc,gizhiishiibensimishinaang,gi<<zhiishiib>>ensimishinaang,JDN-2010-Nouns
NA,NA_C,zhiishiib,<<zhiishiib>>,2SgPoss,Dim,Poss,Pej,NONE,Loc,gizhiishiibensimishing,gi<<zhiishiib>>ensimishing,JDN-2010-Nouns
NA,NA_C,zhiishiib,<<zhiishiib>>,2PlPoss,Dim,Poss,Pej,NONE,Loc,gizhiishiibensimiwaang,gi<<zhiishiib>>ensimiwaang,JDN-2010-Nouns
NA,NA_C,zhiishiib,<<zhiishiib>>,3SgProxPoss,Dim,Poss,Pej,NONE,Loc,ozhiishiibensimishing,o<<zhiishiib>>ensimishing,JDN-2010-Nouns
NA,NA_C,zhiishiib,<<zhiishiib>>,3PlProxPoss,Dim,Poss,Pej,NONE,Loc,ozhiishiibensimishiwaang,o<<zhiishiib>>ensimishiwaang,JDN-2010-Nouns
NA,NA_C,zhiishiib,<<zhiishiib>>,3SgObvPoss,Dim,Poss,Pej,NONE,Loc,ozhiishiibensimishining,o<<zhiishiib>>ensimishining,JDN-2010-Nouns
NA,NA_C,zhiishiib,<<zhiishiib>>,3PlObvPoss,Dim,Poss,Pej,NONE,Loc,ozhiishiibensimishining,o<<zhiishiib>>ensimishining,GUESS