Paradigm,Class,Lemma,Stem,PersPoss,Dim,Poss,Pej,Pret,Basic,Form1Surface,Form1Split,Form1Source,Form2Surface,Form2Split,Form2Source,Form3Surface,Form3Split,Form3Source
NA,NA_VVny,giigoonh,giigoonhy1,NONE,NONE,NONE,NONE,NONE,Loc,giigoonying,<<giigoonhy1>>ing,JDN-2010-Nouns,,,,,,
NA,NA_VVny,giigoonh,giigoonhy1,NONE,Dim,NONE,NONE,NONE,Loc,giigoonyensing,<<giigoonhy1>>ensing,JDN-2010-Nouns,,,,,,
NA,NA_VVny,giigoonh,giigoonhy1,NONE,NONE,NONE,Pej,NONE,Loc,giigoonyishing,<<giigoonhy1>>ishing,JDN-2010-Nouns,,,,,,
NA,NA_VVny,giigoonh,giigoonhy1,NONE,Dim,NONE,Pej,NONE,Loc,giigoonyenzhishing,<<giigoonhy1>>enzhishing,JDN-2010-Nouns,,,,,,
NA,NA_VVny,giigoonh,giigoonhy1,1SgPoss,NONE,NONE,NONE,NONE,Loc,ningiigoonying,ni<<giigoonhy1>>ing,JDN-2010-Nouns,,,,,,
NA,NA_VVny,giigoonh,giigoonhy1,ExclPoss,NONE,NONE,NONE,NONE,Loc,ningiigoonyinaang,ni<<giigoonhy1>>inaang,JDN-2010-Nouns,,,,,,
NA,NA_VVny,giigoonh,giigoonhy1,InclPoss,NONE,NONE,NONE,NONE,Loc,gigiigoonyinaang,gi<<giigoonhy1>>inaang,JDN-2010-Nouns,,,,,,
NA,NA_VVny,giigoonh,giigoonhy1,2SgPoss,NONE,NONE,NONE,NONE,Loc,gigiigoonying,gi<<giigoonhy1>>ing,JDN-2010-Nouns,,,,,,
NA,NA_VVny,giigoonh,giigoonhy1,2PlPoss,NONE,NONE,NONE,NONE,Loc,gigiigoonyiwaang,gi<<giigoonhy1>>iwaang,JDN-2010-Nouns,,,,,,
NA,NA_VVny,giigoonh,giigoonhy1,3SgProxPoss,NONE,NONE,NONE,NONE,Loc,ogiigoonying,o<<giigoonhy1>>ing,JDN-2010-Nouns,,,,,,
NA,NA_VVny,giigoonh,giigoonhy1,3PlProxPoss,NONE,NONE,NONE,NONE,Loc,ogiigoonyiwaang,o<<giigoonhy1>>iwaang,JDN-2010-Nouns,,,,,,
NA,NA_VVny,giigoonh,giigoonhy1,3SgObvPoss,NONE,NONE,NONE,NONE,Loc,ogiigoonyining,o<<giigoonhy1>>ining,JDN-2010-Nouns,,,,,,
NA,NA_VVny,giigoonh,giigoonhy1,3PlObvPoss,NONE,NONE,NONE,NONE,Loc,ogiigoonyining,o<<giigoonhy1>>ining,GUESS,,,,,,
NA,NA_VVny,giigoonh,giigoonhy1,1SgPoss,NONE,Poss,NONE,NONE,Loc,ningiigoonyiming,ni<<giigoonhy1>>iming,JDN-2010-Nouns,,,,,,
NA,NA_VVny,giigoonh,giigoonhy1,ExclPoss,NONE,Poss,NONE,NONE,Loc,ningiigoonyiminaang,ni<<giigoonhy1>>iminaang,JDN-2010-Nouns,,,,,,
NA,NA_VVny,giigoonh,giigoonhy1,InclPoss,NONE,Poss,NONE,NONE,Loc,gigiigoonyiminaang,gi<<giigoonhy1>>iminaang,JDN-2010-Nouns,,,,,,
NA,NA_VVny,giigoonh,giigoonhy1,2SgPoss,NONE,Poss,NONE,NONE,Loc,gigiigoonyiming,gi<<giigoonhy1>>iming,JDN-2010-Nouns,,,,,,
NA,NA_VVny,giigoonh,giigoonhy1,2PlPoss,NONE,Poss,NONE,NONE,Loc,gigiigoonyimiwaang,gi<<giigoonhy1>>imiwaang,JDN-2010-Nouns,,,,,,
NA,NA_VVny,giigoonh,giigoonhy1,3SgProxPoss,NONE,Poss,NONE,NONE,Loc,ogiigoonyiming,o<<giigoonhy1>>iming,JDN-2010-Nouns,,,,,,
NA,NA_VVny,giigoonh,giigoonhy1,3PlProxPoss,NONE,Poss,NONE,NONE,Loc,ogiigoonyimiwaang,o<<giigoonhy1>>imiwaang,JDN-2010-Nouns,,,,,,
NA,NA_VVny,giigoonh,giigoonhy1,3SgObvPoss,NONE,Poss,NONE,NONE,Loc,ogiigoonyimining,o<<giigoonhy1>>imining,JDN-2010-Nouns,,,,,,
NA,NA_VVny,giigoonh,giigoonhy1,3PlObvPoss,NONE,Poss,NONE,NONE,Loc,ogiigoonyimining,o<<giigoonhy1>>imining,GUESS,,,,,,
NA,NA_VVny,giigoonh,giigoonhy1,1SgPoss,Dim,NONE,NONE,NONE,Loc,ningiigoonyensing,ni<<giigoonhy1>>ensing,JDN-2010-Nouns,,,,,,
NA,NA_VVny,giigoonh,giigoonhy1,ExclPoss,Dim,NONE,NONE,NONE,Loc,ningiigoonyensinaang,ni<<giigoonhy1>>ensinaang,JDN-2010-Nouns,,,,,,
NA,NA_VVny,giigoonh,giigoonhy1,InclPoss,Dim,NONE,NONE,NONE,Loc,gigiigoonyensinaang,gi<<giigoonhy1>>ensinaang,JDN-2010-Nouns,,,,,,
NA,NA_VVny,giigoonh,giigoonhy1,2SgPoss,Dim,NONE,NONE,NONE,Loc,gigiigoonyensing,gi<<giigoonhy1>>ensing,JDN-2010-Nouns,,,,,,
NA,NA_VVny,giigoonh,giigoonhy1,2PlPoss,Dim,NONE,NONE,NONE,Loc,gigiigoonyensiwaang,gi<<giigoonhy1>>ensiwaang,JDN-2010-Nouns,,,,,,
NA,NA_VVny,giigoonh,giigoonhy1,3SgProxPoss,Dim,NONE,NONE,NONE,Loc,ogiigoonyensing,o<<giigoonhy1>>ensing,JDN-2010-Nouns,,,,,,
NA,NA_VVny,giigoonh,giigoonhy1,3PlProxPoss,Dim,NONE,NONE,NONE,Loc,ogiigoonyensiwaang,o<<giigoonhy1>>ensiwaang,JDN-2010-Nouns,,,,,,
NA,NA_VVny,giigoonh,giigoonhy1,3SgObvPoss,Dim,NONE,NONE,NONE,Loc,ogiigoonyensining,o<<giigoonhy1>>ensining,JDN-2010-Nouns,,,,,,
NA,NA_VVny,giigoonh,giigoonhy1,3PlObvPoss,Dim,NONE,NONE,NONE,Loc,ogiigoonyensining,o<<giigoonhy1>>ensining,GUESS,,,,,,
NA,NA_VVny,giigoonh,giigoonhy1,1SgPoss,Dim,Poss,NONE,NONE,Loc,ningiigoonyensiming,ni<<giigoonhy1>>ensiming,JDN-2010-Nouns,,,,,,
NA,NA_VVny,giigoonh,giigoonhy1,ExclPoss,Dim,Poss,NONE,NONE,Loc,ningiigoonyensiminaang,ni<<giigoonhy1>>ensiminaang,JDN-2010-Nouns,,,,,,
NA,NA_VVny,giigoonh,giigoonhy1,InclPoss,Dim,Poss,NONE,NONE,Loc,gigiigoonyensiminaang,gi<<giigoonhy1>>ensiminaang,JDN-2010-Nouns,,,,,,
NA,NA_VVny,giigoonh,giigoonhy1,2SgPoss,Dim,Poss,NONE,NONE,Loc,gigiigoonyensiming,gi<<giigoonhy1>>ensiming,JDN-2010-Nouns,,,,,,
NA,NA_VVny,giigoonh,giigoonhy1,2PlPoss,Dim,Poss,NONE,NONE,Loc,gigiigoonyensimiwaang,gi<<giigoonhy1>>ensimiwaang,JDN-2010-Nouns,,,,,,
NA,NA_VVny,giigoonh,giigoonhy1,3SgProxPoss,Dim,Poss,NONE,NONE,Loc,ogiigoonyensiming,o<<giigoonhy1>>ensiming,JDN-2010-Nouns,,,,,,
NA,NA_VVny,giigoonh,giigoonhy1,3PlProxPoss,Dim,Poss,NONE,NONE,Loc,ogiigoonyensimiwaang,o<<giigoonhy1>>ensimiwaang,JDN-2010-Nouns,,,,,,
NA,NA_VVny,giigoonh,giigoonhy1,3SgObvPoss,Dim,Poss,NONE,NONE,Loc,ogiigoonyensimining,o<<giigoonhy1>>ensimining,JDN-2010-Nouns,,,,,,
NA,NA_VVny,giigoonh,giigoonhy1,3PlObvPoss,Dim,Poss,NONE,NONE,Loc,ogiigoonyensimining,o<<giigoonhy1>>ensimining,GUESS,,,,,,
NA,NA_VVny,giigoonh,giigoonhy1,1SgPoss,NONE,NONE,Pej,NONE,Loc,ningiigoonyishing,ni<<giigoonhy1>>ishing,JDN-2010-Nouns,,,,,,
NA,NA_VVny,giigoonh,giigoonhy1,ExclPoss,NONE,NONE,Pej,NONE,Loc,ningiigoonyishinaang,ni<<giigoonhy1>>ishinaang,JDN-2010-Nouns,,,,,,
NA,NA_VVny,giigoonh,giigoonhy1,InclPoss,NONE,NONE,Pej,NONE,Loc,gigiigoonyishinaang,gi<<giigoonhy1>>ishinaang,JDN-2010-Nouns,,,,,,
NA,NA_VVny,giigoonh,giigoonhy1,2SgPoss,NONE,NONE,Pej,NONE,Loc,gigiigoonyishing,gi<<giigoonhy1>>ishing,JDN-2010-Nouns,,,,,,
NA,NA_VVny,giigoonh,giigoonhy1,2PlPoss,NONE,NONE,Pej,NONE,Loc,gigiigoonyishiwaang,gi<<giigoonhy1>>ishiwaang,JDN-2010-Nouns,,,,,,
NA,NA_VVny,giigoonh,giigoonhy1,3SgProxPoss,NONE,NONE,Pej,NONE,Loc,ogiigoonyishing,o<<giigoonhy1>>ishing,JDN-2010-Nouns,,,,,,
NA,NA_VVny,giigoonh,giigoonhy1,3PlProxPoss,NONE,NONE,Pej,NONE,Loc,ogiigoonyishiwaang,o<<giigoonhy1>>ishiwaang,JDN-2010-Nouns,,,,,,
NA,NA_VVny,giigoonh,giigoonhy1,3SgObvPoss,NONE,NONE,Pej,NONE,Loc,ogiigoonyishining,o<<giigoonhy1>>ishining,JDN-2010-Nouns,,,,,,
NA,NA_VVny,giigoonh,giigoonhy1,3PlObvPoss,NONE,NONE,Pej,NONE,Loc,ogiigoonyishining,o<<giigoonhy1>>ishining,GUESS,,,,,,
NA,NA_VVny,giigoonh,giigoonhy1,1SgPoss,NONE,Poss,Pej,NONE,Loc,ningiigoonyimishing,ni<<giigoonhy1>>imishing,JDN-2010-Nouns,,,,,,
NA,NA_VVny,giigoonh,giigoonhy1,ExclPoss,NONE,Poss,Pej,NONE,Loc,ningiigoonyimishinaang,ni<<giigoonhy1>>imishinaang,JDN-2010-Nouns,,,,,,
NA,NA_VVny,giigoonh,giigoonhy1,InclPoss,NONE,Poss,Pej,NONE,Loc,gigiigoonyimishinaang,gi<<giigoonhy1>>imishinaang,JDN-2010-Nouns,,,,,,
NA,NA_VVny,giigoonh,giigoonhy1,2SgPoss,NONE,Poss,Pej,NONE,Loc,gigiigoonyimishing,gi<<giigoonhy1>>imishing,JDN-2010-Nouns,,,,,,
NA,NA_VVny,giigoonh,giigoonhy1,2PlPoss,NONE,Poss,Pej,NONE,Loc,gigiigoonyimishiwaang,gi<<giigoonhy1>>imishiwaang,JDN-2010-Nouns,,,,,,
NA,NA_VVny,giigoonh,giigoonhy1,3SgProxPoss,NONE,Poss,Pej,NONE,Loc,ogiigoonyimishing,o<<giigoonhy1>>imishing,JDN-2010-Nouns,,,,,,
NA,NA_VVny,giigoonh,giigoonhy1,3PlProxPoss,NONE,Poss,Pej,NONE,Loc,ogiigoonyimishiwaang,o<<giigoonhy1>>imishiwaang,JDN-2010-Nouns,,,,,,
NA,NA_VVny,giigoonh,giigoonhy1,3SgObvPoss,NONE,Poss,Pej,NONE,Loc,ogiigoonyimishining,o<<giigoonhy1>>imishining,JDN-2010-Nouns,,,,,,
NA,NA_VVny,giigoonh,giigoonhy1,3PlObvPoss,NONE,Poss,Pej,NONE,Loc,ogiigoonyimishining,o<<giigoonhy1>>imishining,GUESS,,,,,,
NA,NA_VVny,giigoonh,giigoonhy1,1SgPoss,Dim,NONE,Pej,NONE,Loc,ningiigoonyenzhishing,ni<<giigoonhy1>>enzhishing,JDN-2010-Nouns,,,,,,
NA,NA_VVny,giigoonh,giigoonhy1,ExclPoss,Dim,NONE,Pej,NONE,Loc,ningiigoonyenzhishinaang,ni<<giigoonhy1>>enzhishinaang,JDN-2010-Nouns,,,,,,
NA,NA_VVny,giigoonh,giigoonhy1,InclPoss,Dim,NONE,Pej,NONE,Loc,gigiigoonyenzhishinaang,gi<<giigoonhy1>>enzhishinaang,JDN-2010-Nouns,,,,,,
NA,NA_VVny,giigoonh,giigoonhy1,2SgPoss,Dim,NONE,Pej,NONE,Loc,gigiigoonyenzhishing,gi<<giigoonhy1>>enzhishing,JDN-2010-Nouns,,,,,,
NA,NA_VVny,giigoonh,giigoonhy1,2PlPoss,Dim,NONE,Pej,NONE,Loc,gigiigoonyenzhishiwaang,gi<<giigoonhy1>>enzhishiwaang,JDN-2010-Nouns,,,,,,
NA,NA_VVny,giigoonh,giigoonhy1,3SgProxPoss,Dim,NONE,Pej,NONE,Loc,ogiigoonyenzhishing,o<<giigoonhy1>>enzhishing,JDN-2010-Nouns,,,,,,
NA,NA_VVny,giigoonh,giigoonhy1,3PlProxPoss,Dim,NONE,Pej,NONE,Loc,ogiigoonyenzhishiwaang,o<<giigoonhy1>>enzhishiwaang,JDN-2010-Nouns,,,,,,
NA,NA_VVny,giigoonh,giigoonhy1,3SgObvPoss,Dim,NONE,Pej,NONE,Loc,ogiigoonyenzhishining,o<<giigoonhy1>>enzhishining,JDN-2010-Nouns,,,,,,
NA,NA_VVny,giigoonh,giigoonhy1,3PlObvPoss,Dim,NONE,Pej,NONE,Loc,ogiigoonyenzhishining,o<<giigoonhy1>>enzhishining,GUESS,,,,,,
NA,NA_VVny,giigoonh,giigoonhy1,1SgPoss,Dim,Poss,Pej,NONE,Loc,ningiigoonyensimishing,ni<<giigoonhy1>>ensimishing,JDN-2010-Nouns,,,,,,
NA,NA_VVny,giigoonh,giigoonhy1,ExclPoss,Dim,Poss,Pej,NONE,Loc,ningiigoonyensimishinaang,ni<<giigoonhy1>>ensimishinaang,JDN-2010-Nouns,,,,,,
NA,NA_VVny,giigoonh,giigoonhy1,InclPoss,Dim,Poss,Pej,NONE,Loc,gigiigoonyensimishinaang,gi<<giigoonhy1>>ensimishinaang,JDN-2010-Nouns,,,,,,
NA,NA_VVny,giigoonh,giigoonhy1,2SgPoss,Dim,Poss,Pej,NONE,Loc,gigiigoonyensimishing,gi<<giigoonhy1>>ensimishing,JDN-2010-Nouns,,,,,,
NA,NA_VVny,giigoonh,giigoonhy1,2PlPoss,Dim,Poss,Pej,NONE,Loc,gigiigoonyensimishiwaang,gi<<giigoonhy1>>ensimishiwaang,JDN-2010-Nouns,,,,,,
NA,NA_VVny,giigoonh,giigoonhy1,3SgProxPoss,Dim,Poss,Pej,NONE,Loc,ogiigoonyensimishing,o<<giigoonhy1>>ensimishing,JDN-2010-Nouns,,,,,,
NA,NA_VVny,giigoonh,giigoonhy1,3PlProxPoss,Dim,Poss,Pej,NONE,Loc,ogiigoonyensimishiwaang,o<<giigoonhy1>>ensimishiwaang,JDN-2010-Nouns,,,,,,
NA,NA_VVny,giigoonh,giigoonhy1,3SgObvPoss,Dim,Poss,Pej,NONE,Loc,ogiigoonyensimishining,o<<giigoonhy1>>ensimishining,JDN-2010-Nouns,,,,,,
NA,NA_VVny,giigoonh,giigoonhy1,3PlObvPoss,Dim,Poss,Pej,NONE,Loc,ogiigoonyensimishining,o<<giigoonhy1>>ensimishining,GUESS,,,,,,
NA,NA_VVny,giigoonh,giigoonhy1,NONE,NONE,NONE,NONE,NONE,ObvPl,giigoonya',<<giigoonhy1>>a',JDN-2010-Nouns,giigoonyan,<<giigoonhy1>>an,JDN-2010-Nouns,,,
NA,NA_VVny,giigoonh,giigoonhy1,NONE,Dim,NONE,NONE,NONE,ObvPl,giigoonyensa',<<giigoonhy1>>ensa',JDN-2010-Nouns,giigoonyensan,<<giigoonhy1>>ensan,JDN-2010-Nouns,,,
NA,NA_VVny,giigoonh,giigoonhy1,NONE,NONE,NONE,Pej,NONE,ObvPl,giigoonyisha',<<giigoonhy1>>isha',JDN-2010-Nouns,giigoonyishan,<<giigoonhy1>>ishan,JDN-2010-Nouns,,,
NA,NA_VVny,giigoonh,giigoonhy1,NONE,Dim,NONE,Pej,NONE,ObvPl,giigoonyenzhisha',<<giigoonhy1>>enzhisha',JDN-2010-Nouns,giigoonyenzhishan,<<giigoonhy1>>enzhishan,JDN-2010-Nouns,,,
NA,NA_VVny,giigoonh,giigoonhy1,1SgPoss,NONE,NONE,NONE,NONE,ObvPl,ningiigoonya',ni<<giigoonhy1>>a',JDN-2010-Nouns,ningiigoonyan,ni<<giigoonhy1>>an,JDN-2010-Nouns,,,
NA,NA_VVny,giigoonh,giigoonhy1,ExclPoss,NONE,NONE,NONE,NONE,ObvPl,ningiigoonyinaani',ni<<giigoonhy1>>inaani',JDN-2010-Nouns,ningiigoonyinaanin,ni<<giigoonhy1>>inaanin,JDN-2010-Nouns,,,
NA,NA_VVny,giigoonh,giigoonhy1,InclPoss,NONE,NONE,NONE,NONE,ObvPl,gigiigoonyinaani',gi<<giigoonhy1>>inaani',JDN-2010-Nouns,gigiigoonyinaanin,gi<<giigoonhy1>>inaanin,JDN-2010-Nouns,,,
NA,NA_VVny,giigoonh,giigoonhy1,2SgPoss,NONE,NONE,NONE,NONE,ObvPl,gigiigoonya',gi<<giigoonhy1>>a',JDN-2010-Nouns,gigiigoonyan,gi<<giigoonhy1>>an,JDN-2010-Nouns,,,
NA,NA_VVny,giigoonh,giigoonhy1,2PlPoss,NONE,NONE,NONE,NONE,ObvPl,gigiigoonyiwaa',gi<<giigoonhy1>>iwaa',JDN-2010-Nouns,gigiigoonyiwaan,gi<<giigoonhy1>>iwaan,JDN-2010-Nouns,,,
NA,NA_VVny,giigoonh,giigoonhy1,3SgProxPoss,NONE,NONE,NONE,NONE,ObvPl,ogiigoonya',o<<giigoonhy1>>a',JDN-2010-Nouns,ogiigoonyan,o<<giigoonhy1>>an,JDN-2010-Nouns,,,
NA,NA_VVny,giigoonh,giigoonhy1,3PlProxPoss,NONE,NONE,NONE,NONE,ObvPl,ogiigoonyiwaa',o<<giigoonhy1>>iwaa',JDN-2010-Nouns,ogiigoonyiwaan,o<<giigoonhy1>>iwaan,JDN-2010-Nouns,,,
NA,NA_VVny,giigoonh,giigoonhy1,3SgObvPoss,NONE,NONE,NONE,NONE,ObvPl,ogiigoonyini,o<<giigoonhy1>>iniw1,JDN-2010-Nouns,ogiigoonyini,o<<giigoonhy1>>iniw1,JDN-2010-Nouns,,,
NA,NA_VVny,giigoonh,giigoonhy1,3PlObvPoss,NONE,NONE,NONE,NONE,ObvPl,ogiigoonyini,o<<giigoonhy1>>iniw1,GUESS,ogiigoonyini,o<<giigoonhy1>>iniw1,GUESS,,,
NA,NA_VVny,giigoonh,giigoonhy1,1SgPoss,NONE,Poss,NONE,NONE,ObvPl,ningiigoonyima',ni<<giigoonhy1>>ima',JDN-2010-Nouns,ningiigoonyiman,ni<<giigoonhy1>>iman,JDN-2010-Nouns,,,
NA,NA_VVny,giigoonh,giigoonhy1,ExclPoss,NONE,Poss,NONE,NONE,ObvPl,ningiigoonyiminaani',ni<<giigoonhy1>>iminaani',JDN-2010-Nouns,ningiigoonyiminaanin,ni<<giigoonhy1>>iminaanin,JDN-2010-Nouns,,,
NA,NA_VVny,giigoonh,giigoonhy1,InclPoss,NONE,Poss,NONE,NONE,ObvPl,gigiigoonyiminaani',gi<<giigoonhy1>>iminaani',JDN-2010-Nouns,gigiigoonyiminaanin,gi<<giigoonhy1>>iminaanin,JDN-2010-Nouns,,,
NA,NA_VVny,giigoonh,giigoonhy1,2SgPoss,NONE,Poss,NONE,NONE,ObvPl,gigiigoonyima',gi<<giigoonhy1>>ima',JDN-2010-Nouns,gigiigoonyiman,gi<<giigoonhy1>>iman,JDN-2010-Nouns,,,
NA,NA_VVny,giigoonh,giigoonhy1,2PlPoss,NONE,Poss,NONE,NONE,ObvPl,gigiigoonyimiwaa',gi<<giigoonhy1>>imiwaa',JDN-2010-Nouns,gigiigoonyimiwaan,gi<<giigoonhy1>>imiwaan,JDN-2010-Nouns,,,
NA,NA_VVny,giigoonh,giigoonhy1,3SgProxPoss,NONE,Poss,NONE,NONE,ObvPl,ogiigoonyima',o<<giigoonhy1>>ima',JDN-2010-Nouns,ogiigoonyiman,o<<giigoonhy1>>iman,JDN-2010-Nouns,,,
NA,NA_VVny,giigoonh,giigoonhy1,3PlProxPoss,NONE,Poss,NONE,NONE,ObvPl,ogiigoonyimiwaa',o<<giigoonhy1>>imiwaa',JDN-2010-Nouns,ogiigoonyimiwaan,o<<giigoonhy1>>imiwaan,JDN-2010-Nouns,,,
NA,NA_VVny,giigoonh,giigoonhy1,3SgObvPoss,NONE,Poss,NONE,NONE,ObvPl,ogiigoonyimini,o<<giigoonhy1>>iminiw1,JDN-2010-Nouns,ogiigoonyimini,o<<giigoonhy1>>iminiw1,JDN-2010-Nouns,,,
NA,NA_VVny,giigoonh,giigoonhy1,3PlObvPoss,NONE,Poss,NONE,NONE,ObvPl,ogiigoonyimini,o<<giigoonhy1>>iminiw1,GUESS,ogiigoonyimini,o<<giigoonhy1>>iminiw1,GUESS,,,
NA,NA_VVny,giigoonh,giigoonhy1,1SgPoss,Dim,NONE,NONE,NONE,ObvPl,ningiigoonyensa',ni<<giigoonhy1>>ensa',JDN-2010-Nouns,ningiigoonyensan,ni<<giigoonhy1>>ensan,JDN-2010-Nouns,,,
NA,NA_VVny,giigoonh,giigoonhy1,ExclPoss,Dim,NONE,NONE,NONE,ObvPl,ningiigoonyensinaani',ni<<giigoonhy1>>ensinaani',JDN-2010-Nouns,ningiigoonyensinaanin,ni<<giigoonhy1>>ensinaanin,JDN-2010-Nouns,,,
NA,NA_VVny,giigoonh,giigoonhy1,InclPoss,Dim,NONE,NONE,NONE,ObvPl,gigiigoonyensinaani',gi<<giigoonhy1>>ensinaani',JDN-2010-Nouns,gigiigoonyensinaanin,gi<<giigoonhy1>>ensinaanin,JDN-2010-Nouns,,,
NA,NA_VVny,giigoonh,giigoonhy1,2SgPoss,Dim,NONE,NONE,NONE,ObvPl,gigiigoonyensa',gi<<giigoonhy1>>ensa',JDN-2010-Nouns,gigiigoonyensan,gi<<giigoonhy1>>ensan,JDN-2010-Nouns,,,
NA,NA_VVny,giigoonh,giigoonhy1,2PlPoss,Dim,NONE,NONE,NONE,ObvPl,gigiigoonyensiwaa',gi<<giigoonhy1>>ensiwaa',JDN-2010-Nouns,gigiigoonyensiwaan,gi<<giigoonhy1>>ensiwaan,JDN-2010-Nouns,,,
NA,NA_VVny,giigoonh,giigoonhy1,3SgProxPoss,Dim,NONE,NONE,NONE,ObvPl,ogiigoonyensa',o<<giigoonhy1>>ensa',JDN-2010-Nouns,ogiigoonyensan,o<<giigoonhy1>>ensan,JDN-2010-Nouns,,,
NA,NA_VVny,giigoonh,giigoonhy1,3PlProxPoss,Dim,NONE,NONE,NONE,ObvPl,ogiigoonyensiwaa',o<<giigoonhy1>>ensiwaa',JDN-2010-Nouns,ogiigoonyensiwaan,o<<giigoonhy1>>ensiwaan,JDN-2010-Nouns,,,
NA,NA_VVny,giigoonh,giigoonhy1,3SgObvPoss,Dim,NONE,NONE,NONE,ObvPl,ogiigoonyensini,o<<giigoonhy1>>ensiniw1,JDN-2010-Nouns,ogiigoonyensini,o<<giigoonhy1>>ensiniw1,JDN-2010-Nouns,,,
NA,NA_VVny,giigoonh,giigoonhy1,3PlObvPoss,Dim,NONE,NONE,NONE,ObvPl,ogiigoonyensini,o<<giigoonhy1>>ensiniw1,GUESS,ogiigoonyensini,o<<giigoonhy1>>ensiniw1,GUESS,,,
NA,NA_VVny,giigoonh,giigoonhy1,1SgPoss,Dim,Poss,NONE,NONE,ObvPl,ningiigoonyensima',ni<<giigoonhy1>>ensima',JDN-2010-Nouns,ningiigoonyensiman,ni<<giigoonhy1>>ensiman,JDN-2010-Nouns,,,
NA,NA_VVny,giigoonh,giigoonhy1,ExclPoss,Dim,Poss,NONE,NONE,ObvPl,ningiigoonyensiminaani',ni<<giigoonhy1>>ensiminaani',JDN-2010-Nouns,ningiigoonyensiminaanin,ni<<giigoonhy1>>ensiminaanin,JDN-2010-Nouns,,,
NA,NA_VVny,giigoonh,giigoonhy1,InclPoss,Dim,Poss,NONE,NONE,ObvPl,gigiigoonyensiminaani',gi<<giigoonhy1>>ensiminaani',JDN-2010-Nouns,gigiigoonyensiminaanin,gi<<giigoonhy1>>ensiminaanin,JDN-2010-Nouns,,,
NA,NA_VVny,giigoonh,giigoonhy1,2SgPoss,Dim,Poss,NONE,NONE,ObvPl,gigiigoonyensima',gi<<giigoonhy1>>ensima',JDN-2010-Nouns,gigiigoonyensiman,gi<<giigoonhy1>>ensiman,JDN-2010-Nouns,,,
NA,NA_VVny,giigoonh,giigoonhy1,2PlPoss,Dim,Poss,NONE,NONE,ObvPl,gigiigoonyensimiwaa',gi<<giigoonhy1>>ensimiwaa',JDN-2010-Nouns,gigiigoonyensimiwaan,gi<<giigoonhy1>>ensimiwaan,JDN-2010-Nouns,,,
NA,NA_VVny,giigoonh,giigoonhy1,3SgProxPoss,Dim,Poss,NONE,NONE,ObvPl,ogiigoonyensima',o<<giigoonhy1>>ensima',JDN-2010-Nouns,ogiigoonyensiman,o<<giigoonhy1>>ensiman,JDN-2010-Nouns,,,
NA,NA_VVny,giigoonh,giigoonhy1,3PlProxPoss,Dim,Poss,NONE,NONE,ObvPl,ogiigoonyensimiwaa',o<<giigoonhy1>>ensimiwaa',JDN-2010-Nouns,ogiigoonyensimiwaan,o<<giigoonhy1>>ensimiwaan,JDN-2010-Nouns,,,
NA,NA_VVny,giigoonh,giigoonhy1,3SgObvPoss,Dim,Poss,NONE,NONE,ObvPl,ogiigoonyensimini,o<<giigoonhy1>>ensiminiw1,JDN-2010-Nouns,ogiigoonyensimini,o<<giigoonhy1>>ensiminiw1,JDN-2010-Nouns,,,
NA,NA_VVny,giigoonh,giigoonhy1,3PlObvPoss,Dim,Poss,NONE,NONE,ObvPl,ogiigoonyensimini,o<<giigoonhy1>>ensiminiw1,GUESS,ogiigoonyensimini,o<<giigoonhy1>>ensiminiw1,GUESS,,,
NA,NA_VVny,giigoonh,giigoonhy1,1SgPoss,NONE,NONE,Pej,NONE,ObvPl,ningiigoonyisha',ni<<giigoonhy1>>isha',JDN-2010-Nouns,ningiigoonyishan,ni<<giigoonhy1>>ishan,JDN-2010-Nouns,,,
NA,NA_VVny,giigoonh,giigoonhy1,ExclPoss,NONE,NONE,Pej,NONE,ObvPl,ningiigoonyishinaani',ni<<giigoonhy1>>ishinaani',JDN-2010-Nouns,ningiigoonyishinaanin,ni<<giigoonhy1>>ishinaanin,JDN-2010-Nouns,,,
NA,NA_VVny,giigoonh,giigoonhy1,InclPoss,NONE,NONE,Pej,NONE,ObvPl,gigiigoonyishinaani',gi<<giigoonhy1>>ishinaani',JDN-2010-Nouns,gigiigoonyishinaanin,gi<<giigoonhy1>>ishinaanin,JDN-2010-Nouns,,,
NA,NA_VVny,giigoonh,giigoonhy1,2SgPoss,NONE,NONE,Pej,NONE,ObvPl,gigiigoonyisha',gi<<giigoonhy1>>isha',JDN-2010-Nouns,gigiigoonyishan,gi<<giigoonhy1>>ishan,JDN-2010-Nouns,,,
NA,NA_VVny,giigoonh,giigoonhy1,2PlPoss,NONE,NONE,Pej,NONE,ObvPl,gigiigoonyishiwaa',gi<<giigoonhy1>>ishiwaa',JDN-2010-Nouns,gigiigoonyishiwaan,gi<<giigoonhy1>>ishiwaan,JDN-2010-Nouns,,,
NA,NA_VVny,giigoonh,giigoonhy1,3SgProxPoss,NONE,NONE,Pej,NONE,ObvPl,ogiigoonyisha',o<<giigoonhy1>>isha',JDN-2010-Nouns,ogiigoonyishan,o<<giigoonhy1>>ishan,JDN-2010-Nouns,,,
NA,NA_VVny,giigoonh,giigoonhy1,3PlProxPoss,NONE,NONE,Pej,NONE,ObvPl,ogiigoonyishiwaa',o<<giigoonhy1>>ishiwaa',JDN-2010-Nouns,ogiigoonyishiwaan,o<<giigoonhy1>>ishiwaan,JDN-2010-Nouns,,,
NA,NA_VVny,giigoonh,giigoonhy1,3SgObvPoss,NONE,NONE,Pej,NONE,ObvPl,ogiigoonyishini,o<<giigoonhy1>>ishiniw1,JDN-2010-Nouns,ogiigoonyishini,o<<giigoonhy1>>ishiniw1,JDN-2010-Nouns,,,
NA,NA_VVny,giigoonh,giigoonhy1,3PlObvPoss,NONE,NONE,Pej,NONE,ObvPl,ogiigoonyishini,o<<giigoonhy1>>ishiniw1,GUESS,ogiigoonyishini,o<<giigoonhy1>>ishiniw1,GUESS,,,
NA,NA_VVny,giigoonh,giigoonhy1,1SgPoss,NONE,Poss,Pej,NONE,ObvPl,ningiigoonyimisha',ni<<giigoonhy1>>imisha',JDN-2010-Nouns,ningiigoonyimishan,ni<<giigoonhy1>>imishan,JDN-2010-Nouns,,,
NA,NA_VVny,giigoonh,giigoonhy1,ExclPoss,NONE,Poss,Pej,NONE,ObvPl,ningiigoonyimishinaani',ni<<giigoonhy1>>imishinaani',JDN-2010-Nouns,ningiigoonyimishinaanin,ni<<giigoonhy1>>imishinaanin,JDN-2010-Nouns,,,
NA,NA_VVny,giigoonh,giigoonhy1,InclPoss,NONE,Poss,Pej,NONE,ObvPl,gigiigoonyimishinaani',gi<<giigoonhy1>>imishinaani',JDN-2010-Nouns,gigiigoonyimishinaanin,gi<<giigoonhy1>>imishinaanin,JDN-2010-Nouns,,,
NA,NA_VVny,giigoonh,giigoonhy1,2SgPoss,NONE,Poss,Pej,NONE,ObvPl,gigiigoonyimisha',gi<<giigoonhy1>>imisha',JDN-2010-Nouns,gigiigoonyimishan,gi<<giigoonhy1>>imishan,JDN-2010-Nouns,,,
NA,NA_VVny,giigoonh,giigoonhy1,2PlPoss,NONE,Poss,Pej,NONE,ObvPl,gigiigoonyimishiwaa',gi<<giigoonhy1>>imishiwaa',JDN-2010-Nouns,gigiigoonyimishiwaan,gi<<giigoonhy1>>imishiwaan,JDN-2010-Nouns,,,
NA,NA_VVny,giigoonh,giigoonhy1,3SgProxPoss,NONE,Poss,Pej,NONE,ObvPl,ogiigoonyimisha',o<<giigoonhy1>>imisha',JDN-2010-Nouns,ogiigoonyimishan,o<<giigoonhy1>>imishan,JDN-2010-Nouns,,,
NA,NA_VVny,giigoonh,giigoonhy1,3PlProxPoss,NONE,Poss,Pej,NONE,ObvPl,ogiigoonyimishiwaa',o<<giigoonhy1>>imishiwaa',JDN-2010-Nouns,ogiigoonyimishiwaan,o<<giigoonhy1>>imishiwaan,JDN-2010-Nouns,,,
NA,NA_VVny,giigoonh,giigoonhy1,3SgObvPoss,NONE,Poss,Pej,NONE,ObvPl,ogiigoonyimishini,o<<giigoonhy1>>imishiniw1,JDN-2010-Nouns,ogiigoonyimishini,o<<giigoonhy1>>imishiniw1,JDN-2010-Nouns,,,
NA,NA_VVny,giigoonh,giigoonhy1,3PlObvPoss,NONE,Poss,Pej,NONE,ObvPl,ogiigoonyimishini,o<<giigoonhy1>>imishiniw1,GUESS,ogiigoonyimishini,o<<giigoonhy1>>imishiniw1,GUESS,,,
NA,NA_VVny,giigoonh,giigoonhy1,1SgPoss,Dim,NONE,Pej,NONE,ObvPl,ningiigoonyenzhisha',ni<<giigoonhy1>>enzhisha',JDN-2010-Nouns,ningiigoonyenzhishan,ni<<giigoonhy1>>enzhishan,JDN-2010-Nouns,,,
NA,NA_VVny,giigoonh,giigoonhy1,ExclPoss,Dim,NONE,Pej,NONE,ObvPl,ningiigoonyenzhishinaani',ni<<giigoonhy1>>enzhishinaani',JDN-2010-Nouns,ningiigoonyenzhishinaanin,ni<<giigoonhy1>>enzhishinaanin,JDN-2010-Nouns,,,
NA,NA_VVny,giigoonh,giigoonhy1,InclPoss,Dim,NONE,Pej,NONE,ObvPl,gigiigoonyenzhishinaani',gi<<giigoonhy1>>enzhishinaani',JDN-2010-Nouns,gigiigoonyenzhishinaanin,gi<<giigoonhy1>>enzhishinaanin,JDN-2010-Nouns,,,
NA,NA_VVny,giigoonh,giigoonhy1,2SgPoss,Dim,NONE,Pej,NONE,ObvPl,gigiigoonyenzhisha',gi<<giigoonhy1>>enzhisha',JDN-2010-Nouns,gigiigoonyenzhishan,gi<<giigoonhy1>>enzhishan,JDN-2010-Nouns,,,
NA,NA_VVny,giigoonh,giigoonhy1,2PlPoss,Dim,NONE,Pej,NONE,ObvPl,gigiigoonyenzhishiwaa',gi<<giigoonhy1>>enzhishiwaa',JDN-2010-Nouns,gigiigoonyenzhishiwaan,gi<<giigoonhy1>>enzhishiwaan,JDN-2010-Nouns,,,
NA,NA_VVny,giigoonh,giigoonhy1,3SgProxPoss,Dim,NONE,Pej,NONE,ObvPl,ogiigoonyenzhisha',o<<giigoonhy1>>enzhisha',JDN-2010-Nouns,ogiigoonyenzhishan,o<<giigoonhy1>>enzhishan,JDN-2010-Nouns,,,
NA,NA_VVny,giigoonh,giigoonhy1,3PlProxPoss,Dim,NONE,Pej,NONE,ObvPl,ogiigoonyenzhishiwaa',o<<giigoonhy1>>enzhishiwaa',JDN-2010-Nouns,ogiigoonyenzhishiwaan,o<<giigoonhy1>>enzhishiwaan,JDN-2010-Nouns,,,
NA,NA_VVny,giigoonh,giigoonhy1,3SgObvPoss,Dim,NONE,Pej,NONE,ObvPl,ogiigoonyenzhishini,o<<giigoonhy1>>enzhishiniw1,JDN-2010-Nouns,ogiigoonyenzhishini,o<<giigoonhy1>>enzhishiniw1,JDN-2010-Nouns,,,
NA,NA_VVny,giigoonh,giigoonhy1,3PlObvPoss,Dim,NONE,Pej,NONE,ObvPl,ogiigoonyenzhishini,o<<giigoonhy1>>enzhishiniw1,GUESS,ogiigoonyenzhishini,o<<giigoonhy1>>enzhishiniw1,GUESS,,,
NA,NA_VVny,giigoonh,giigoonhy1,1SgPoss,Dim,Poss,Pej,NONE,ObvPl,ningiigoonyensimisha',ni<<giigoonhy1>>ensimisha',JDN-2010-Nouns,ningiigoonyensimishan,ni<<giigoonhy1>>ensimishan,JDN-2010-Nouns,,,
NA,NA_VVny,giigoonh,giigoonhy1,ExclPoss,Dim,Poss,Pej,NONE,ObvPl,ningiigoonyensimishinaani',ni<<giigoonhy1>>ensimishinaani',JDN-2010-Nouns,ningiigoonyensimishinaanin,ni<<giigoonhy1>>ensimishinaanin,JDN-2010-Nouns,,,
NA,NA_VVny,giigoonh,giigoonhy1,InclPoss,Dim,Poss,Pej,NONE,ObvPl,gigiigoonyensimishinaani',gi<<giigoonhy1>>ensimishinaani',JDN-2010-Nouns,gigiigoonyensimishinaanin,gi<<giigoonhy1>>ensimishinaanin,JDN-2010-Nouns,,,
NA,NA_VVny,giigoonh,giigoonhy1,2SgPoss,Dim,Poss,Pej,NONE,ObvPl,gigiigoonyensimisha',gi<<giigoonhy1>>ensimisha',JDN-2010-Nouns,gigiigoonyensimishan,gi<<giigoonhy1>>ensimishan,JDN-2010-Nouns,,,
NA,NA_VVny,giigoonh,giigoonhy1,2PlPoss,Dim,Poss,Pej,NONE,ObvPl,gigiigoonyensimishiwaa',gi<<giigoonhy1>>ensimishiwaa',JDN-2010-Nouns,gigiigoonyensimishiwaan,gi<<giigoonhy1>>ensimishiwaan,JDN-2010-Nouns,,,
NA,NA_VVny,giigoonh,giigoonhy1,3SgProxPoss,Dim,Poss,Pej,NONE,ObvPl,ogiigoonyensimisha',o<<giigoonhy1>>ensimisha',JDN-2010-Nouns,ogiigoonyensimishan,o<<giigoonhy1>>ensimishan,JDN-2010-Nouns,,,
NA,NA_VVny,giigoonh,giigoonhy1,3PlProxPoss,Dim,Poss,Pej,NONE,ObvPl,ogiigoonyensimishiwaa',o<<giigoonhy1>>ensimishiwaa',JDN-2010-Nouns,ogiigoonyensimishiwaan,o<<giigoonhy1>>ensimishiwaan,JDN-2010-Nouns,,,
NA,NA_VVny,giigoonh,giigoonhy1,3SgObvPoss,Dim,Poss,Pej,NONE,ObvPl,ogiigoonyensimishini,o<<giigoonhy1>>ensimishiniw1,JDN-2010-Nouns,ogiigoonyensimishini,o<<giigoonhy1>>ensimishiniw1,JDN-2010-Nouns,,,
NA,NA_VVny,giigoonh,giigoonhy1,3PlObvPoss,Dim,Poss,Pej,NONE,ObvPl,ogiigoonyensimishini,o<<giigoonhy1>>ensimishiniw1,GUESS,ogiigoonyensimishini,o<<giigoonhy1>>ensimishiniw1,GUESS,,,
NA,NA_VVny,giigoonh,giigoonhy1,NONE,NONE,NONE,NONE,NONE,ObvSg,giigoonyan,<<giigoonhy1>>an,JDN-2010-Nouns,,,,,,
NA,NA_VVny,giigoonh,giigoonhy1,NONE,Dim,NONE,NONE,NONE,ObvSg,giigoonyensan,<<giigoonhy1>>ensan,JDN-2010-Nouns,,,,,,
NA,NA_VVny,giigoonh,giigoonhy1,NONE,NONE,NONE,Pej,NONE,ObvSg,giigoonyishan,<<giigoonhy1>>ishan,JDN-2010-Nouns,,,,,,
NA,NA_VVny,giigoonh,giigoonhy1,NONE,Dim,NONE,Pej,NONE,ObvSg,giigoonyenzhishan,<<giigoonhy1>>enzhishan,JDN-2010-Nouns,,,,,,
NA,NA_VVny,giigoonh,giigoonhy1,1SgPoss,NONE,NONE,NONE,NONE,ObvSg,ningiigoonyan,ni<<giigoonhy1>>an,JDN-2010-Nouns,,,,,,
NA,NA_VVny,giigoonh,giigoonhy1,ExclPoss,NONE,NONE,NONE,NONE,ObvSg,ningiigoonyinaanin,ni<<giigoonhy1>>inaanin,JDN-2010-Nouns,,,,,,
NA,NA_VVny,giigoonh,giigoonhy1,InclPoss,NONE,NONE,NONE,NONE,ObvSg,gigiigoonyinaanin,gi<<giigoonhy1>>inaanin,JDN-2010-Nouns,,,,,,
NA,NA_VVny,giigoonh,giigoonhy1,2SgPoss,NONE,NONE,NONE,NONE,ObvSg,gigiigoonyan,gi<<giigoonhy1>>an,JDN-2010-Nouns,,,,,,
NA,NA_VVny,giigoonh,giigoonhy1,2PlPoss,NONE,NONE,NONE,NONE,ObvSg,gigiigoonyiwaan,gi<<giigoonhy1>>iwaan,JDN-2010-Nouns,,,,,,
NA,NA_VVny,giigoonh,giigoonhy1,3SgProxPoss,NONE,NONE,NONE,NONE,ObvSg,ogiigoonyan,o<<giigoonhy1>>an,JDN-2010-Nouns,,,,,,
NA,NA_VVny,giigoonh,giigoonhy1,3PlProxPoss,NONE,NONE,NONE,NONE,ObvSg,ogiigoonyiwaan,o<<giigoonhy1>>iwaan,JDN-2010-Nouns,,,,,,
NA,NA_VVny,giigoonh,giigoonhy1,3SgObvPoss,NONE,NONE,NONE,NONE,ObvSg,ogiigoonyini,o<<giigoonhy1>>iniw1,JDN-2010-Nouns,,,,,,
NA,NA_VVny,giigoonh,giigoonhy1,3PlObvPoss,NONE,NONE,NONE,NONE,ObvSg,ogiigoonyini,o<<giigoonhy1>>iniw1,GUESS,,,,,,
NA,NA_VVny,giigoonh,giigoonhy1,1SgPoss,NONE,Poss,NONE,NONE,ObvSg,ningiigoonyiman,ni<<giigoonhy1>>iman,JDN-2010-Nouns,,,,,,
NA,NA_VVny,giigoonh,giigoonhy1,ExclPoss,NONE,Poss,NONE,NONE,ObvSg,ningiigoonyiminaanin,ni<<giigoonhy1>>iminaanin,JDN-2010-Nouns,,,,,,
NA,NA_VVny,giigoonh,giigoonhy1,InclPoss,NONE,Poss,NONE,NONE,ObvSg,gigiigoonyiminaanin,gi<<giigoonhy1>>iminaanin,JDN-2010-Nouns,,,,,,
NA,NA_VVny,giigoonh,giigoonhy1,2SgPoss,NONE,Poss,NONE,NONE,ObvSg,gigiigoonyiman,gi<<giigoonhy1>>iman,JDN-2010-Nouns,,,,,,
NA,NA_VVny,giigoonh,giigoonhy1,2PlPoss,NONE,Poss,NONE,NONE,ObvSg,gigiigoonyimiwaan,gi<<giigoonhy1>>imiwaan,JDN-2010-Nouns,,,,,,
NA,NA_VVny,giigoonh,giigoonhy1,3SgProxPoss,NONE,Poss,NONE,NONE,ObvSg,ogiigoonyiman,o<<giigoonhy1>>iman,JDN-2010-Nouns,,,,,,
NA,NA_VVny,giigoonh,giigoonhy1,3PlProxPoss,NONE,Poss,NONE,NONE,ObvSg,ogiigoonyimiwaan,o<<giigoonhy1>>imiwaan,JDN-2010-Nouns,,,,,,
NA,NA_VVny,giigoonh,giigoonhy1,3SgObvPoss,NONE,Poss,NONE,NONE,ObvSg,ogiigoonyimini,o<<giigoonhy1>>iminiw1,JDN-2010-Nouns,,,,,,
NA,NA_VVny,giigoonh,giigoonhy1,3PlObvPoss,NONE,Poss,NONE,NONE,ObvSg,ogiigoonyimini,o<<giigoonhy1>>iminiw1,GUESS,,,,,,
NA,NA_VVny,giigoonh,giigoonhy1,1SgPoss,Dim,NONE,NONE,NONE,ObvSg,ningiigoonyensan,ni<<giigoonhy1>>ensan,JDN-2010-Nouns,,,,,,
NA,NA_VVny,giigoonh,giigoonhy1,ExclPoss,Dim,NONE,NONE,NONE,ObvSg,ningiigoonyensinaanin,ni<<giigoonhy1>>ensinaanin,JDN-2010-Nouns,,,,,,
NA,NA_VVny,giigoonh,giigoonhy1,InclPoss,Dim,NONE,NONE,NONE,ObvSg,gigiigoonyensinaanin,gi<<giigoonhy1>>ensinaanin,JDN-2010-Nouns,,,,,,
NA,NA_VVny,giigoonh,giigoonhy1,2SgPoss,Dim,NONE,NONE,NONE,ObvSg,gigiigoonyensan,gi<<giigoonhy1>>ensan,JDN-2010-Nouns,,,,,,
NA,NA_VVny,giigoonh,giigoonhy1,2PlPoss,Dim,NONE,NONE,NONE,ObvSg,gigiigoonyensiwaan,gi<<giigoonhy1>>ensiwaan,JDN-2010-Nouns,,,,,,
NA,NA_VVny,giigoonh,giigoonhy1,3SgProxPoss,Dim,NONE,NONE,NONE,ObvSg,ogiigoonyensan,o<<giigoonhy1>>ensan,JDN-2010-Nouns,,,,,,
NA,NA_VVny,giigoonh,giigoonhy1,3PlProxPoss,Dim,NONE,NONE,NONE,ObvSg,ogiigoonyensiwaan,o<<giigoonhy1>>ensiwaan,JDN-2010-Nouns,,,,,,
NA,NA_VVny,giigoonh,giigoonhy1,3SgObvPoss,Dim,NONE,NONE,NONE,ObvSg,ogiigoonyensini,o<<giigoonhy1>>ensiniw1,JDN-2010-Nouns,,,,,,
NA,NA_VVny,giigoonh,giigoonhy1,3PlObvPoss,Dim,NONE,NONE,NONE,ObvSg,ogiigoonyensini,o<<giigoonhy1>>ensiniw1,GUESS,,,,,,
NA,NA_VVny,giigoonh,giigoonhy1,1SgPoss,Dim,Poss,NONE,NONE,ObvSg,ningiigoonyensiman,ni<<giigoonhy1>>ensiman,JDN-2010-Nouns,,,,,,
NA,NA_VVny,giigoonh,giigoonhy1,ExclPoss,Dim,Poss,NONE,NONE,ObvSg,ningiigoonyensiminaanin,ni<<giigoonhy1>>ensiminaanin,JDN-2010-Nouns,,,,,,
NA,NA_VVny,giigoonh,giigoonhy1,InclPoss,Dim,Poss,NONE,NONE,ObvSg,gigiigoonyensiminaanin,gi<<giigoonhy1>>ensiminaanin,JDN-2010-Nouns,,,,,,
NA,NA_VVny,giigoonh,giigoonhy1,2SgPoss,Dim,Poss,NONE,NONE,ObvSg,gigiigoonyensiman,gi<<giigoonhy1>>ensiman,JDN-2010-Nouns,,,,,,
NA,NA_VVny,giigoonh,giigoonhy1,2PlPoss,Dim,Poss,NONE,NONE,ObvSg,gigiigoonyensimiwaan,gi<<giigoonhy1>>ensimiwaan,JDN-2010-Nouns,,,,,,
NA,NA_VVny,giigoonh,giigoonhy1,3SgProxPoss,Dim,Poss,NONE,NONE,ObvSg,ogiigoonyensiman,o<<giigoonhy1>>ensiman,JDN-2010-Nouns,,,,,,
NA,NA_VVny,giigoonh,giigoonhy1,3PlProxPoss,Dim,Poss,NONE,NONE,ObvSg,ogiigoonyensimiwaan,o<<giigoonhy1>>ensimiwaan,JDN-2010-Nouns,,,,,,
NA,NA_VVny,giigoonh,giigoonhy1,3SgObvPoss,Dim,Poss,NONE,NONE,ObvSg,ogiigoonyensimini,o<<giigoonhy1>>ensiminiw1,JDN-2010-Nouns,,,,,,
NA,NA_VVny,giigoonh,giigoonhy1,3PlObvPoss,Dim,Poss,NONE,NONE,ObvSg,ogiigoonyensimini,o<<giigoonhy1>>ensiminiw1,GUESS,,,,,,
NA,NA_VVny,giigoonh,giigoonhy1,1SgPoss,NONE,NONE,Pej,NONE,ObvSg,ningiigoonyishan,ni<<giigoonhy1>>ishan,JDN-2010-Nouns,,,,,,
NA,NA_VVny,giigoonh,giigoonhy1,ExclPoss,NONE,NONE,Pej,NONE,ObvSg,ningiigoonyishinaanin,ni<<giigoonhy1>>ishinaanin,JDN-2010-Nouns,,,,,,
NA,NA_VVny,giigoonh,giigoonhy1,InclPoss,NONE,NONE,Pej,NONE,ObvSg,gigiigoonyishinaanin,gi<<giigoonhy1>>ishinaanin,JDN-2010-Nouns,,,,,,
NA,NA_VVny,giigoonh,giigoonhy1,2SgPoss,NONE,NONE,Pej,NONE,ObvSg,gigiigoonyishan,gi<<giigoonhy1>>ishan,JDN-2010-Nouns,,,,,,
NA,NA_VVny,giigoonh,giigoonhy1,2PlPoss,NONE,NONE,Pej,NONE,ObvSg,gigiigoonyishiwaan,gi<<giigoonhy1>>ishiwaan,JDN-2010-Nouns,,,,,,
NA,NA_VVny,giigoonh,giigoonhy1,3SgProxPoss,NONE,NONE,Pej,NONE,ObvSg,ogiigoonyishan,o<<giigoonhy1>>ishan,JDN-2010-Nouns,,,,,,
NA,NA_VVny,giigoonh,giigoonhy1,3PlProxPoss,NONE,NONE,Pej,NONE,ObvSg,ogiigoonyishiwaan,o<<giigoonhy1>>ishiwaan,JDN-2010-Nouns,,,,,,
NA,NA_VVny,giigoonh,giigoonhy1,3SgObvPoss,NONE,NONE,Pej,NONE,ObvSg,ogiigoonyishini,o<<giigoonhy1>>ishiniw1,JDN-2010-Nouns,,,,,,
NA,NA_VVny,giigoonh,giigoonhy1,3PlObvPoss,NONE,NONE,Pej,NONE,ObvSg,ogiigoonyishini,o<<giigoonhy1>>ishiniw1,GUESS,,,,,,
NA,NA_VVny,giigoonh,giigoonhy1,1SgPoss,NONE,Poss,Pej,NONE,ObvSg,ningiigoonyimishan,ni<<giigoonhy1>>imishan,JDN-2010-Nouns,,,,,,
NA,NA_VVny,giigoonh,giigoonhy1,ExclPoss,NONE,Poss,Pej,NONE,ObvSg,ningiigoonyimishinaanin,ni<<giigoonhy1>>imishinaanin,JDN-2010-Nouns,,,,,,
NA,NA_VVny,giigoonh,giigoonhy1,InclPoss,NONE,Poss,Pej,NONE,ObvSg,gigiigoonyimishinaanin,gi<<giigoonhy1>>imishinaanin,JDN-2010-Nouns,,,,,,
NA,NA_VVny,giigoonh,giigoonhy1,2SgPoss,NONE,Poss,Pej,NONE,ObvSg,gigiigoonyimishan,gi<<giigoonhy1>>imishan,JDN-2010-Nouns,,,,,,
NA,NA_VVny,giigoonh,giigoonhy1,2PlPoss,NONE,Poss,Pej,NONE,ObvSg,gigiigoonyimishiwaan,gi<<giigoonhy1>>imishiwaan,JDN-2010-Nouns,,,,,,
NA,NA_VVny,giigoonh,giigoonhy1,3SgProxPoss,NONE,Poss,Pej,NONE,ObvSg,ogiigoonyimishan,o<<giigoonhy1>>imishan,JDN-2010-Nouns,,,,,,
NA,NA_VVny,giigoonh,giigoonhy1,3PlProxPoss,NONE,Poss,Pej,NONE,ObvSg,ogiigoonyimishiwaan,o<<giigoonhy1>>imishiwaan,JDN-2010-Nouns,,,,,,
NA,NA_VVny,giigoonh,giigoonhy1,3SgObvPoss,NONE,Poss,Pej,NONE,ObvSg,ogiigoonyimishini,o<<giigoonhy1>>imishiniw1,JDN-2010-Nouns,,,,,,
NA,NA_VVny,giigoonh,giigoonhy1,3PlObvPoss,NONE,Poss,Pej,NONE,ObvSg,ogiigoonyimishini,o<<giigoonhy1>>imishiniw1,GUESS,,,,,,
NA,NA_VVny,giigoonh,giigoonhy1,1SgPoss,Dim,NONE,Pej,NONE,ObvSg,ningiigoonyenzhishan,ni<<giigoonhy1>>enzhishan,JDN-2010-Nouns,,,,,,
NA,NA_VVny,giigoonh,giigoonhy1,ExclPoss,Dim,NONE,Pej,NONE,ObvSg,ningiigoonyenzhishinaanin,ni<<giigoonhy1>>enzhishinaanin,JDN-2010-Nouns,,,,,,
NA,NA_VVny,giigoonh,giigoonhy1,InclPoss,Dim,NONE,Pej,NONE,ObvSg,gigiigoonyenzhishinaanin,gi<<giigoonhy1>>enzhishinaanin,JDN-2010-Nouns,,,,,,
NA,NA_VVny,giigoonh,giigoonhy1,2SgPoss,Dim,NONE,Pej,NONE,ObvSg,gigiigoonyenzhishan,gi<<giigoonhy1>>enzhishan,JDN-2010-Nouns,,,,,,
NA,NA_VVny,giigoonh,giigoonhy1,2PlPoss,Dim,NONE,Pej,NONE,ObvSg,gigiigoonyenzhishiwaan,gi<<giigoonhy1>>enzhishiwaan,JDN-2010-Nouns,,,,,,
NA,NA_VVny,giigoonh,giigoonhy1,3SgProxPoss,Dim,NONE,Pej,NONE,ObvSg,ogiigoonyenzhishan,o<<giigoonhy1>>enzhishan,JDN-2010-Nouns,,,,,,
NA,NA_VVny,giigoonh,giigoonhy1,3PlProxPoss,Dim,NONE,Pej,NONE,ObvSg,ogiigoonyenzhishiwaan,o<<giigoonhy1>>enzhishiwaan,JDN-2010-Nouns,,,,,,
NA,NA_VVny,giigoonh,giigoonhy1,3SgObvPoss,Dim,NONE,Pej,NONE,ObvSg,ogiigoonyenzhishini,o<<giigoonhy1>>enzhishiniw1,JDN-2010-Nouns,,,,,,
NA,NA_VVny,giigoonh,giigoonhy1,3PlObvPoss,Dim,NONE,Pej,NONE,ObvSg,ogiigoonyenzhishini,o<<giigoonhy1>>enzhishiniw1,GUESS,,,,,,
NA,NA_VVny,giigoonh,giigoonhy1,1SgPoss,Dim,Poss,Pej,NONE,ObvSg,ningiigoonyensimishan,ni<<giigoonhy1>>ensimishan,JDN-2010-Nouns,,,,,,
NA,NA_VVny,giigoonh,giigoonhy1,ExclPoss,Dim,Poss,Pej,NONE,ObvSg,ningiigoonyensimishinaanin,ni<<giigoonhy1>>ensimishinaanin,JDN-2010-Nouns,,,,,,
NA,NA_VVny,giigoonh,giigoonhy1,InclPoss,Dim,Poss,Pej,NONE,ObvSg,gigiigoonyensimishinaanin,gi<<giigoonhy1>>ensimishinaanin,JDN-2010-Nouns,,,,,,
NA,NA_VVny,giigoonh,giigoonhy1,2SgPoss,Dim,Poss,Pej,NONE,ObvSg,gigiigoonyensimishan,gi<<giigoonhy1>>ensimishan,JDN-2010-Nouns,,,,,,
NA,NA_VVny,giigoonh,giigoonhy1,2PlPoss,Dim,Poss,Pej,NONE,ObvSg,gigiigoonyensimishiwaan,gi<<giigoonhy1>>ensimishiwaan,JDN-2010-Nouns,,,,,,
NA,NA_VVny,giigoonh,giigoonhy1,3SgProxPoss,Dim,Poss,Pej,NONE,ObvSg,ogiigoonyensimishan,o<<giigoonhy1>>ensimishan,JDN-2010-Nouns,,,,,,
NA,NA_VVny,giigoonh,giigoonhy1,3PlProxPoss,Dim,Poss,Pej,NONE,ObvSg,ogiigoonyensimishiwaan,o<<giigoonhy1>>ensimishiwaan,JDN-2010-Nouns,,,,,,
NA,NA_VVny,giigoonh,giigoonhy1,3SgObvPoss,Dim,Poss,Pej,NONE,ObvSg,ogiigoonyensimishini,o<<giigoonhy1>>ensimishiniw1,JDN-2010-Nouns,,,,,,
NA,NA_VVny,giigoonh,giigoonhy1,3PlObvPoss,Dim,Poss,Pej,NONE,ObvSg,ogiigoonyensimishini,o<<giigoonhy1>>ensimishiniw1,GUESS,,,,,,
NA,NA_VVny,giigoonh,giigoonhy1,NONE,NONE,NONE,NONE,NONE,ProxPl,giigoonyag,<<giigoonhy1>>ag,JDN-2010-Nouns,,,,,,
NA,NA_VVny,giigoonh,giigoonhy1,NONE,Dim,NONE,NONE,NONE,ProxPl,giigoonyensag,<<giigoonhy1>>ensag,JDN-2010-Nouns,,,,,,
NA,NA_VVny,giigoonh,giigoonhy1,NONE,NONE,NONE,Pej,NONE,ProxPl,giigoonyishag,<<giigoonhy1>>ishag,JDN-2010-Nouns,,,,,,
NA,NA_VVny,giigoonh,giigoonhy1,NONE,Dim,NONE,Pej,NONE,ProxPl,giigoonyenzhishag,<<giigoonhy1>>enzhishag,JDN-2010-Nouns,,,,,,
NA,NA_VVny,giigoonh,giigoonhy1,1SgPoss,NONE,NONE,NONE,NONE,ProxPl,ningiigoonyag,ni<<giigoonhy1>>ag,JDN-2010-Nouns,,,,,,
NA,NA_VVny,giigoonh,giigoonhy1,ExclPoss,NONE,NONE,NONE,NONE,ProxPl,ningiigoonyinaanig,ni<<giigoonhy1>>inaanig,JDN-2010-Nouns,,,,,,
NA,NA_VVny,giigoonh,giigoonhy1,InclPoss,NONE,NONE,NONE,NONE,ProxPl,gigiigoonyinaanig,gi<<giigoonhy1>>inaanig,JDN-2010-Nouns,,,,,,
NA,NA_VVny,giigoonh,giigoonhy1,2SgPoss,NONE,NONE,NONE,NONE,ProxPl,gigiigoonyag,gi<<giigoonhy1>>ag,JDN-2010-Nouns,,,,,,
NA,NA_VVny,giigoonh,giigoonhy1,2PlPoss,NONE,NONE,NONE,NONE,ProxPl,gigiigoonyiwaag,gi<<giigoonhy1>>iwaag,JDN-2010-Nouns,,,,,,
NA,NA_VVny,giigoonh,giigoonhy1,1SgPoss,NONE,Poss,NONE,NONE,ProxPl,ningiigoonyimag,ni<<giigoonhy1>>imag,JDN-2010-Nouns,,,,,,
NA,NA_VVny,giigoonh,giigoonhy1,ExclPoss,NONE,Poss,NONE,NONE,ProxPl,ningiigoonyiminaanig,ni<<giigoonhy1>>iminaanig,JDN-2010-Nouns,,,,,,
NA,NA_VVny,giigoonh,giigoonhy1,InclPoss,NONE,Poss,NONE,NONE,ProxPl,gigiigoonyiminaanig,gi<<giigoonhy1>>iminaanig,JDN-2010-Nouns,,,,,,
NA,NA_VVny,giigoonh,giigoonhy1,2SgPoss,NONE,Poss,NONE,NONE,ProxPl,gigiigoonyimag,gi<<giigoonhy1>>imag,JDN-2010-Nouns,,,,,,
NA,NA_VVny,giigoonh,giigoonhy1,2PlPoss,NONE,Poss,NONE,NONE,ProxPl,gigiigoonyimiwaag,gi<<giigoonhy1>>imiwaag,JDN-2010-Nouns,,,,,,
NA,NA_VVny,giigoonh,giigoonhy1,1SgPoss,Dim,NONE,NONE,NONE,ProxPl,ningiigoonyensag,ni<<giigoonhy1>>ensag,JDN-2010-Nouns,,,,,,
NA,NA_VVny,giigoonh,giigoonhy1,ExclPoss,Dim,NONE,NONE,NONE,ProxPl,ningiigoonyensinaanig,ni<<giigoonhy1>>ensinaanig,JDN-2010-Nouns,,,,,,
NA,NA_VVny,giigoonh,giigoonhy1,InclPoss,Dim,NONE,NONE,NONE,ProxPl,gigiigoonyensinaanig,gi<<giigoonhy1>>ensinaanig,JDN-2010-Nouns,,,,,,
NA,NA_VVny,giigoonh,giigoonhy1,2SgPoss,Dim,NONE,NONE,NONE,ProxPl,gigiigoonyensag,gi<<giigoonhy1>>ensag,JDN-2010-Nouns,,,,,,
NA,NA_VVny,giigoonh,giigoonhy1,2PlPoss,Dim,NONE,NONE,NONE,ProxPl,gigiigoonyensiwaag,gi<<giigoonhy1>>ensiwaag,JDN-2010-Nouns,,,,,,
NA,NA_VVny,giigoonh,giigoonhy1,1SgPoss,Dim,Poss,NONE,NONE,ProxPl,ningiigoonyensimag,ni<<giigoonhy1>>ensimag,JDN-2010-Nouns,,,,,,
NA,NA_VVny,giigoonh,giigoonhy1,ExclPoss,Dim,Poss,NONE,NONE,ProxPl,ningiigoonyensiminaanig,ni<<giigoonhy1>>ensiminaanig,JDN-2010-Nouns,,,,,,
NA,NA_VVny,giigoonh,giigoonhy1,InclPoss,Dim,Poss,NONE,NONE,ProxPl,gigiigoonyensiminaanig,gi<<giigoonhy1>>ensiminaanig,JDN-2010-Nouns,,,,,,
NA,NA_VVny,giigoonh,giigoonhy1,2SgPoss,Dim,Poss,NONE,NONE,ProxPl,gigiigoonyensimag,gi<<giigoonhy1>>ensimag,JDN-2010-Nouns,,,,,,
NA,NA_VVny,giigoonh,giigoonhy1,2PlPoss,Dim,Poss,NONE,NONE,ProxPl,gigiigoonyensimiwaag,gi<<giigoonhy1>>ensimiwaag,JDN-2010-Nouns,,,,,,
NA,NA_VVny,giigoonh,giigoonhy1,1SgPoss,NONE,NONE,Pej,NONE,ProxPl,ningiigoonyishag,ni<<giigoonhy1>>ishag,JDN-2010-Nouns,,,,,,
NA,NA_VVny,giigoonh,giigoonhy1,ExclPoss,NONE,NONE,Pej,NONE,ProxPl,ningiigoonyishinaanig,ni<<giigoonhy1>>ishinaanig,JDN-2010-Nouns,,,,,,
NA,NA_VVny,giigoonh,giigoonhy1,InclPoss,NONE,NONE,Pej,NONE,ProxPl,gigiigoonyishinaanig,gi<<giigoonhy1>>ishinaanig,JDN-2010-Nouns,,,,,,
NA,NA_VVny,giigoonh,giigoonhy1,2SgPoss,NONE,NONE,Pej,NONE,ProxPl,gigiigoonyishag,gi<<giigoonhy1>>ishag,JDN-2010-Nouns,,,,,,
NA,NA_VVny,giigoonh,giigoonhy1,2PlPoss,NONE,NONE,Pej,NONE,ProxPl,gigiigoonyishiwaag,gi<<giigoonhy1>>ishiwaag,JDN-2010-Nouns,,,,,,
NA,NA_VVny,giigoonh,giigoonhy1,1SgPoss,NONE,Poss,Pej,NONE,ProxPl,ningiigoonyimishag,ni<<giigoonhy1>>imishag,JDN-2010-Nouns,,,,,,
NA,NA_VVny,giigoonh,giigoonhy1,ExclPoss,NONE,Poss,Pej,NONE,ProxPl,ningiigoonyimishinaanig,ni<<giigoonhy1>>imishinaanig,JDN-2010-Nouns,,,,,,
NA,NA_VVny,giigoonh,giigoonhy1,InclPoss,NONE,Poss,Pej,NONE,ProxPl,gigiigoonyimishinaanig,gi<<giigoonhy1>>imishinaanig,JDN-2010-Nouns,,,,,,
NA,NA_VVny,giigoonh,giigoonhy1,2SgPoss,NONE,Poss,Pej,NONE,ProxPl,gigiigoonyimishag,gi<<giigoonhy1>>imishag,JDN-2010-Nouns,,,,,,
NA,NA_VVny,giigoonh,giigoonhy1,2PlPoss,NONE,Poss,Pej,NONE,ProxPl,gigiigoonyimishiwaag,gi<<giigoonhy1>>imishiwaag,JDN-2010-Nouns,,,,,,
NA,NA_VVny,giigoonh,giigoonhy1,1SgPoss,Dim,NONE,Pej,NONE,ProxPl,ningiigoonyenzhishag,ni<<giigoonhy1>>enzhishag,JDN-2010-Nouns,,,,,,
NA,NA_VVny,giigoonh,giigoonhy1,ExclPoss,Dim,NONE,Pej,NONE,ProxPl,ningiigoonyenzhishinaanig,ni<<giigoonhy1>>enzhishinaanig,JDN-2010-Nouns,,,,,,
NA,NA_VVny,giigoonh,giigoonhy1,InclPoss,Dim,NONE,Pej,NONE,ProxPl,gigiigoonyenzhishinaanig,gi<<giigoonhy1>>enzhishinaanig,JDN-2010-Nouns,,,,,,
NA,NA_VVny,giigoonh,giigoonhy1,2SgPoss,Dim,NONE,Pej,NONE,ProxPl,gigiigoonyenzhishag,gi<<giigoonhy1>>enzhishag,JDN-2010-Nouns,,,,,,
NA,NA_VVny,giigoonh,giigoonhy1,2PlPoss,Dim,NONE,Pej,NONE,ProxPl,gigiigoonyenzhishiwaag,gi<<giigoonhy1>>enzhishiwaag,JDN-2010-Nouns,,,,,,
NA,NA_VVny,giigoonh,giigoonhy1,1SgPoss,Dim,Poss,Pej,NONE,ProxPl,ningiigoonyensimishag,ni<<giigoonhy1>>ensimishag,JDN-2010-Nouns,,,,,,
NA,NA_VVny,giigoonh,giigoonhy1,ExclPoss,Dim,Poss,Pej,NONE,ProxPl,ningiigoonyensimishinaanig,ni<<giigoonhy1>>ensimishinaanig,JDN-2010-Nouns,,,,,,
NA,NA_VVny,giigoonh,giigoonhy1,InclPoss,Dim,Poss,Pej,NONE,ProxPl,gigiigoonyensimishinaanig,gi<<giigoonhy1>>ensimishinaanig,JDN-2010-Nouns,,,,,,
NA,NA_VVny,giigoonh,giigoonhy1,2SgPoss,Dim,Poss,Pej,NONE,ProxPl,gigiigoonyensimishag,gi<<giigoonhy1>>ensimishag,JDN-2010-Nouns,,,,,,
NA,NA_VVny,giigoonh,giigoonhy1,2PlPoss,Dim,Poss,Pej,NONE,ProxPl,gigiigoonyensimishiwaag,gi<<giigoonhy1>>ensimishiwaag,JDN-2010-Nouns,,,,,,
NA,NA_VVny,giigoonh,giigoonhy1,NONE,NONE,NONE,NONE,NONE,ProxSg,giigoonh,<<giigoonhy1>>,JDN-2010-Nouns,,,,,,
NA,NA_VVny,giigoonh,giigoonhy1,NONE,Dim,NONE,NONE,NONE,ProxSg,giigoonyens,<<giigoonhy1>>ens,JDN-2010-Nouns,,,,,,
NA,NA_VVny,giigoonh,giigoonhy1,NONE,NONE,NONE,Pej,NONE,ProxSg,giigoonyish,<<giigoonhy1>>ish,JDN-2010-Nouns,,,,,,
NA,NA_VVny,giigoonh,giigoonhy1,NONE,Dim,NONE,Pej,NONE,ProxSg,giigoonyenzhish,<<giigoonhy1>>enzhish,JDN-2010-Nouns,,,,,,
NA,NA_VVny,giigoonh,giigoonhy1,1SgPoss,NONE,NONE,NONE,NONE,ProxSg,ningiigoonh,ni<<giigoonhy1>>,JDN-2010-Nouns,,,,,,
NA,NA_VVny,giigoonh,giigoonhy1,ExclPoss,NONE,NONE,NONE,NONE,ProxSg,ningiigoonyinaan,ni<<giigoonhy1>>inaan,JDN-2010-Nouns,,,,,,
NA,NA_VVny,giigoonh,giigoonhy1,InclPoss,NONE,NONE,NONE,NONE,ProxSg,gigiigoonyinaan,gi<<giigoonhy1>>inaan,JDN-2010-Nouns,,,,,,
NA,NA_VVny,giigoonh,giigoonhy1,2SgPoss,NONE,NONE,NONE,NONE,ProxSg,gigiigoonh,gi<<giigoonhy1>>,JDN-2010-Nouns,,,,,,
NA,NA_VVny,giigoonh,giigoonhy1,2PlPoss,NONE,NONE,NONE,NONE,ProxSg,gigiigoonyiwaa,gi<<giigoonhy1>>iwaa,JDN-2010-Nouns,,,,,,
NA,NA_VVny,giigoonh,giigoonhy1,1SgPoss,NONE,Poss,NONE,NONE,ProxSg,ningiigoonyim,ni<<giigoonhy1>>im,JDN-2010-Nouns,,,,,,
NA,NA_VVny,giigoonh,giigoonhy1,ExclPoss,NONE,Poss,NONE,NONE,ProxSg,ningiigoonyiminaan,ni<<giigoonhy1>>iminaan,JDN-2010-Nouns,,,,,,
NA,NA_VVny,giigoonh,giigoonhy1,InclPoss,NONE,Poss,NONE,NONE,ProxSg,gigiigoonyiminaan,gi<<giigoonhy1>>iminaan,JDN-2010-Nouns,,,,,,
NA,NA_VVny,giigoonh,giigoonhy1,2SgPoss,NONE,Poss,NONE,NONE,ProxSg,gigiigoonyiminaan,gi<<giigoonhy1>>iminaan,JDN-2010-Nouns,,,,,,
NA,NA_VVny,giigoonh,giigoonhy1,2PlPoss,NONE,Poss,NONE,NONE,ProxSg,gigiigoonyimiwaa,gi<<giigoonhy1>>imiwaa,JDN-2010-Nouns,,,,,,
NA,NA_VVny,giigoonh,giigoonhy1,1SgPoss,Dim,NONE,NONE,NONE,ProxSg,ningiigoonyens,ni<<giigoonhy1>>ens,JDN-2010-Nouns,,,,,,
NA,NA_VVny,giigoonh,giigoonhy1,ExclPoss,Dim,NONE,NONE,NONE,ProxSg,ningiigoonyensinaan,ni<<giigoonhy1>>ensinaan,JDN-2010-Nouns,,,,,,
NA,NA_VVny,giigoonh,giigoonhy1,InclPoss,Dim,NONE,NONE,NONE,ProxSg,gigiigoonyensinaan,gi<<giigoonhy1>>ensinaan,JDN-2010-Nouns,,,,,,
NA,NA_VVny,giigoonh,giigoonhy1,2SgPoss,Dim,NONE,NONE,NONE,ProxSg,gigiigoonyens,gi<<giigoonhy1>>ens,JDN-2010-Nouns,,,,,,
NA,NA_VVny,giigoonh,giigoonhy1,2PlPoss,Dim,NONE,NONE,NONE,ProxSg,gigiigoonyensiwaa,gi<<giigoonhy1>>ensiwaa,JDN-2010-Nouns,,,,,,
NA,NA_VVny,giigoonh,giigoonhy1,1SgPoss,Dim,Poss,NONE,NONE,ProxSg,ningiigoonyensim,ni<<giigoonhy1>>ensim,JDN-2010-Nouns,,,,,,
NA,NA_VVny,giigoonh,giigoonhy1,ExclPoss,Dim,Poss,NONE,NONE,ProxSg,ningiigoonyensiminaan,ni<<giigoonhy1>>ensiminaan,JDN-2010-Nouns,,,,,,
NA,NA_VVny,giigoonh,giigoonhy1,InclPoss,Dim,Poss,NONE,NONE,ProxSg,gigiigoonyensiminaan,gi<<giigoonhy1>>ensiminaan,JDN-2010-Nouns,,,,,,
NA,NA_VVny,giigoonh,giigoonhy1,2SgPoss,Dim,Poss,NONE,NONE,ProxSg,gigiigoonyensiminaan,gi<<giigoonhy1>>ensiminaan,JDN-2010-Nouns,,,,,,
NA,NA_VVny,giigoonh,giigoonhy1,2PlPoss,Dim,Poss,NONE,NONE,ProxSg,gigiigoonyensimiwaa,gi<<giigoonhy1>>ensimiwaa,JDN-2010-Nouns,,,,,,
NA,NA_VVny,giigoonh,giigoonhy1,1SgPoss,NONE,NONE,Pej,NONE,ProxSg,ningiigoonyish,ni<<giigoonhy1>>ish,JDN-2010-Nouns,,,,,,
NA,NA_VVny,giigoonh,giigoonhy1,ExclPoss,NONE,NONE,Pej,NONE,ProxSg,ningiigoonyishinaan,ni<<giigoonhy1>>ishinaan,JDN-2010-Nouns,,,,,,
NA,NA_VVny,giigoonh,giigoonhy1,InclPoss,NONE,NONE,Pej,NONE,ProxSg,gigiigoonyishinaan,gi<<giigoonhy1>>ishinaan,JDN-2010-Nouns,,,,,,
NA,NA_VVny,giigoonh,giigoonhy1,2SgPoss,NONE,NONE,Pej,NONE,ProxSg,gigiigoonyish,gi<<giigoonhy1>>ish,JDN-2010-Nouns,,,,,,
NA,NA_VVny,giigoonh,giigoonhy1,2PlPoss,NONE,NONE,Pej,NONE,ProxSg,gigiigoonyishiwaa,gi<<giigoonhy1>>ishiwaa,JDN-2010-Nouns,,,,,,
NA,NA_VVny,giigoonh,giigoonhy1,1SgPoss,NONE,Poss,Pej,NONE,ProxSg,ningiigoonyimish,ni<<giigoonhy1>>imish,JDN-2010-Nouns,,,,,,
NA,NA_VVny,giigoonh,giigoonhy1,ExclPoss,NONE,Poss,Pej,NONE,ProxSg,ningiigoonyimishinaan,ni<<giigoonhy1>>imishinaan,JDN-2010-Nouns,,,,,,
NA,NA_VVny,giigoonh,giigoonhy1,InclPoss,NONE,Poss,Pej,NONE,ProxSg,gigiigoonyimishinaan,gi<<giigoonhy1>>imishinaan,JDN-2010-Nouns,,,,,,
NA,NA_VVny,giigoonh,giigoonhy1,2SgPoss,NONE,Poss,Pej,NONE,ProxSg,gigiigoonyimishinaan,gi<<giigoonhy1>>imishinaan,JDN-2010-Nouns,,,,,,
NA,NA_VVny,giigoonh,giigoonhy1,2PlPoss,NONE,Poss,Pej,NONE,ProxSg,gigiigoonyimishiwaa,gi<<giigoonhy1>>imishiwaa,JDN-2010-Nouns,,,,,,
NA,NA_VVny,giigoonh,giigoonhy1,1SgPoss,Dim,NONE,Pej,NONE,ProxSg,ningiigoonyenzhish,ni<<giigoonhy1>>enzhish,JDN-2010-Nouns,,,,,,
NA,NA_VVny,giigoonh,giigoonhy1,ExclPoss,Dim,NONE,Pej,NONE,ProxSg,ningiigoonyenzhishinaan,ni<<giigoonhy1>>enzhishinaan,JDN-2010-Nouns,,,,,,
NA,NA_VVny,giigoonh,giigoonhy1,InclPoss,Dim,NONE,Pej,NONE,ProxSg,gigiigoonyenzhishinaan,gi<<giigoonhy1>>enzhishinaan,JDN-2010-Nouns,,,,,,
NA,NA_VVny,giigoonh,giigoonhy1,2SgPoss,Dim,NONE,Pej,NONE,ProxSg,gigiigoonyenzhish,gi<<giigoonhy1>>enzhish,JDN-2010-Nouns,,,,,,
NA,NA_VVny,giigoonh,giigoonhy1,2PlPoss,Dim,NONE,Pej,NONE,ProxSg,gigiigoonyenzhishiwaa,gi<<giigoonhy1>>enzhishiwaa,JDN-2010-Nouns,,,,,,
NA,NA_VVny,giigoonh,giigoonhy1,1SgPoss,Dim,Poss,Pej,NONE,ProxSg,ningiigoonyensimish,ni<<giigoonhy1>>ensimish,JDN-2010-Nouns,,,,,,
NA,NA_VVny,giigoonh,giigoonhy1,ExclPoss,Dim,Poss,Pej,NONE,ProxSg,ningiigoonyensimishinaan,ni<<giigoonhy1>>ensimishinaan,JDN-2010-Nouns,,,,,,
NA,NA_VVny,giigoonh,giigoonhy1,InclPoss,Dim,Poss,Pej,NONE,ProxSg,gigiigoonyensimishinaan,gi<<giigoonhy1>>ensimishinaan,JDN-2010-Nouns,,,,,,
NA,NA_VVny,giigoonh,giigoonhy1,2SgPoss,Dim,Poss,Pej,NONE,ProxSg,gigiigoonyensimishinaan,gi<<giigoonhy1>>ensimishinaan,JDN-2010-Nouns,,,,,,
NA,NA_VVny,giigoonh,giigoonhy1,2PlPoss,Dim,Poss,Pej,NONE,ProxSg,gigiigoonyensimishiwaa,gi<<giigoonhy1>>ensimishiwaa,JDN-2010-Nouns,,,,,,
NA,NA_VVny,giigoonh,giigoonhy1,NONE,NONE,NONE,NONE,NONE,Voc,giigoonyidog,<<giigoonhy1>>idog,JDN-2010-Nouns,,,,,,
NA,NA_VVny,giigoonh,giigoonhy1,NONE,Dim,NONE,NONE,NONE,Voc,giigoonyensidog,<<giigoonhy1>>ensidog,JDN-2010-Nouns,,,,,,
NA,NA_VVny,giigoonh,giigoonhy1,NONE,NONE,NONE,Pej,NONE,Voc,giigoonyishidog,<<giigoonhy1>>ishidog,JDN-2010-Nouns,,,,,,
NA,NA_VVny,giigoonh,giigoonhy1,NONE,Dim,NONE,Pej,NONE,Voc,giigoonyenzhishidog,<<giigoonhy1>>enzhishidog,JDN-2010-Nouns,,,,,,
NA,NA_VVny,giigoonh,giigoonhy1,NONE,NONE,NONE,NONE,NONE,LocDist,giigoonyikaakaang,<<giigoonhy1>>ikaakaang,GUESS,,,,,,
NA,NA_VVny,giigoonh,giigoonhy1,NONE,Dim,NONE,NONE,NONE,LocDist,giigoonyensikaakaang,<<giigoonhy1>>ensikaakaang,GUESS,,,,,,
NA,NA_VVny,giigoonh,giigoonhy1,NONE,NONE,NONE,Pej,NONE,LocDist,giigoonyishikaang,<<giigoonhy1>>ishikaang,GUESS,,,,,,
NA,NA_VVny,giigoonh,giigoonhy1,NONE,Dim,NONE,Pej,NONE,LocDist,giigoonyenzhishikaang,<<giigoonhy1>>enzhishikaang,GUESS,,,,,,
NA,NA_VVny,giigoonh,giigoonhy1,1SgPoss,NONE,NONE,NONE,NONE,LocDist,nigiigoonyikaang,ni<<giigoonhy1>>ikaang,GUESS,,,,,,
NA,NA_VVny,giigoonh,giigoonhy1,ExclPoss,NONE,NONE,NONE,NONE,LocDist,nigiigoonyinaakaang,ni<<giigoonhy1>>inaakaang,GUESS,,,,,,
NA,NA_VVny,giigoonh,giigoonhy1,InclPoss,NONE,NONE,NONE,NONE,LocDist,gigiigoonyinaakaang,gi<<giigoonhy1>>inaakaang,GUESS,,,,,,
NA,NA_VVny,giigoonh,giigoonhy1,2SgPoss,NONE,NONE,NONE,NONE,LocDist,gigiigoonyikaang,gi<<giigoonhy1>>ikaang,GUESS,,,,,,
NA,NA_VVny,giigoonh,giigoonhy1,2PlPoss,NONE,NONE,NONE,NONE,LocDist,gigiigoonyiwaakaang,gi<<giigoonhy1>>iwaakaang,GUESS,,,,,,
NA,NA_VVny,giigoonh,giigoonhy1,3SgProxPoss,NONE,NONE,NONE,NONE,LocDist,ogiigoonyikaang,o<<giigoonhy1>>ikaang,GUESS,,,,,,
NA,NA_VVny,giigoonh,giigoonhy1,3PlProxPoss,NONE,NONE,NONE,NONE,LocDist,ogiigoonyiwaakaang,o<<giigoonhy1>>iwaakaang,GUESS,,,,,,
NA,NA_VVny,giigoonh,giigoonhy1,3SgObvPoss,NONE,NONE,NONE,NONE,LocDist,ogiigoonyinikaang,o<<giigoonhy1>>inikaang,GUESS,,,,,,
NA,NA_VVny,giigoonh,giigoonhy1,3PlObvPoss,NONE,NONE,NONE,NONE,LocDist,ogiigoonyinikaang,o<<giigoonhy1>>inikaang,GUESS,,,,,,
NA,NA_VVny,giigoonh,giigoonhy1,1SgPoss,NONE,Poss,NONE,NONE,LocDist,ningiigoonyimikaang,ni<<giigoonhy1>>imikaang,GUESS,,,,,,
NA,NA_VVny,giigoonh,giigoonhy1,ExclPoss,NONE,Poss,NONE,NONE,LocDist,ningiigoonyiminaakaang,ni<<giigoonhy1>>iminaakaang,GUESS,,,,,,
NA,NA_VVny,giigoonh,giigoonhy1,InclPoss,NONE,Poss,NONE,NONE,LocDist,gigiigoonyiminaakaang,gi<<giigoonhy1>>iminaakaang,GUESS,,,,,,
NA,NA_VVny,giigoonh,giigoonhy1,2SgPoss,NONE,Poss,NONE,NONE,LocDist,gigiigoonyimikaang,gi<<giigoonhy1>>imikaang,GUESS,,,,,,
NA,NA_VVny,giigoonh,giigoonhy1,2PlPoss,NONE,Poss,NONE,NONE,LocDist,gigiigoonyimiwaakaang,gi<<giigoonhy1>>imiwaakaang,GUESS,,,,,,
NA,NA_VVny,giigoonh,giigoonhy1,3SgProxPoss,NONE,Poss,NONE,NONE,LocDist,ogiigoonyimikaang,o<<giigoonhy1>>imikaang,GUESS,,,,,,
NA,NA_VVny,giigoonh,giigoonhy1,3PlProxPoss,NONE,Poss,NONE,NONE,LocDist,ogiigoonyimiwaakaang,o<<giigoonhy1>>imiwaakaang,GUESS,,,,,,
NA,NA_VVny,giigoonh,giigoonhy1,3SgObvPoss,NONE,Poss,NONE,NONE,LocDist,ogiigoonyiminikaang,o<<giigoonhy1>>iminikaang,GUESS,,,,,,
NA,NA_VVny,giigoonh,giigoonhy1,3PlObvPoss,NONE,Poss,NONE,NONE,LocDist,ogiigoonyiminikaang,o<<giigoonhy1>>iminikaang,GUESS,,,,,,
NA,NA_VVny,giigoonh,giigoonhy1,1SgPoss,Dim,NONE,NONE,NONE,LocDist,ningiigoonyensikaang,ni<<giigoonhy1>>ensikaang,GUESS,,,,,,
NA,NA_VVny,giigoonh,giigoonhy1,ExclPoss,Dim,NONE,NONE,NONE,LocDist,ningiigoonyensinaakaang,ni<<giigoonhy1>>ensinaakaang,GUESS,,,,,,
NA,NA_VVny,giigoonh,giigoonhy1,InclPoss,Dim,NONE,NONE,NONE,LocDist,gigiigoonyensinaakaang,gi<<giigoonhy1>>ensinaakaang,GUESS,,,,,,
NA,NA_VVny,giigoonh,giigoonhy1,2SgPoss,Dim,NONE,NONE,NONE,LocDist,gigiigoonyensikaang,gi<<giigoonhy1>>ensikaang,GUESS,,,,,,
NA,NA_VVny,giigoonh,giigoonhy1,2PlPoss,Dim,NONE,NONE,NONE,LocDist,gigiigoonyensiwaakaang,gi<<giigoonhy1>>ensiwaakaang,GUESS,,,,,,
NA,NA_VVny,giigoonh,giigoonhy1,3SgProxPoss,Dim,NONE,NONE,NONE,LocDist,ogiigoonyensikaang,o<<giigoonhy1>>ensikaang,GUESS,,,,,,
NA,NA_VVny,giigoonh,giigoonhy1,3PlProxPoss,Dim,NONE,NONE,NONE,LocDist,ogiigoonyensiwaakaang,o<<giigoonhy1>>ensiwaakaang,GUESS,,,,,,
NA,NA_VVny,giigoonh,giigoonhy1,3SgObvPoss,Dim,NONE,NONE,NONE,LocDist,ogiigoonyensinikaang,o<<giigoonhy1>>ensinikaang,GUESS,,,,,,
NA,NA_VVny,giigoonh,giigoonhy1,3PlObvPoss,Dim,NONE,NONE,NONE,LocDist,ogiigoonyensinikaang,o<<giigoonhy1>>ensinikaang,GUESS,,,,,,
NA,NA_VVny,giigoonh,giigoonhy1,1SgPoss,Dim,Poss,NONE,NONE,LocDist,ningiigoonyensimikaang,ni<<giigoonhy1>>ensimikaang,GUESS,,,,,,
NA,NA_VVny,giigoonh,giigoonhy1,ExclPoss,Dim,Poss,NONE,NONE,LocDist,ningiigoonyensiminaakaang,ni<<giigoonhy1>>ensiminaakaang,GUESS,,,,,,
NA,NA_VVny,giigoonh,giigoonhy1,InclPoss,Dim,Poss,NONE,NONE,LocDist,gigiigoonyensiminaakaang,gi<<giigoonhy1>>ensiminaakaang,GUESS,,,,,,
NA,NA_VVny,giigoonh,giigoonhy1,2SgPoss,Dim,Poss,NONE,NONE,LocDist,gigiigoonyensimikaang,gi<<giigoonhy1>>ensimikaang,GUESS,,,,,,
NA,NA_VVny,giigoonh,giigoonhy1,2PlPoss,Dim,Poss,NONE,NONE,LocDist,gigiigoonyensimiwaakaang,gi<<giigoonhy1>>ensimiwaakaang,GUESS,,,,,,
NA,NA_VVny,giigoonh,giigoonhy1,3SgProxPoss,Dim,Poss,NONE,NONE,LocDist,ogiigoonyensimikaang,o<<giigoonhy1>>ensimikaang,GUESS,,,,,,
NA,NA_VVny,giigoonh,giigoonhy1,3PlProxPoss,Dim,Poss,NONE,NONE,LocDist,ogiigoonyensimiwaakaang,o<<giigoonhy1>>ensimiwaakaang,GUESS,,,,,,
NA,NA_VVny,giigoonh,giigoonhy1,3SgObvPoss,Dim,Poss,NONE,NONE,LocDist,ogiigoonyensiminikaang,o<<giigoonhy1>>ensiminikaang,GUESS,,,,,,
NA,NA_VVny,giigoonh,giigoonhy1,3PlObvPoss,Dim,Poss,NONE,NONE,LocDist,ogiigoonyensiminikaang,o<<giigoonhy1>>ensiminikaang,GUESS,,,,,,
NA,NA_VVny,giigoonh,giigoonhy1,1SgPoss,NONE,NONE,Pej,NONE,LocDist,ningiigoonyishikaang,ni<<giigoonhy1>>ishikaang,GUESS,,,,,,
NA,NA_VVny,giigoonh,giigoonhy1,ExclPoss,NONE,NONE,Pej,NONE,LocDist,ningiigoonyishinaakaang,ni<<giigoonhy1>>ishinaakaang,GUESS,,,,,,
NA,NA_VVny,giigoonh,giigoonhy1,InclPoss,NONE,NONE,Pej,NONE,LocDist,gigiigoonyishinaakaang,gi<<giigoonhy1>>ishinaakaang,GUESS,,,,,,
NA,NA_VVny,giigoonh,giigoonhy1,2SgPoss,NONE,NONE,Pej,NONE,LocDist,gigiigoonyishikaang,gi<<giigoonhy1>>ishikaang,GUESS,,,,,,
NA,NA_VVny,giigoonh,giigoonhy1,2PlPoss,NONE,NONE,Pej,NONE,LocDist,gigiigoonyishiwaakaang,gi<<giigoonhy1>>ishiwaakaang,GUESS,,,,,,
NA,NA_VVny,giigoonh,giigoonhy1,3SgProxPoss,NONE,NONE,Pej,NONE,LocDist,ogiigoonyishikaang,o<<giigoonhy1>>ishikaang,GUESS,,,,,,
NA,NA_VVny,giigoonh,giigoonhy1,3PlProxPoss,NONE,NONE,Pej,NONE,LocDist,ogiigoonyishiwaakaang,o<<giigoonhy1>>ishiwaakaang,GUESS,,,,,,
NA,NA_VVny,giigoonh,giigoonhy1,3SgObvPoss,NONE,NONE,Pej,NONE,LocDist,ogiigoonyishinikaang,o<<giigoonhy1>>ishinikaang,GUESS,,,,,,
NA,NA_VVny,giigoonh,giigoonhy1,3PlObvPoss,NONE,NONE,Pej,NONE,LocDist,ogiigoonyishinikaang,o<<giigoonhy1>>ishinikaang,GUESS,,,,,,
NA,NA_VVny,giigoonh,giigoonhy1,1SgPoss,NONE,Poss,Pej,NONE,LocDist,ningiigoonyimishikaang,ni<<giigoonhy1>>imishikaang,GUESS,,,,,,
NA,NA_VVny,giigoonh,giigoonhy1,ExclPoss,NONE,Poss,Pej,NONE,LocDist,ningiigoonyimishinaakaang,ni<<giigoonhy1>>imishinaakaang,GUESS,,,,,,
NA,NA_VVny,giigoonh,giigoonhy1,InclPoss,NONE,Poss,Pej,NONE,LocDist,gigiigoonyimishinaakaang,gi<<giigoonhy1>>imishinaakaang,GUESS,,,,,,
NA,NA_VVny,giigoonh,giigoonhy1,2SgPoss,NONE,Poss,Pej,NONE,LocDist,gigiigoonyimishikaang,gi<<giigoonhy1>>imishikaang,GUESS,,,,,,
NA,NA_VVny,giigoonh,giigoonhy1,2PlPoss,NONE,Poss,Pej,NONE,LocDist,gigiigoonyimishiwaakaang,gi<<giigoonhy1>>imishiwaakaang,GUESS,,,,,,
NA,NA_VVny,giigoonh,giigoonhy1,3SgProxPoss,NONE,Poss,Pej,NONE,LocDist,ogiigoonyimishikaang,o<<giigoonhy1>>imishikaang,GUESS,,,,,,
NA,NA_VVny,giigoonh,giigoonhy1,3PlProxPoss,NONE,Poss,Pej,NONE,LocDist,ogiigoonyimishiwaakaang,o<<giigoonhy1>>imishiwaakaang,GUESS,,,,,,
NA,NA_VVny,giigoonh,giigoonhy1,3SgObvPoss,NONE,Poss,Pej,NONE,LocDist,ogiigoonyimishinikaang,o<<giigoonhy1>>imishinikaang,GUESS,,,,,,
NA,NA_VVny,giigoonh,giigoonhy1,3PlObvPoss,NONE,Poss,Pej,NONE,LocDist,ogiigoonyimishinikaang,o<<giigoonhy1>>imishinikaang,GUESS,,,,,,
NA,NA_VVny,giigoonh,giigoonhy1,1SgPoss,Dim,NONE,Pej,NONE,LocDist,ningiigoonyenzhishikaang,ni<<giigoonhy1>>enzhishikaang,GUESS,,,,,,
NA,NA_VVny,giigoonh,giigoonhy1,ExclPoss,Dim,NONE,Pej,NONE,LocDist,ningiigoonyenzhishinaakaang,ni<<giigoonhy1>>enzhishinaakaang,GUESS,,,,,,
NA,NA_VVny,giigoonh,giigoonhy1,InclPoss,Dim,NONE,Pej,NONE,LocDist,gigiigoonyenzhishinaakaang,gi<<giigoonhy1>>enzhishinaakaang,GUESS,,,,,,
NA,NA_VVny,giigoonh,giigoonhy1,2SgPoss,Dim,NONE,Pej,NONE,LocDist,gigiigoonyenzhishikaang,gi<<giigoonhy1>>enzhishikaang,GUESS,,,,,,
NA,NA_VVny,giigoonh,giigoonhy1,2PlPoss,Dim,NONE,Pej,NONE,LocDist,gigiigoonyenzhishiwaakaang,gi<<giigoonhy1>>enzhishiwaakaang,GUESS,,,,,,
NA,NA_VVny,giigoonh,giigoonhy1,3SgProxPoss,Dim,NONE,Pej,NONE,LocDist,ogiigoonyenzhishikaang,o<<giigoonhy1>>enzhishikaang,GUESS,,,,,,
NA,NA_VVny,giigoonh,giigoonhy1,3PlProxPoss,Dim,NONE,Pej,NONE,LocDist,ogiigoonyenzhishiwaakaang,o<<giigoonhy1>>enzhishiwaakaang,GUESS,,,,,,
NA,NA_VVny,giigoonh,giigoonhy1,3SgObvPoss,Dim,NONE,Pej,NONE,LocDist,ogiigoonyenzhishinikaang,o<<giigoonhy1>>enzhishinikaang,GUESS,,,,,,
NA,NA_VVny,giigoonh,giigoonhy1,3PlObvPoss,Dim,NONE,Pej,NONE,LocDist,ogiigoonyenzhishinikaang,o<<giigoonhy1>>enzhishinikaang,GUESS,,,,,,
NA,NA_VVny,giigoonh,giigoonhy1,1SgPoss,Dim,Poss,Pej,NONE,LocDist,ningiigoonyensimishikaang,ni<<giigoonhy1>>ensimishikaang,GUESS,,,,,,
NA,NA_VVny,giigoonh,giigoonhy1,ExclPoss,Dim,Poss,Pej,NONE,LocDist,ningiigoonyensimishinaakaang,ni<<giigoonhy1>>ensimishinaakaang,GUESS,,,,,,
NA,NA_VVny,giigoonh,giigoonhy1,InclPoss,Dim,Poss,Pej,NONE,LocDist,gigiigoonyensimishinaakaang,gi<<giigoonhy1>>ensimishinaakaang,GUESS,,,,,,
NA,NA_VVny,giigoonh,giigoonhy1,2SgPoss,Dim,Poss,Pej,NONE,LocDist,gigiigoonyensimishikaang,gi<<giigoonhy1>>ensimishikaang,GUESS,,,,,,
NA,NA_VVny,giigoonh,giigoonhy1,2PlPoss,Dim,Poss,Pej,NONE,LocDist,gigiigoonyensimishiwaakaang,gi<<giigoonhy1>>ensimishiwaakaang,GUESS,,,,,,
NA,NA_VVny,giigoonh,giigoonhy1,3SgProxPoss,Dim,Poss,Pej,NONE,LocDist,ogiigoonyensimishikaang,o<<giigoonhy1>>ensimishikaang,GUESS,,,,,,
NA,NA_VVny,giigoonh,giigoonhy1,3PlProxPoss,Dim,Poss,Pej,NONE,LocDist,ogiigoonyensimishiwaakaang,o<<giigoonhy1>>ensimishiwaakaang,GUESS,,,,,,
NA,NA_VVny,giigoonh,giigoonhy1,3SgObvPoss,Dim,Poss,Pej,NONE,LocDist,ogiigoonyensimishinikaang,o<<giigoonhy1>>ensimishinikaang,GUESS,,,,,,
NA,NA_VVny,giigoonh,giigoonhy1,3PlObvPoss,Dim,Poss,Pej,NONE,LocDist,ogiigoonyensimishinikaang,o<<giigoonhy1>>ensimishinikaang,GUESS,,,,,,
NA,NA_VVny,giigoonh,giigoonhy1,NONE,NONE,NONE,NONE,Pret,ObvPl,giigoonyibanii',<<giigoonhy1>>ibanii',JDN-2010-Nouns,giigoonyibaniin,<<giigoonhy1>>ibaniin,JDN-2010-Nouns,giigoonyibanen,<<giigoonhy1>>ibanen,GUESS
NA,NA_VVny,giigoonh,giigoonhy1,NONE,Dim,NONE,NONE,Pret,ObvPl,giigoonyensibanii',<<giigoonhy1>>ensibanii',JDN-2010-Nouns,giigoonyensibaniin,<<giigoonhy1>>ensibaniin,JDN-2010-Nouns,giigoonyensibanen,<<giigoonhy1>>ensibanen,GUESS
NA,NA_VVny,giigoonh,giigoonhy1,1SgPoss,NONE,NONE,NONE,Pret,ObvPl,ningiigoonyibanii',ni<<giigoonhy1>>ibanii',JDN-2010-Nouns,ningiigoonyibaniin,ni<<giigoonhy1>>ibaniin,JDN-2010-Nouns,ningiigoonyibanen,ni<<giigoonhy1>>ibanen,GUESS
NA,NA_VVny,giigoonh,giigoonhy1,ExclPoss,NONE,NONE,NONE,Pret,ObvPl,ningiigoonyinaabanii',ni<<giigoonhy1>>inaabanii',JDN-2010-Nouns,ningiigoonyinaabaniin,ni<<giigoonhy1>>inaabaniin,JDN-2010-Nouns,ningiigoonyinaabanen,ni<<giigoonhy1>>inaabanen,GUESS
NA,NA_VVny,giigoonh,giigoonhy1,InclPoss,NONE,NONE,NONE,Pret,ObvPl,gigiigoonyinaabanii',gi<<giigoonhy1>>inaabanii',JDN-2010-Nouns,gigiigoonyinaabaniin,gi<<giigoonhy1>>inaabaniin,JDN-2010-Nouns,gigiigoonyinaabanen,gi<<giigoonhy1>>inaabanen,GUESS
NA,NA_VVny,giigoonh,giigoonhy1,2SgPoss,NONE,NONE,NONE,Pret,ObvPl,gigiigoonyibanii',gi<<giigoonhy1>>ibanii',JDN-2010-Nouns,gigiigoonyibaniin,gi<<giigoonhy1>>ibaniin,JDN-2010-Nouns,gigiigoonyibanen,gi<<giigoonhy1>>ibanen,GUESS
NA,NA_VVny,giigoonh,giigoonhy1,2PlPoss,NONE,NONE,NONE,Pret,ObvPl,gigiigoonyiwaabanii',gi<<giigoonhy1>>iwaabanii',JDN-2010-Nouns,gigiigoonyiwaabaniin,gi<<giigoonhy1>>iwaabaniin,JDN-2010-Nouns,gigiigoonyiwaabanen,gi<<giigoonhy1>>iwaabanen,GUESS
NA,NA_VVny,giigoonh,giigoonhy1,3SgProxPoss,NONE,NONE,NONE,Pret,ObvPl,ogiigoonyibanii',o<<giigoonhy1>>ibanii',JDN-2010-Nouns,ogiigoonyibaniin,o<<giigoonhy1>>ibaniin,JDN-2010-Nouns,ogiigoonyibanen,o<<giigoonhy1>>ibanen,GUESS
NA,NA_VVny,giigoonh,giigoonhy1,3PlProxPoss,NONE,NONE,NONE,Pret,ObvPl,ogiigoonyiwaabanii',o<<giigoonhy1>>iwaabanii',JDN-2010-Nouns,ogiigoonyiwaabaniin,o<<giigoonhy1>>iwaabaniin,JDN-2010-Nouns,ogiigoonyiwaabanen,o<<giigoonhy1>>iwaabanen,GUESS
NA,NA_VVny,giigoonh,giigoonhy1,3SgObvPoss,NONE,NONE,NONE,Pret,ObvPl,ogiigoonyiniban,o<<giigoonhy1>>iniban,JDN-2010-Nouns,,,,,,
NA,NA_VVny,giigoonh,giigoonhy1,3PlObvPoss,NONE,NONE,NONE,Pret,ObvPl,ogiigoonyiniban,o<<giigoonhy1>>iniban,GUESS,,,,,,
NA,NA_VVny,giigoonh,giigoonhy1,1SgPoss,NONE,Poss,NONE,Pret,ObvPl,ningiigoonyimibanii',ni<<giigoonhy1>>imibanii',JDN-2010-Nouns,ningiigoonyimibaniin,ni<<giigoonhy1>>imibaniin,JDN-2010-Nouns,ningiigoonyimibanen,ni<<giigoonhy1>>imibanen,GUESS
NA,NA_VVny,giigoonh,giigoonhy1,ExclPoss,NONE,Poss,NONE,Pret,ObvPl,ningiigoonyiminaabanii',ni<<giigoonhy1>>iminaabanii',JDN-2010-Nouns,ningiigoonyiminaabaniin,ni<<giigoonhy1>>iminaabaniin,JDN-2010-Nouns,ningiigoonyiminaabanen,ni<<giigoonhy1>>iminaabanen,GUESS
NA,NA_VVny,giigoonh,giigoonhy1,InclPoss,NONE,Poss,NONE,Pret,ObvPl,gigiigoonyiminaabanii',gi<<giigoonhy1>>iminaabanii',JDN-2010-Nouns,gigiigoonyiminaabaniin,gi<<giigoonhy1>>iminaabaniin,JDN-2010-Nouns,gigiigoonyiminaabanen,gi<<giigoonhy1>>iminaabanen,GUESS
NA,NA_VVny,giigoonh,giigoonhy1,2SgPoss,NONE,Poss,NONE,Pret,ObvPl,gigiigoonyimibanii',gi<<giigoonhy1>>imibanii',JDN-2010-Nouns,gigiigoonyimibaniin,gi<<giigoonhy1>>imibaniin,JDN-2010-Nouns,gigiigoonyimibanen,gi<<giigoonhy1>>imibanen,GUESS
NA,NA_VVny,giigoonh,giigoonhy1,2PlPoss,NONE,Poss,NONE,Pret,ObvPl,gigiigoonyimiwaabanii',gi<<giigoonhy1>>imiwaabanii',JDN-2010-Nouns,gigiigoonyimiwaabaniin,gi<<giigoonhy1>>imiwaabaniin,JDN-2010-Nouns,gigiigoonyimiwaabanen,gi<<giigoonhy1>>imiwaabanen,GUESS
NA,NA_VVny,giigoonh,giigoonhy1,3SgProxPoss,NONE,Poss,NONE,Pret,ObvPl,ogiigoonyimibanii',o<<giigoonhy1>>imibanii',JDN-2010-Nouns,ogiigoonyimibaniin,o<<giigoonhy1>>imibaniin,JDN-2010-Nouns,ogiigoonyimibanen,o<<giigoonhy1>>imibanen,GUESS
NA,NA_VVny,giigoonh,giigoonhy1,3PlProxPoss,NONE,Poss,NONE,Pret,ObvPl,ogiigoonyimiwaabanii',o<<giigoonhy1>>imiwaabanii',JDN-2010-Nouns,ogiigoonyimiwaabaniin,o<<giigoonhy1>>imiwaabaniin,JDN-2010-Nouns,ogiigoonyimiwaabanen,o<<giigoonhy1>>imiwaabanen,GUESS
NA,NA_VVny,giigoonh,giigoonhy1,3SgObvPoss,NONE,Poss,NONE,Pret,ObvPl,ogiigoonyiminiban,o<<giigoonhy1>>iminiban,JDN-2010-Nouns,,,,,,
NA,NA_VVny,giigoonh,giigoonhy1,3PlObvPoss,NONE,Poss,NONE,Pret,ObvPl,ogiigoonyiminiban,o<<giigoonhy1>>iminiban,GUESS,,,,,,
NA,NA_VVny,giigoonh,giigoonhy1,1SgPoss,Dim,NONE,NONE,Pret,ObvPl,ningiigoonyensibanii',ni<<giigoonhy1>>ensibanii',JDN-2010-Nouns,ningiigoonyensibaniin,ni<<giigoonhy1>>ensibaniin,JDN-2010-Nouns,ningiigoonyensibanen,ni<<giigoonhy1>>ensibanen,GUESS
NA,NA_VVny,giigoonh,giigoonhy1,ExclPoss,Dim,NONE,NONE,Pret,ObvPl,ningiigoonyensinaabanii',ni<<giigoonhy1>>ensinaabanii',JDN-2010-Nouns,ningiigoonyensinaabaniin,ni<<giigoonhy1>>ensinaabaniin,JDN-2010-Nouns,ningiigoonyensinaabanen,ni<<giigoonhy1>>ensinaabanen,GUESS
NA,NA_VVny,giigoonh,giigoonhy1,InclPoss,Dim,NONE,NONE,Pret,ObvPl,gigiigoonyensinaabanii',gi<<giigoonhy1>>ensinaabanii',JDN-2010-Nouns,gigiigoonyensinaabaniin,gi<<giigoonhy1>>ensinaabaniin,JDN-2010-Nouns,gigiigoonyensinaabanen,gi<<giigoonhy1>>ensinaabanen,GUESS
NA,NA_VVny,giigoonh,giigoonhy1,2SgPoss,Dim,NONE,NONE,Pret,ObvPl,gigiigoonyensibanii',gi<<giigoonhy1>>ensibanii',JDN-2010-Nouns,gigiigoonyensibaniin,gi<<giigoonhy1>>ensibaniin,JDN-2010-Nouns,gigiigoonyensibanen,gi<<giigoonhy1>>ensibanen,GUESS
NA,NA_VVny,giigoonh,giigoonhy1,2PlPoss,Dim,NONE,NONE,Pret,ObvPl,gigiigoonyensiwaabanii',gi<<giigoonhy1>>ensiwaabanii',JDN-2010-Nouns,gigiigoonyensiwaabaniin,gi<<giigoonhy1>>ensiwaabaniin,JDN-2010-Nouns,gigiigoonyensiwaabanen,gi<<giigoonhy1>>ensiwaabanen,GUESS
NA,NA_VVny,giigoonh,giigoonhy1,3SgProxPoss,Dim,NONE,NONE,Pret,ObvPl,ogiigoonyensibanii',o<<giigoonhy1>>ensibanii',JDN-2010-Nouns,ogiigoonyensibaniin,o<<giigoonhy1>>ensibaniin,JDN-2010-Nouns,ogiigoonyensibanen,o<<giigoonhy1>>ensibanen,GUESS
NA,NA_VVny,giigoonh,giigoonhy1,3PlProxPoss,Dim,NONE,NONE,Pret,ObvPl,ogiigoonyensiwaabanii',o<<giigoonhy1>>ensiwaabanii',JDN-2010-Nouns,ogiigoonyensiwaabaniin,o<<giigoonhy1>>ensiwaabaniin,JDN-2010-Nouns,ogiigoonyensiwaabanen,o<<giigoonhy1>>ensiwaabanen,GUESS
NA,NA_VVny,giigoonh,giigoonhy1,3SgObvPoss,Dim,NONE,NONE,Pret,ObvPl,ogiigoonyensiniban,o<<giigoonhy1>>ensiniban,JDN-2010-Nouns,,,,,,
NA,NA_VVny,giigoonh,giigoonhy1,3PlObvPoss,Dim,NONE,NONE,Pret,ObvPl,ogiigoonyensiniban,o<<giigoonhy1>>ensiniban,GUESS,,,,,,
NA,NA_VVny,giigoonh,giigoonhy1,1SgPoss,Dim,Poss,NONE,Pret,ObvPl,ningiigoonyensimibanii',ni<<giigoonhy1>>ensimibanii',JDN-2010-Nouns,ningiigoonyensimibaniin,ni<<giigoonhy1>>ensimibaniin,JDN-2010-Nouns,ningiigoonyensimibanen,ni<<giigoonhy1>>ensimibanen,GUESS
NA,NA_VVny,giigoonh,giigoonhy1,ExclPoss,Dim,Poss,NONE,Pret,ObvPl,ningiigoonyensiminaabanii',ni<<giigoonhy1>>ensiminaabanii',JDN-2010-Nouns,ningiigoonyensiminaabaniin,ni<<giigoonhy1>>ensiminaabaniin,JDN-2010-Nouns,ningiigoonyensiminaabanen,ni<<giigoonhy1>>ensiminaabanen,GUESS
NA,NA_VVny,giigoonh,giigoonhy1,InclPoss,Dim,Poss,NONE,Pret,ObvPl,gigiigoonyensiminaabanii',gi<<giigoonhy1>>ensiminaabanii',JDN-2010-Nouns,gigiigoonyensiminaabaniin,gi<<giigoonhy1>>ensiminaabaniin,JDN-2010-Nouns,gigiigoonyensiminaabanen,gi<<giigoonhy1>>ensiminaabanen,GUESS
NA,NA_VVny,giigoonh,giigoonhy1,2SgPoss,Dim,Poss,NONE,Pret,ObvPl,gigiigoonyensimibanii',gi<<giigoonhy1>>ensimibanii',JDN-2010-Nouns,gigiigoonyensimibaniin,gi<<giigoonhy1>>ensimibaniin,JDN-2010-Nouns,gigiigoonyensimibanen,gi<<giigoonhy1>>ensimibanen,GUESS
NA,NA_VVny,giigoonh,giigoonhy1,2PlPoss,Dim,Poss,NONE,Pret,ObvPl,gigiigoonyensimiwaabanii',gi<<giigoonhy1>>ensimiwaabanii',JDN-2010-Nouns,gigiigoonyensimiwaabaniin,gi<<giigoonhy1>>ensimiwaabaniin,JDN-2010-Nouns,gigiigoonyensimiwaabanen,gi<<giigoonhy1>>ensimiwaabanen,GUESS
NA,NA_VVny,giigoonh,giigoonhy1,3SgProxPoss,Dim,Poss,NONE,Pret,ObvPl,ogiigoonyensimibanii',o<<giigoonhy1>>ensimibanii',JDN-2010-Nouns,ogiigoonyensimibaniin,o<<giigoonhy1>>ensimibaniin,JDN-2010-Nouns,ogiigoonyensimibanen,o<<giigoonhy1>>ensimibanen,GUESS
NA,NA_VVny,giigoonh,giigoonhy1,3PlProxPoss,Dim,Poss,NONE,Pret,ObvPl,ogiigoonyensimiwaabanii',o<<giigoonhy1>>ensimiwaabanii',JDN-2010-Nouns,ogiigoonyensimiwaabaniin,o<<giigoonhy1>>ensimiwaabaniin,JDN-2010-Nouns,ogiigoonyensimiwaabanen,o<<giigoonhy1>>ensimiwaabanen,GUESS
NA,NA_VVny,giigoonh,giigoonhy1,3SgObvPoss,Dim,Poss,NONE,Pret,ObvPl,ogiigoonyensiminiban,o<<giigoonhy1>>ensiminiban,JDN-2010-Nouns,,,,,,
NA,NA_VVny,giigoonh,giigoonhy1,3PlObvPoss,Dim,Poss,NONE,Pret,ObvPl,ogiigoonyensiminiban,o<<giigoonhy1>>ensiminiban,GUESS,,,,,,
NA,NA_VVny,giigoonh,giigoonhy1,NONE,NONE,NONE,NONE,Pret,ObvSg,giigoonyibaniin,<<giigoonhy1>>ibaniin,JDN-2010-Nouns,giigoonhyibanen,<<giigoonhy1>>ibanen,GUESS,,,
NA,NA_VVny,giigoonh,giigoonhy1,NONE,Dim,NONE,NONE,Pret,ObvSg,giigoonyensibaniin,<<giigoonhy1>>ensibaniin,JDN-2010-Nouns,giigoonhyensibanen,<<giigoonhy1>>ensibanen,GUESS,,,
NA,NA_VVny,giigoonh,giigoonhy1,1SgPoss,NONE,NONE,NONE,Pret,ObvSg,ningiigoonyibaniin,ni<<giigoonhy1>>ibaniin,JDN-2010-Nouns,ningiigoonyibanen,ni<<giigoonhy1>>ibanen,JDN-2010-Nouns,,,
NA,NA_VVny,giigoonh,giigoonhy1,ExclPoss,NONE,NONE,NONE,Pret,ObvSg,ningiigoonyinaabaniin,ni<<giigoonhy1>>inaabaniin,JDN-2010-Nouns,ningiigoonyinaabanen,ni<<giigoonhy1>>inaabanen,JDN-2010-Nouns,,,
NA,NA_VVny,giigoonh,giigoonhy1,InclPoss,NONE,NONE,NONE,Pret,ObvSg,gigiigoonyinaabaniin,gi<<giigoonhy1>>inaabaniin,JDN-2010-Nouns,gigiigoonyinaabanen,gi<<giigoonhy1>>inaabanen,JDN-2010-Nouns,,,
NA,NA_VVny,giigoonh,giigoonhy1,2SgPoss,NONE,NONE,NONE,Pret,ObvSg,gigiigoonyibaniin,gi<<giigoonhy1>>ibaniin,JDN-2010-Nouns,gigiigoonyibanen,gi<<giigoonhy1>>ibanen,JDN-2010-Nouns,,,
NA,NA_VVny,giigoonh,giigoonhy1,2PlPoss,NONE,NONE,NONE,Pret,ObvSg,gigiigoonyiwaabaniin,gi<<giigoonhy1>>iwaabaniin,JDN-2010-Nouns,gigiigoonyiwaabanen,gi<<giigoonhy1>>iwaabanen,JDN-2010-Nouns,,,
NA,NA_VVny,giigoonh,giigoonhy1,3SgProxPoss,NONE,NONE,NONE,Pret,ObvSg,ogiigoonyibaniin,o<<giigoonhy1>>ibaniin,JDN-2010-Nouns,ogiigoonyibanen,o<<giigoonhy1>>ibanen,JDN-2010-Nouns,,,
NA,NA_VVny,giigoonh,giigoonhy1,3PlProxPoss,NONE,NONE,NONE,Pret,ObvSg,ogiigoonyiwaabaniin,o<<giigoonhy1>>iwaabaniin,JDN-2010-Nouns,ogiigoonyiwaabanen,o<<giigoonhy1>>iwaabanen,JDN-2010-Nouns,,,
NA,NA_VVny,giigoonh,giigoonhy1,3SgObvPoss,NONE,NONE,NONE,Pret,ObvSg,ogiigoonyiniban,o<<giigoonhy1>>iniban,JDN-2010-Nouns,,,,,,
NA,NA_VVny,giigoonh,giigoonhy1,3PlObvPoss,NONE,NONE,NONE,Pret,ObvSg,ogiigoonyiniban,o<<giigoonhy1>>iniban,GUESS,,,,,,
NA,NA_VVny,giigoonh,giigoonhy1,1SgPoss,NONE,Poss,NONE,Pret,ObvSg,ningiigoonyimibaniin,ni<<giigoonhy1>>imibaniin,JDN-2010-Nouns,ningiigoonyimibanen,ni<<giigoonhy1>>imibanen,JDN-2010-Nouns,,,
NA,NA_VVny,giigoonh,giigoonhy1,ExclPoss,NONE,Poss,NONE,Pret,ObvSg,ningiigoonyiminaabaniin,ni<<giigoonhy1>>iminaabaniin,JDN-2010-Nouns,ningiigoonyiminaabanen,ni<<giigoonhy1>>iminaabanen,JDN-2010-Nouns,,,
NA,NA_VVny,giigoonh,giigoonhy1,InclPoss,NONE,Poss,NONE,Pret,ObvSg,gigiigoonyiminaabaniin,gi<<giigoonhy1>>iminaabaniin,JDN-2010-Nouns,gigiigoonyiminaabanen,gi<<giigoonhy1>>iminaabanen,JDN-2010-Nouns,,,
NA,NA_VVny,giigoonh,giigoonhy1,2SgPoss,NONE,Poss,NONE,Pret,ObvSg,gigiigoonyimibaniin,gi<<giigoonhy1>>imibaniin,JDN-2010-Nouns,gigiigoonyimibanen,gi<<giigoonhy1>>imibanen,JDN-2010-Nouns,,,
NA,NA_VVny,giigoonh,giigoonhy1,2PlPoss,NONE,Poss,NONE,Pret,ObvSg,gigiigoonyimiwaabaniin,gi<<giigoonhy1>>imiwaabaniin,JDN-2010-Nouns,gigiigoonyimiwaabanen,gi<<giigoonhy1>>imiwaabanen,JDN-2010-Nouns,,,
NA,NA_VVny,giigoonh,giigoonhy1,3SgProxPoss,NONE,Poss,NONE,Pret,ObvSg,ogiigoonyimibaniin,o<<giigoonhy1>>imibaniin,JDN-2010-Nouns,ogiigoonyimibanen,o<<giigoonhy1>>imibanen,JDN-2010-Nouns,,,
NA,NA_VVny,giigoonh,giigoonhy1,3PlProxPoss,NONE,Poss,NONE,Pret,ObvSg,ogiigoonyimiwaabaniin,o<<giigoonhy1>>imiwaabaniin,JDN-2010-Nouns,ogiigoonyimiwaabanen,o<<giigoonhy1>>imiwaabanen,JDN-2010-Nouns,,,
NA,NA_VVny,giigoonh,giigoonhy1,3SgObvPoss,NONE,Poss,NONE,Pret,ObvSg,ogiigoonyiminiban,o<<giigoonhy1>>iminiban,JDN-2010-Nouns,,,,,,
NA,NA_VVny,giigoonh,giigoonhy1,3PlObvPoss,NONE,Poss,NONE,Pret,ObvSg,ogiigoonyiminiban,o<<giigoonhy1>>iminiban,GUESS,,,,,,
NA,NA_VVny,giigoonh,giigoonhy1,1SgPoss,Dim,NONE,NONE,Pret,ObvSg,ningiigoonyensibaniin,ni<<giigoonhy1>>ensibaniin,JDN-2010-Nouns,ningiigoonyensibanen,ni<<giigoonhy1>>ensibanen,JDN-2010-Nouns,,,
NA,NA_VVny,giigoonh,giigoonhy1,ExclPoss,Dim,NONE,NONE,Pret,ObvSg,ningiigoonyensinaabaniin,ni<<giigoonhy1>>ensinaabaniin,JDN-2010-Nouns,ningiigoonyensinaabanen,ni<<giigoonhy1>>ensinaabanen,JDN-2010-Nouns,,,
NA,NA_VVny,giigoonh,giigoonhy1,InclPoss,Dim,NONE,NONE,Pret,ObvSg,gigiigoonyensinaabaniin,gi<<giigoonhy1>>ensinaabaniin,JDN-2010-Nouns,gigiigoonyensinaabanen,gi<<giigoonhy1>>ensinaabanen,JDN-2010-Nouns,,,
NA,NA_VVny,giigoonh,giigoonhy1,2SgPoss,Dim,NONE,NONE,Pret,ObvSg,gigiigoonyensibaniin,gi<<giigoonhy1>>ensibaniin,JDN-2010-Nouns,gigiigoonyensibanen,gi<<giigoonhy1>>ensibanen,JDN-2010-Nouns,,,
NA,NA_VVny,giigoonh,giigoonhy1,2PlPoss,Dim,NONE,NONE,Pret,ObvSg,gigiigoonyensiwaabaniin,gi<<giigoonhy1>>ensiwaabaniin,JDN-2010-Nouns,gigiigoonyensiwaabanen,gi<<giigoonhy1>>ensiwaabanen,JDN-2010-Nouns,,,
NA,NA_VVny,giigoonh,giigoonhy1,3SgProxPoss,Dim,NONE,NONE,Pret,ObvSg,ogiigoonyensibaniin,o<<giigoonhy1>>ensibaniin,JDN-2010-Nouns,ogiigoonyensibanen,o<<giigoonhy1>>ensibanen,JDN-2010-Nouns,,,
NA,NA_VVny,giigoonh,giigoonhy1,3PlProxPoss,Dim,NONE,NONE,Pret,ObvSg,ogiigoonyensiwaabaniin,o<<giigoonhy1>>ensiwaabaniin,JDN-2010-Nouns,ogiigoonyensiwaabanen,o<<giigoonhy1>>ensiwaabanen,JDN-2010-Nouns,,,
NA,NA_VVny,giigoonh,giigoonhy1,3SgObvPoss,Dim,NONE,NONE,Pret,ObvSg,ogiigoonyensiniban,o<<giigoonhy1>>ensiniban,JDN-2010-Nouns,,,,,,
NA,NA_VVny,giigoonh,giigoonhy1,3PlObvPoss,Dim,NONE,NONE,Pret,ObvSg,ogiigoonyensiniban,o<<giigoonhy1>>ensiniban,GUESS,,,,,,
NA,NA_VVny,giigoonh,giigoonhy1,1SgPoss,Dim,Poss,NONE,Pret,ObvSg,ningiigoonyensimibaniin,ni<<giigoonhy1>>ensimibaniin,JDN-2010-Nouns,ningiigoonyensimibanen,ni<<giigoonhy1>>ensimibanen,JDN-2010-Nouns,,,
NA,NA_VVny,giigoonh,giigoonhy1,ExclPoss,Dim,Poss,NONE,Pret,ObvSg,ningiigoonyensiminaabaniin,ni<<giigoonhy1>>ensiminaabaniin,JDN-2010-Nouns,ningiigoonyensiminaabanen,ni<<giigoonhy1>>ensiminaabanen,JDN-2010-Nouns,,,
NA,NA_VVny,giigoonh,giigoonhy1,InclPoss,Dim,Poss,NONE,Pret,ObvSg,gigiigoonyensiminaabaniin,gi<<giigoonhy1>>ensiminaabaniin,JDN-2010-Nouns,gigiigoonyensiminaabanen,gi<<giigoonhy1>>ensiminaabanen,JDN-2010-Nouns,,,
NA,NA_VVny,giigoonh,giigoonhy1,2SgPoss,Dim,Poss,NONE,Pret,ObvSg,gigiigoonyensimibaniin,gi<<giigoonhy1>>ensimibaniin,JDN-2010-Nouns,gigiigoonyensimibanen,gi<<giigoonhy1>>ensimibanen,JDN-2010-Nouns,,,
NA,NA_VVny,giigoonh,giigoonhy1,2PlPoss,Dim,Poss,NONE,Pret,ObvSg,gigiigoonyensimiwaabaniin,gi<<giigoonhy1>>ensimiwaabaniin,JDN-2010-Nouns,gigiigoonyensimiwaabanen,gi<<giigoonhy1>>ensimiwaabanen,JDN-2010-Nouns,,,
NA,NA_VVny,giigoonh,giigoonhy1,3SgProxPoss,Dim,Poss,NONE,Pret,ObvSg,ogiigoonyensimibaniin,o<<giigoonhy1>>ensimibaniin,JDN-2010-Nouns,ogiigoonyensimibanen,o<<giigoonhy1>>ensimibanen,JDN-2010-Nouns,,,
NA,NA_VVny,giigoonh,giigoonhy1,3PlProxPoss,Dim,Poss,NONE,Pret,ObvSg,ogiigoonyensimiwaabaniin,o<<giigoonhy1>>ensimiwaabaniin,JDN-2010-Nouns,ogiigoonyensimiwaabanen,o<<giigoonhy1>>ensimiwaabanen,JDN-2010-Nouns,,,
NA,NA_VVny,giigoonh,giigoonhy1,3SgObvPoss,Dim,Poss,NONE,Pret,ObvSg,ogiigoonyensiminiban,o<<giigoonhy1>>ensiminiban,JDN-2010-Nouns,ogiigoonyensiminiban,o<<giigoonhy1>>ensiminiban,JDN-2010-Nouns,,,
NA,NA_VVny,giigoonh,giigoonhy1,3PlObvPoss,Dim,Poss,NONE,Pret,ObvSg,ogiigoonyensiminiban,o<<giigoonhy1>>ensiminiban,GUESS,,,,,,
NA,NA_VVny,giigoonh,giigoonhy1,NONE,NONE,NONE,NONE,Pret,ProxPl,giigoonyibaniig,<<giigoonhy1>>ibaniig,JDN-2010-Nouns,giigoonyibaneg,<<giigoonhy1>>ibaneg,JDN-2010-Nouns,,,
NA,NA_VVny,giigoonh,giigoonhy1,NONE,Dim,NONE,NONE,Pret,ProxPl,giigoonyensibaniig,<<giigoonhy1>>ensibaniig,JDN-2010-Nouns,giigoonyensibaneg,<<giigoonhy1>>ensibaneg,JDN-2010-Nouns,,,
NA,NA_VVny,giigoonh,giigoonhy1,1SgPoss,NONE,NONE,NONE,Pret,ProxPl,ningiigoonyibaniig,ni<<giigoonhy1>>ibaniig,JDN-2010-Nouns,ningiigoonyibaneg,ni<<giigoonhy1>>ibaneg,JDN-2010-Nouns,,,
NA,NA_VVny,giigoonh,giigoonhy1,ExclPoss,NONE,NONE,NONE,Pret,ProxPl,ningiigoonyinaabaniig,ni<<giigoonhy1>>inaabaniig,JDN-2010-Nouns,ningiigoonyinaabaneg,ni<<giigoonhy1>>inaabaneg,JDN-2010-Nouns,,,
NA,NA_VVny,giigoonh,giigoonhy1,InclPoss,NONE,NONE,NONE,Pret,ProxPl,gigiigoonyinaabaniig,gi<<giigoonhy1>>inaabaniig,JDN-2010-Nouns,gigiigoonyinaabaneg,gi<<giigoonhy1>>inaabaneg,JDN-2010-Nouns,,,
NA,NA_VVny,giigoonh,giigoonhy1,2SgPoss,NONE,NONE,NONE,Pret,ProxPl,gigiigoonyibaniig,gi<<giigoonhy1>>ibaniig,JDN-2010-Nouns,gigiigoonyibaneg,gi<<giigoonhy1>>ibaneg,JDN-2010-Nouns,,,
NA,NA_VVny,giigoonh,giigoonhy1,2PlPoss,NONE,NONE,NONE,Pret,ProxPl,gigiigoonyiwaabaniig,gi<<giigoonhy1>>iwaabaniig,JDN-2010-Nouns,gigiigoonyiwaabaneg,gi<<giigoonhy1>>iwaabaneg,JDN-2010-Nouns,,,
NA,NA_VVny,giigoonh,giigoonhy1,1SgPoss,NONE,Poss,NONE,Pret,ProxPl,ningiigoonyimibaniig,ni<<giigoonhy1>>imibaniig,JDN-2010-Nouns,ningiigoonyimibaneg,ni<<giigoonhy1>>imibaneg,JDN-2010-Nouns,,,
NA,NA_VVny,giigoonh,giigoonhy1,ExclPoss,NONE,Poss,NONE,Pret,ProxPl,ningiigoonyiminaabaniig,ni<<giigoonhy1>>iminaabaniig,JDN-2010-Nouns,ningiigoonyiminaabaneg,ni<<giigoonhy1>>iminaabaneg,JDN-2010-Nouns,,,
NA,NA_VVny,giigoonh,giigoonhy1,InclPoss,NONE,Poss,NONE,Pret,ProxPl,gigiigoonyiminaabaniig,gi<<giigoonhy1>>iminaabaniig,JDN-2010-Nouns,gigiigoonyiminaabaneg,gi<<giigoonhy1>>iminaabaneg,JDN-2010-Nouns,,,
NA,NA_VVny,giigoonh,giigoonhy1,2SgPoss,NONE,Poss,NONE,Pret,ProxPl,gigiigoonyimibaniig,gi<<giigoonhy1>>imibaniig,JDN-2010-Nouns,gigiigoonyimibaneg,gi<<giigoonhy1>>imibaneg,JDN-2010-Nouns,,,
NA,NA_VVny,giigoonh,giigoonhy1,2PlPoss,NONE,Poss,NONE,Pret,ProxPl,gigiigoonyimiwaabaniig,gi<<giigoonhy1>>imiwaabaniig,JDN-2010-Nouns,gigiigoonyimiwaabaneg,gi<<giigoonhy1>>imiwaabaneg,JDN-2010-Nouns,,,
NA,NA_VVny,giigoonh,giigoonhy1,1SgPoss,Dim,NONE,NONE,Pret,ProxPl,ningiigoonyensibaniig,ni<<giigoonhy1>>ensibaniig,JDN-2010-Nouns,ningiigoonyensibaneg,ni<<giigoonhy1>>ensibaneg,JDN-2010-Nouns,,,
NA,NA_VVny,giigoonh,giigoonhy1,ExclPoss,Dim,NONE,NONE,Pret,ProxPl,ningiigoonyensinaabaniig,ni<<giigoonhy1>>ensinaabaniig,JDN-2010-Nouns,ningiigoonyensinaabaneg,ni<<giigoonhy1>>ensinaabaneg,JDN-2010-Nouns,,,
NA,NA_VVny,giigoonh,giigoonhy1,InclPoss,Dim,NONE,NONE,Pret,ProxPl,gigiigoonyensinaabaniig,gi<<giigoonhy1>>ensinaabaniig,JDN-2010-Nouns,gigiigoonyensinaabaneg,gi<<giigoonhy1>>ensinaabaneg,JDN-2010-Nouns,,,
NA,NA_VVny,giigoonh,giigoonhy1,2SgPoss,Dim,NONE,NONE,Pret,ProxPl,gigiigoonyensibaniig,gi<<giigoonhy1>>ensibaniig,JDN-2010-Nouns,gigiigoonyensibaneg,gi<<giigoonhy1>>ensibaneg,JDN-2010-Nouns,,,
NA,NA_VVny,giigoonh,giigoonhy1,2PlPoss,Dim,NONE,NONE,Pret,ProxPl,gigiigoonyensiwaabaniig,gi<<giigoonhy1>>ensiwaabaniig,JDN-2010-Nouns,gigiigoonyensiwaabaneg,gi<<giigoonhy1>>ensiwaabaneg,JDN-2010-Nouns,,,
NA,NA_VVny,giigoonh,giigoonhy1,1SgPoss,Dim,Poss,NONE,Pret,ProxPl,ningiigoonyensimibaniig,ni<<giigoonhy1>>ensimibaniig,JDN-2010-Nouns,ningiigoonyensimibaneg,ni<<giigoonhy1>>ensimibaneg,JDN-2010-Nouns,,,
NA,NA_VVny,giigoonh,giigoonhy1,ExclPoss,Dim,Poss,NONE,Pret,ProxPl,ningiigoonyensiminaabaniig,ni<<giigoonhy1>>ensiminaabaniig,JDN-2010-Nouns,ningiigoonyensiminaabaneg,ni<<giigoonhy1>>ensiminaabaneg,JDN-2010-Nouns,,,
NA,NA_VVny,giigoonh,giigoonhy1,InclPoss,Dim,Poss,NONE,Pret,ProxPl,gigiigoonyensiminaabaniig,gi<<giigoonhy1>>ensiminaabaniig,JDN-2010-Nouns,gigiigoonyensiminaabaneg,gi<<giigoonhy1>>ensiminaabaneg,JDN-2010-Nouns,,,
NA,NA_VVny,giigoonh,giigoonhy1,2SgPoss,Dim,Poss,NONE,Pret,ProxPl,gigiigoonyensimibaniig,gi<<giigoonhy1>>ensimibaniig,JDN-2010-Nouns,gigiigoonyensimibaneg,gi<<giigoonhy1>>ensimibaneg,JDN-2010-Nouns,,,
NA,NA_VVny,giigoonh,giigoonhy1,2PlPoss,Dim,Poss,NONE,Pret,ProxPl,gigiigoonyensimiwaabaniig,gi<<giigoonhy1>>ensimiwaabaniig,JDN-2010-Nouns,gigiigoonyensimiwaabaneg,gi<<giigoonhy1>>ensimiwaabaneg,JDN-2010-Nouns,,,
NA,NA_VVny,giigoonh,giigoonhy1,NONE,NONE,NONE,NONE,Pret,ProxSg,giigoonyiban,<<giigoonhy1>>iban,JDN-2010-Nouns,,,,,,
NA,NA_VVny,giigoonh,giigoonhy1,NONE,Dim,NONE,NONE,Pret,ProxSg,giigoonyensiban,<<giigoonhy1>>ensiban,JDN-2010-Nouns,,,,,,
NA,NA_VVny,giigoonh,giigoonhy1,1SgPoss,NONE,NONE,NONE,Pret,ProxSg,ningiigoonyiban,ni<<giigoonhy1>>iban,JDN-2010-Nouns,,,,,,
NA,NA_VVny,giigoonh,giigoonhy1,ExclPoss,NONE,NONE,NONE,Pret,ProxSg,ningiigoonyinaaban,ni<<giigoonhy1>>inaaban,JDN-2010-Nouns,,,,,,
NA,NA_VVny,giigoonh,giigoonhy1,InclPoss,NONE,NONE,NONE,Pret,ProxSg,gigiigoonyinaaban,gi<<giigoonhy1>>inaaban,JDN-2010-Nouns,,,,,,
NA,NA_VVny,giigoonh,giigoonhy1,2SgPoss,NONE,NONE,NONE,Pret,ProxSg,gigiigoonyiban,gi<<giigoonhy1>>iban,JDN-2010-Nouns,,,,,,
NA,NA_VVny,giigoonh,giigoonhy1,2PlPoss,NONE,NONE,NONE,Pret,ProxSg,gigiigoonyiwaaban,gi<<giigoonhy1>>iwaaban,JDN-2010-Nouns,,,,,,
NA,NA_VVny,giigoonh,giigoonhy1,1SgPoss,NONE,Poss,NONE,Pret,ProxSg,ningiigoonyimiban,ni<<giigoonhy1>>imiban,JDN-2010-Nouns,,,,,,
NA,NA_VVny,giigoonh,giigoonhy1,ExclPoss,NONE,Poss,NONE,Pret,ProxSg,ningiigoonyiminaaban,ni<<giigoonhy1>>iminaaban,JDN-2010-Nouns,,,,,,
NA,NA_VVny,giigoonh,giigoonhy1,InclPoss,NONE,Poss,NONE,Pret,ProxSg,gigiigoonyiminaaban,gi<<giigoonhy1>>iminaaban,JDN-2010-Nouns,,,,,,
NA,NA_VVny,giigoonh,giigoonhy1,2SgPoss,NONE,Poss,NONE,Pret,ProxSg,gigiigoonyimiban,gi<<giigoonhy1>>imiban,JDN-2010-Nouns,,,,,,
NA,NA_VVny,giigoonh,giigoonhy1,2PlPoss,NONE,Poss,NONE,Pret,ProxSg,gigiigoonyimiwaaban,gi<<giigoonhy1>>imiwaaban,JDN-2010-Nouns,,,,,,
NA,NA_VVny,giigoonh,giigoonhy1,1SgPoss,Dim,NONE,NONE,Pret,ProxSg,ningiigoonyensiban,ni<<giigoonhy1>>ensiban,JDN-2010-Nouns,,,,,,
NA,NA_VVny,giigoonh,giigoonhy1,ExclPoss,Dim,NONE,NONE,Pret,ProxSg,ningiigoonyensinaaban,ni<<giigoonhy1>>ensinaaban,JDN-2010-Nouns,,,,,,
NA,NA_VVny,giigoonh,giigoonhy1,InclPoss,Dim,NONE,NONE,Pret,ProxSg,gigiigoonyensinaaban,gi<<giigoonhy1>>ensinaaban,JDN-2010-Nouns,,,,,,
NA,NA_VVny,giigoonh,giigoonhy1,2SgPoss,Dim,NONE,NONE,Pret,ProxSg,gigiigoonyensiban,gi<<giigoonhy1>>ensiban,JDN-2010-Nouns,,,,,,
NA,NA_VVny,giigoonh,giigoonhy1,2PlPoss,Dim,NONE,NONE,Pret,ProxSg,gigiigoonyensiwaaban,gi<<giigoonhy1>>ensiwaaban,JDN-2010-Nouns,,,,,,
NA,NA_VVny,giigoonh,giigoonhy1,1SgPoss,Dim,Poss,NONE,Pret,ProxSg,ningiigoonyensimiban,ni<<giigoonhy1>>ensimiban,JDN-2010-Nouns,,,,,,
NA,NA_VVny,giigoonh,giigoonhy1,ExclPoss,Dim,Poss,NONE,Pret,ProxSg,ningiigoonyensiminaaban,ni<<giigoonhy1>>ensiminaaban,JDN-2010-Nouns,,,,,,
NA,NA_VVny,giigoonh,giigoonhy1,InclPoss,Dim,Poss,NONE,Pret,ProxSg,gigiigoonyensiminaaban,gi<<giigoonhy1>>ensiminaaban,JDN-2010-Nouns,,,,,,
NA,NA_VVny,giigoonh,giigoonhy1,2SgPoss,Dim,Poss,NONE,Pret,ProxSg,gigiigoonyensimiban,gi<<giigoonhy1>>ensimiban,JDN-2010-Nouns,,,,,,
NA,NA_VVny,giigoonh,giigoonhy1,2PlPoss,Dim,Poss,NONE,Pret,ProxSg,gigiigoonyensimiwaaban,gi<<giigoonhy1>>ensimiwaaban,JDN-2010-Nouns,,,,,,