,Paradigm,Class,Lemma,Stem,PersPoss,Dim,Poss,Pej,Pret,Basic,Form1Surface,Form1Split,Form1Source,Form2Surface,Form2Split,Form2Source
4,NA,NA_VVw,ikwe,ikwew2,NONE,NONE,NONE,NONE,NONE,Loc,ikweng,<<ikwew2>>ng,JDN-2010-Nouns,,,
10,NA,NA_VVw,ikwe,ikwew2,NONE,Dim,NONE,NONE,NONE,Loc,ikwensing,<<ikwew2>>nsing,JDN-2010-Nouns,,,
16,NA,NA_VVw,ikwe,ikwew2,NONE,NONE,NONE,Pej,NONE,Loc,ikwewishing,<<ikwew2>>ishing,JDN-2010-Nouns,,,
26,NA,NA_VVw,ikwe,ikwew2,NONE,Dim,NONE,Pej,NONE,Loc,ikwenzhishing,<<ikwew2>>nzhishing,JDN-2010-Nouns,,,
60,NA,NA_VVw,ikwe,ikwew2,1SgPoss,NONE,NONE,NONE,NONE,Loc,nindikweng,ni<<ikwew2>>ng,JDN-2010-Nouns,,,
61,NA,NA_VVw,ikwe,ikwew2,ExclPoss,NONE,NONE,NONE,NONE,Loc,nindikwenaang,ni<<ikwew2>>naang,JDN-2010-Nouns,,,
62,NA,NA_VVw,ikwe,ikwew2,InclPoss,NONE,NONE,NONE,NONE,Loc,gidikwenaang,gi<<ikwew2>>naang,JDN-2010-Nouns,,,
63,NA,NA_VVw,ikwe,ikwew2,2SgPoss,NONE,NONE,NONE,NONE,Loc,gidikweng,gi<<ikwew2>>ng,JDN-2010-Nouns,,,
64,NA,NA_VVw,ikwe,ikwew2,2PlPoss,NONE,NONE,NONE,NONE,Loc,gidikwewaang,gi<<ikwew2>>waang,JDN-2010-Nouns,,,
65,NA,NA_VVw,ikwe,ikwew2,3SgProxPoss,NONE,NONE,NONE,NONE,Loc,odikweng,o<<ikwew2>>ng,JDN-2010-Nouns,,,
66,NA,NA_VVw,ikwe,ikwew2,3PlProxPoss,NONE,NONE,NONE,NONE,Loc,odikwewaang,o<<ikwew2>>waang,JDN-2010-Nouns,,,
67,NA,NA_VVw,ikwe,ikwew2,3SgObvPoss,NONE,NONE,NONE,NONE,Loc,odikwening,o<<ikwew2>>ning,JDN-2010-Nouns,,,
68,NA,NA_VVw,ikwe,ikwew2,3PlObvPoss,NONE,NONE,NONE,NONE,Loc,odikwening,o<<ikwew2>>ning,GUESS,,,
97,NA,NA_VVw,ikwe,ikwew2,1SgPoss,NONE,Poss,NONE,NONE,Loc,nindikweming,ni<<ikwew2>>ming,JDN-2010-Nouns,,,
98,NA,NA_VVw,ikwe,ikwew2,ExclPoss,NONE,Poss,NONE,NONE,Loc,nindikweminaang,ni<<ikwew2>>minaang,JDN-2010-Nouns,,,
99,NA,NA_VVw,ikwe,ikwew2,InclPoss,NONE,Poss,NONE,NONE,Loc,gidikweminaang,gi<<ikwew2>>minaang,JDN-2010-Nouns,,,
100,NA,NA_VVw,ikwe,ikwew2,2SgPoss,NONE,Poss,NONE,NONE,Loc,gidikweming,gi<<ikwew2>>ming,JDN-2010-Nouns,,,
101,NA,NA_VVw,ikwe,ikwew2,2PlPoss,NONE,Poss,NONE,NONE,Loc,gidikwemiwaang,gi<<ikwew2>>miwaang,JDN-2010-Nouns,,,
102,NA,NA_VVw,ikwe,ikwew2,3SgProxPoss,NONE,Poss,NONE,NONE,Loc,odikweming,o<<ikwew2>>ming,JDN-2010-Nouns,,,
103,NA,NA_VVw,ikwe,ikwew2,3PlProxPoss,NONE,Poss,NONE,NONE,Loc,odikwemiwaang,o<<ikwew2>>miwaang,JDN-2010-Nouns,,,
104,NA,NA_VVw,ikwe,ikwew2,3SgObvPoss,NONE,Poss,NONE,NONE,Loc,odikwemining,o<<ikwew2>>mining,JDN-2010-Nouns,,,
105,NA,NA_VVw,ikwe,ikwew2,3PlObvPoss,NONE,Poss,NONE,NONE,Loc,odikwemining,o<<ikwew2>>mining,GUESS,,,
134,NA,NA_VVw,ikwe,ikwew2,1SgPoss,Dim,NONE,NONE,NONE,Loc,nindikwensing,ni<<ikwew2>>nsing,JDN-2010-Nouns,,,
135,NA,NA_VVw,ikwe,ikwew2,ExclPoss,Dim,NONE,NONE,NONE,Loc,nindikwensinaang,ni<<ikwew2>>nsinaang,JDN-2010-Nouns,,,
136,NA,NA_VVw,ikwe,ikwew2,InclPoss,Dim,NONE,NONE,NONE,Loc,gidikwensinaang,gi<<ikwew2>>nsinaang,JDN-2010-Nouns,,,
137,NA,NA_VVw,ikwe,ikwew2,2SgPoss,Dim,NONE,NONE,NONE,Loc,gidikwensing,gi<<ikwew2>>nsing,JDN-2010-Nouns,,,
138,NA,NA_VVw,ikwe,ikwew2,2PlPoss,Dim,NONE,NONE,NONE,Loc,gidikwensiwaang,gi<<ikwew2>>nsiwaang,JDN-2010-Nouns,,,
139,NA,NA_VVw,ikwe,ikwew2,3SgProxPoss,Dim,NONE,NONE,NONE,Loc,odikwensing,o<<ikwew2>>nsing,JDN-2010-Nouns,,,
140,NA,NA_VVw,ikwe,ikwew2,3PlProxPoss,Dim,NONE,NONE,NONE,Loc,odikwensiwaang,o<<ikwew2>>nsiwaang,JDN-2010-Nouns,,,
141,NA,NA_VVw,ikwe,ikwew2,3SgObvPoss,Dim,NONE,NONE,NONE,Loc,odikwensining,o<<ikwew2>>nsining,JDN-2010-Nouns,,,
142,NA,NA_VVw,ikwe,ikwew2,3PlObvPoss,Dim,NONE,NONE,NONE,Loc,odikwensining,o<<ikwew2>>nsining,GUESS,,,
171,NA,NA_VVw,ikwe,ikwew2,1SgPoss,Dim,Poss,NONE,NONE,Loc,nindikwensiming,ni<<ikwew2>>nsiming,JDN-2010-Nouns,,,
172,NA,NA_VVw,ikwe,ikwew2,ExclPoss,Dim,Poss,NONE,NONE,Loc,nindikwensiminaang,ni<<ikwew2>>nsiminaang,JDN-2010-Nouns,,,
173,NA,NA_VVw,ikwe,ikwew2,InclPoss,Dim,Poss,NONE,NONE,Loc,gidikwensiminaang,gi<<ikwew2>>nsiminaang,JDN-2010-Nouns,,,
174,NA,NA_VVw,ikwe,ikwew2,2SgPoss,Dim,Poss,NONE,NONE,Loc,gidikwensiming,gi<<ikwew2>>nsiming,JDN-2010-Nouns,,,
175,NA,NA_VVw,ikwe,ikwew2,2PlPoss,Dim,Poss,NONE,NONE,Loc,gidikwensimiwaang,gi<<ikwew2>>nsimiwaang,JDN-2010-Nouns,,,
176,NA,NA_VVw,ikwe,ikwew2,3SgProxPoss,Dim,Poss,NONE,NONE,Loc,odikwensiming,o<<ikwew2>>nsiming,JDN-2010-Nouns,,,
177,NA,NA_VVw,ikwe,ikwew2,3PlProxPoss,Dim,Poss,NONE,NONE,Loc,odikwensimiwaang,o<<ikwew2>>nsimiwaang,JDN-2010-Nouns,,,
178,NA,NA_VVw,ikwe,ikwew2,3SgObvPoss,Dim,Poss,NONE,NONE,Loc,odikwensimining,o<<ikwew2>>nsimining,JDN-2010-Nouns,,,
179,NA,NA_VVw,ikwe,ikwew2,3PlObvPoss,Dim,Poss,NONE,NONE,Loc,odikwensimining,o<<ikwew2>>nsimining,GUESS,,,
208,NA,NA_VVw,ikwe,ikwew2,1SgPoss,NONE,NONE,Pej,NONE,Loc,nindikwewishing,ni<<ikwew2>>ishing,JDN-2010-Nouns,,,
209,NA,NA_VVw,ikwe,ikwew2,ExclPoss,NONE,NONE,Pej,NONE,Loc,nindikwewishinaang,ni<<ikwew2>>ishinaang,JDN-2010-Nouns,,,
210,NA,NA_VVw,ikwe,ikwew2,InclPoss,NONE,NONE,Pej,NONE,Loc,gidikwewishinaang,gi<<ikwew2>>ishinaang,JDN-2010-Nouns,,,
211,NA,NA_VVw,ikwe,ikwew2,2SgPoss,NONE,NONE,Pej,NONE,Loc,gidikwewishing,gi<<ikwew2>>ishing,JDN-2010-Nouns,,,
212,NA,NA_VVw,ikwe,ikwew2,2PlPoss,NONE,NONE,Pej,NONE,Loc,gidikwewishiwaang,gi<<ikwew2>>ishiwaang,JDN-2010-Nouns,,,
213,NA,NA_VVw,ikwe,ikwew2,3SgProxPoss,NONE,NONE,Pej,NONE,Loc,odikwewishing,o<<ikwew2>>ishing,JDN-2010-Nouns,,,
214,NA,NA_VVw,ikwe,ikwew2,3PlProxPoss,NONE,NONE,Pej,NONE,Loc,odikwewishiwaang,o<<ikwew2>>ishiwaang,JDN-2010-Nouns,,,
215,NA,NA_VVw,ikwe,ikwew2,3SgObvPoss,NONE,NONE,Pej,NONE,Loc,odikwewishining,o<<ikwew2>>ishining,JDN-2010-Nouns,,,
216,NA,NA_VVw,ikwe,ikwew2,3PlObvPoss,NONE,NONE,Pej,NONE,Loc,odikwewishining,o<<ikwew2>>ishining,GUESS,,,
245,NA,NA_VVw,ikwe,ikwew2,1SgPoss,NONE,Poss,Pej,NONE,Loc,nindikwemishing,ni<<ikwew2>>mishing,JDN-2010-Nouns,,,
246,NA,NA_VVw,ikwe,ikwew2,ExclPoss,NONE,Poss,Pej,NONE,Loc,nindikwemishinaang,ni<<ikwew2>>mishinaang,JDN-2010-Nouns,,,
247,NA,NA_VVw,ikwe,ikwew2,InclPoss,NONE,Poss,Pej,NONE,Loc,gidikwemishinaang,gi<<ikwew2>>mishinaang,JDN-2010-Nouns,,,
248,NA,NA_VVw,ikwe,ikwew2,2SgPoss,NONE,Poss,Pej,NONE,Loc,gidikwemishing,gi<<ikwew2>>mishing,JDN-2010-Nouns,,,
249,NA,NA_VVw,ikwe,ikwew2,2PlPoss,NONE,Poss,Pej,NONE,Loc,gidikwemishiwaang,gi<<ikwew2>>mishiwaang,JDN-2010-Nouns,,,
250,NA,NA_VVw,ikwe,ikwew2,3SgProxPoss,NONE,Poss,Pej,NONE,Loc,odikwemishing,o<<ikwew2>>mishing,JDN-2010-Nouns,,,
251,NA,NA_VVw,ikwe,ikwew2,3PlProxPoss,NONE,Poss,Pej,NONE,Loc,odikwemishiwaang,o<<ikwew2>>mishiwaang,JDN-2010-Nouns,,,
252,NA,NA_VVw,ikwe,ikwew2,3SgObvPoss,NONE,Poss,Pej,NONE,Loc,odikwemishining,o<<ikwew2>>mishining,JDN-2010-Nouns,,,
253,NA,NA_VVw,ikwe,ikwew2,3PlObvPoss,NONE,Poss,Pej,NONE,Loc,odikwemishining,o<<ikwew2>>mishining,GUESS,,,
394,NA,NA_VVw,ikwe,ikwew2,1SgPoss,Dim,NONE,Pej,NONE,Loc,nindikwenzhishing,ni<<ikwew2>>nzhishing,JDN-2010-Nouns,,,
395,NA,NA_VVw,ikwe,ikwew2,ExclPoss,Dim,NONE,Pej,NONE,Loc,nindikwenzhishinaang,ni<<ikwew2>>nzhishinaang,JDN-2010-Nouns,,,
396,NA,NA_VVw,ikwe,ikwew2,InclPoss,Dim,NONE,Pej,NONE,Loc,gidikwenzhishinaang,gi<<ikwew2>>nzhishinaang,JDN-2010-Nouns,,,
397,NA,NA_VVw,ikwe,ikwew2,2SgPoss,Dim,NONE,Pej,NONE,Loc,gidikwenzhishing,gi<<ikwew2>>nzhishing,JDN-2010-Nouns,,,
398,NA,NA_VVw,ikwe,ikwew2,2PlPoss,Dim,NONE,Pej,NONE,Loc,gidikwenzhishiwaang,gi<<ikwew2>>nzhishiwaang,JDN-2010-Nouns,,,
399,NA,NA_VVw,ikwe,ikwew2,3SgProxPoss,Dim,NONE,Pej,NONE,Loc,odikwenzhishing,o<<ikwew2>>nzhishing,JDN-2010-Nouns,,,
400,NA,NA_VVw,ikwe,ikwew2,3PlProxPoss,Dim,NONE,Pej,NONE,Loc,odikwenzhishiwaang,o<<ikwew2>>nzhishiwaang,JDN-2010-Nouns,,,
401,NA,NA_VVw,ikwe,ikwew2,3SgObvPoss,Dim,NONE,Pej,NONE,Loc,odikwenzhishining,o<<ikwew2>>nzhishining,JDN-2010-Nouns,,,
402,NA,NA_VVw,ikwe,ikwew2,3PlObvPoss,Dim,NONE,Pej,NONE,Loc,odikwenzhishining,o<<ikwew2>>nzhishining,GUESS,,,
431,NA,NA_VVw,ikwe,ikwew2,1SgPoss,Dim,Poss,Pej,NONE,Loc,nindikwensimishing,ni<<ikwew2>>nsimishing,JDN-2010-Nouns,,,
432,NA,NA_VVw,ikwe,ikwew2,ExclPoss,Dim,Poss,Pej,NONE,Loc,nindikwensimishinaang,ni<<ikwew2>>nsimishinaang,JDN-2010-Nouns,,,
433,NA,NA_VVw,ikwe,ikwew2,InclPoss,Dim,Poss,Pej,NONE,Loc,gidikwensimishinaang,gi<<ikwew2>>nsimishinaang,JDN-2010-Nouns,,,
434,NA,NA_VVw,ikwe,ikwew2,2SgPoss,Dim,Poss,Pej,NONE,Loc,gidikwensimishing,gi<<ikwew2>>nsimishing,JDN-2010-Nouns,,,
435,NA,NA_VVw,ikwe,ikwew2,2PlPoss,Dim,Poss,Pej,NONE,Loc,gidikwensimishiwaang,gi<<ikwew2>>nsimishiwaang,JDN-2010-Nouns,,,
436,NA,NA_VVw,ikwe,ikwew2,3SgProxPoss,Dim,Poss,Pej,NONE,Loc,odikwensimishing,o<<ikwew2>>nsimishing,JDN-2010-Nouns,,,
437,NA,NA_VVw,ikwe,ikwew2,3PlProxPoss,Dim,Poss,Pej,NONE,Loc,odikwensimishiwaang,o<<ikwew2>>nsimishiwaang,JDN-2010-Nouns,,,
438,NA,NA_VVw,ikwe,ikwew2,3SgObvPoss,Dim,Poss,Pej,NONE,Loc,odikwensimishining,o<<ikwew2>>nsimishining,JDN-2010-Nouns,,,
439,NA,NA_VVw,ikwe,ikwew2,3PlObvPoss,Dim,Poss,Pej,NONE,Loc,odikwensimishining,o<<ikwew2>>nsimishining,GUESS,,,
3,NA,NA_VVw,ikwe,ikwew2,NONE,NONE,NONE,NONE,NONE,ObvPl,ikwewa',<<ikwew2>>a',JDN-2010-Nouns,ikwewan,<<ikwew2>>an,JDN-2010-Nouns
9,NA,NA_VVw,ikwe,ikwew2,NONE,Dim,NONE,NONE,NONE,ObvPl,ikwensa',<<ikwew2>>nsa',JDN-2010-Nouns,ikwensan,<<ikwew2>>nsan,JDN-2010-Nouns
15,NA,NA_VVw,ikwe,ikwew2,NONE,NONE,NONE,Pej,NONE,ObvPl,ikwewisha',<<ikwew2>>isha',JDN-2010-Nouns,ikwewishan,<<ikwew2>>ishan,JDN-2010-Nouns
21,NA,NA_VVw,ikwe,ikwew2,NONE,NONE,NONE,NONE,Pret,ObvPl,ikwebanii',<<ikwew2>>banii',JDN-2010-Nouns,ikwebaniin,<<ikwew2>>baniin,JDN-2010-Nouns
25,NA,NA_VVw,ikwe,ikwew2,NONE,Dim,NONE,Pej,NONE,ObvPl,ikwenzhisha',<<ikwew2>>nzhisha',JDN-2010-Nouns,ikwenzhishan,<<ikwew2>>nzhishan,JDN-2010-Nouns
31,NA,NA_VVw,ikwe,ikwew2,NONE,Dim,NONE,NONE,Pret,ObvPl,ikwensibanii',<<ikwew2>>nsibanii',JDN-2010-Nouns,ikwensibaniin,<<ikwew2>>nsibaniin,JDN-2010-Nouns
51,NA,NA_VVw,ikwe,ikwew2,1SgPoss,NONE,NONE,NONE,NONE,ObvPl,nindikwewa',ni<<ikwew2>>a',JDN-2010-Nouns,nindikwewan,ni<<ikwew2>>an,JDN-2010-Nouns
52,NA,NA_VVw,ikwe,ikwew2,ExclPoss,NONE,NONE,NONE,NONE,ObvPl,nindikwenaani',ni<<ikwew2>>naani',JDN-2010-Nouns,nindikwenaanin,ni<<ikwew2>>naanin,JDN-2010-Nouns
53,NA,NA_VVw,ikwe,ikwew2,InclPoss,NONE,NONE,NONE,NONE,ObvPl,gidikwenaani',gi<<ikwew2>>naani',JDN-2010-Nouns,gidikwenaanin,gi<<ikwew2>>naanin,JDN-2010-Nouns
54,NA,NA_VVw,ikwe,ikwew2,2SgPoss,NONE,NONE,NONE,NONE,ObvPl,gidikwewa',gi<<ikwew2>>a',JDN-2010-Nouns,gidikwewan,gi<<ikwew2>>an,JDN-2010-Nouns
55,NA,NA_VVw,ikwe,ikwew2,2PlPoss,NONE,NONE,NONE,NONE,ObvPl,gidikwewaa',gi<<ikwew2>>waa',JDN-2010-Nouns,gidikwewaan,gi<<ikwew2>>waan,JDN-2010-Nouns
56,NA,NA_VVw,ikwe,ikwew2,3SgProxPoss,NONE,NONE,NONE,NONE,ObvPl,odikwewa',o<<ikwew2>>a',JDN-2010-Nouns,odikwewan,o<<ikwew2>>an,JDN-2010-Nouns
57,NA,NA_VVw,ikwe,ikwew2,3PlProxPoss,NONE,NONE,NONE,NONE,ObvPl,odikwewaa',o<<ikwew2>>waa',JDN-2010-Nouns,odikwewaan,o<<ikwew2>>waan,JDN-2010-Nouns
58,NA,NA_VVw,ikwe,ikwew2,3SgObvPoss,NONE,NONE,NONE,NONE,ObvPl,odikweni,o<<ikwew2>>niw1,JDN-2010-Nouns,odikweni,o<<ikwew2>>niw1,JDN-2010-Nouns
59,NA,NA_VVw,ikwe,ikwew2,3PlObvPoss,NONE,NONE,NONE,NONE,ObvPl,odikweni,o<<ikwew2>>niw1,GUESS,odikweni,o<<ikwew2>>niw1,GUESS
88,NA,NA_VVw,ikwe,ikwew2,1SgPoss,NONE,Poss,NONE,NONE,ObvPl,nindikwema',ni<<ikwew2>>ma',JDN-2010-Nouns,nindikweman,ni<<ikwew2>>man,JDN-2010-Nouns
89,NA,NA_VVw,ikwe,ikwew2,ExclPoss,NONE,Poss,NONE,NONE,ObvPl,nindikweminaani',ni<<ikwew2>>minaani',JDN-2010-Nouns,nindikweminaanin,ni<<ikwew2>>minaanin,JDN-2010-Nouns
90,NA,NA_VVw,ikwe,ikwew2,InclPoss,NONE,Poss,NONE,NONE,ObvPl,gidikweminaani',gi<<ikwew2>>minaani',JDN-2010-Nouns,gidikweminaanin,gi<<ikwew2>>minaanin,JDN-2010-Nouns
91,NA,NA_VVw,ikwe,ikwew2,2SgPoss,NONE,Poss,NONE,NONE,ObvPl,gidikwema',gi<<ikwew2>>ma',JDN-2010-Nouns,gidikweman,gi<<ikwew2>>man,JDN-2010-Nouns
92,NA,NA_VVw,ikwe,ikwew2,2PlPoss,NONE,Poss,NONE,NONE,ObvPl,gidikwemiwaa',gi<<ikwew2>>miwaa',JDN-2010-Nouns,gidikwemiwaan,gi<<ikwew2>>miwaan,JDN-2010-Nouns
93,NA,NA_VVw,ikwe,ikwew2,3SgProxPoss,NONE,Poss,NONE,NONE,ObvPl,odikwema',o<<ikwew2>>ma',JDN-2010-Nouns,odikweman,o<<ikwew2>>man,JDN-2010-Nouns
94,NA,NA_VVw,ikwe,ikwew2,3PlProxPoss,NONE,Poss,NONE,NONE,ObvPl,odikwemiwaa',o<<ikwew2>>miwaa',JDN-2010-Nouns,odikwemiwaan,o<<ikwew2>>miwaan,JDN-2010-Nouns
95,NA,NA_VVw,ikwe,ikwew2,3SgObvPoss,NONE,Poss,NONE,NONE,ObvPl,odikwemini,o<<ikwew2>>miniw1,JDN-2010-Nouns,odikwemini,o<<ikwew2>>miniw1,JDN-2010-Nouns
96,NA,NA_VVw,ikwe,ikwew2,3PlObvPoss,NONE,Poss,NONE,NONE,ObvPl,odikwemini,o<<ikwew2>>miniw1,GUESS,odikwemini,o<<ikwew2>>miniw1,GUESS
125,NA,NA_VVw,ikwe,ikwew2,1SgPoss,Dim,NONE,NONE,NONE,ObvPl,nindikwensa',ni<<ikwew2>>nsa',JDN-2010-Nouns,nindikwensan,ni<<ikwew2>>nsan,JDN-2010-Nouns
126,NA,NA_VVw,ikwe,ikwew2,ExclPoss,Dim,NONE,NONE,NONE,ObvPl,nindikwensinaani',ni<<ikwew2>>nsinaani',JDN-2010-Nouns,nindikwensinaanin,ni<<ikwew2>>nsinaanin,JDN-2010-Nouns
127,NA,NA_VVw,ikwe,ikwew2,InclPoss,Dim,NONE,NONE,NONE,ObvPl,gidikwensinaani',gi<<ikwew2>>nsinaani',JDN-2010-Nouns,gidikwensinaanin,gi<<ikwew2>>nsinaanin,JDN-2010-Nouns
128,NA,NA_VVw,ikwe,ikwew2,2SgPoss,Dim,NONE,NONE,NONE,ObvPl,gidikwensa',gi<<ikwew2>>nsa',JDN-2010-Nouns,gidikwensan,gi<<ikwew2>>nsan,JDN-2010-Nouns
129,NA,NA_VVw,ikwe,ikwew2,2PlPoss,Dim,NONE,NONE,NONE,ObvPl,gidikwensiwaa',gi<<ikwew2>>nsiwaa',JDN-2010-Nouns,gidikwensiwaan,gi<<ikwew2>>nsiwaan,JDN-2010-Nouns
130,NA,NA_VVw,ikwe,ikwew2,3SgProxPoss,Dim,NONE,NONE,NONE,ObvPl,odikwensa',o<<ikwew2>>nsa',JDN-2010-Nouns,odikwensan,o<<ikwew2>>nsan,JDN-2010-Nouns
131,NA,NA_VVw,ikwe,ikwew2,3PlProxPoss,Dim,NONE,NONE,NONE,ObvPl,odikwensiwaa',o<<ikwew2>>nsiwaa',JDN-2010-Nouns,odikwensiwaan,o<<ikwew2>>nsiwaan,JDN-2010-Nouns
132,NA,NA_VVw,ikwe,ikwew2,3SgObvPoss,Dim,NONE,NONE,NONE,ObvPl,odikwensini,o<<ikwew2>>nsiniw1,JDN-2010-Nouns,odikwensini,o<<ikwew2>>nsiniw1,JDN-2010-Nouns
133,NA,NA_VVw,ikwe,ikwew2,3PlObvPoss,Dim,NONE,NONE,NONE,ObvPl,odikwensini,o<<ikwew2>>nsiniw1,GUESS,odikwensini,o<<ikwew2>>nsiniw1,GUESS
162,NA,NA_VVw,ikwe,ikwew2,1SgPoss,Dim,Poss,NONE,NONE,ObvPl,nindikwensima',ni<<ikwew2>>nsima',JDN-2010-Nouns,nindikwensiman,ni<<ikwew2>>nsiman,JDN-2010-Nouns
163,NA,NA_VVw,ikwe,ikwew2,ExclPoss,Dim,Poss,NONE,NONE,ObvPl,nindikwensiminaani',ni<<ikwew2>>nsiminaani',JDN-2010-Nouns,nindikwensiminaanin,ni<<ikwew2>>nsiminaanin,JDN-2010-Nouns
164,NA,NA_VVw,ikwe,ikwew2,InclPoss,Dim,Poss,NONE,NONE,ObvPl,gidikwensiminaani',gi<<ikwew2>>nsiminaani',JDN-2010-Nouns,gidikwensiminaanin,gi<<ikwew2>>nsiminaanin,JDN-2010-Nouns
165,NA,NA_VVw,ikwe,ikwew2,2SgPoss,Dim,Poss,NONE,NONE,ObvPl,gidikwensima',gi<<ikwew2>>nsima',JDN-2010-Nouns,gidikwensiman,gi<<ikwew2>>nsiman,JDN-2010-Nouns
166,NA,NA_VVw,ikwe,ikwew2,2PlPoss,Dim,Poss,NONE,NONE,ObvPl,gidikwensimiwaa',gi<<ikwew2>>nsimiwaa',JDN-2010-Nouns,gidikwensimiwaan,gi<<ikwew2>>nsimiwaan,JDN-2010-Nouns
167,NA,NA_VVw,ikwe,ikwew2,3SgProxPoss,Dim,Poss,NONE,NONE,ObvPl,odikwensima',o<<ikwew2>>nsima',JDN-2010-Nouns,odikwensiman,o<<ikwew2>>nsiman,JDN-2010-Nouns
168,NA,NA_VVw,ikwe,ikwew2,3PlProxPoss,Dim,Poss,NONE,NONE,ObvPl,odikwensimiwaa',o<<ikwew2>>nsimiwaa',JDN-2010-Nouns,odikwensimiwaan,o<<ikwew2>>nsimiwaan,JDN-2010-Nouns
169,NA,NA_VVw,ikwe,ikwew2,3SgObvPoss,Dim,Poss,NONE,NONE,ObvPl,odikwensimini,o<<ikwew2>>nsiminiw1,JDN-2010-Nouns,odikwensimini,o<<ikwew2>>nsiminiw1,JDN-2010-Nouns
170,NA,NA_VVw,ikwe,ikwew2,3PlObvPoss,Dim,Poss,NONE,NONE,ObvPl,odikwensimini,o<<ikwew2>>nsiminiw1,GUESS,odikwensimini,o<<ikwew2>>nsiminiw1,GUESS
199,NA,NA_VVw,ikwe,ikwew2,1SgPoss,NONE,NONE,Pej,NONE,ObvPl,nindikwewisha',ni<<ikwew2>>isha',JDN-2010-Nouns,nindikwewishan,ni<<ikwew2>>ishan,JDN-2010-Nouns
200,NA,NA_VVw,ikwe,ikwew2,ExclPoss,NONE,NONE,Pej,NONE,ObvPl,nindikwewishinaani',ni<<ikwew2>>ishinaani',JDN-2010-Nouns,nindikwewishinaanin,ni<<ikwew2>>ishinaanin,JDN-2010-Nouns
201,NA,NA_VVw,ikwe,ikwew2,InclPoss,NONE,NONE,Pej,NONE,ObvPl,gidikwewishinaani',gi<<ikwew2>>ishinaani',JDN-2010-Nouns,gidikwewishinaanin,gi<<ikwew2>>ishinaanin,JDN-2010-Nouns
202,NA,NA_VVw,ikwe,ikwew2,2SgPoss,NONE,NONE,Pej,NONE,ObvPl,gidikwewisha',gi<<ikwew2>>isha',JDN-2010-Nouns,gidikwewishan,gi<<ikwew2>>ishan,JDN-2010-Nouns
203,NA,NA_VVw,ikwe,ikwew2,2PlPoss,NONE,NONE,Pej,NONE,ObvPl,gidikwewishiwaa',gi<<ikwew2>>ishiwaa',JDN-2010-Nouns,gidikwewishiwaan,gi<<ikwew2>>ishiwaan,JDN-2010-Nouns
204,NA,NA_VVw,ikwe,ikwew2,3SgProxPoss,NONE,NONE,Pej,NONE,ObvPl,odikwewisha',o<<ikwew2>>isha',JDN-2010-Nouns,odikwewishan,o<<ikwew2>>ishan,JDN-2010-Nouns
205,NA,NA_VVw,ikwe,ikwew2,3PlProxPoss,NONE,NONE,Pej,NONE,ObvPl,odikwewishiwaa',o<<ikwew2>>ishiwaa',JDN-2010-Nouns,odikwewishiwaan,o<<ikwew2>>ishiwaan,JDN-2010-Nouns
206,NA,NA_VVw,ikwe,ikwew2,3SgObvPoss,NONE,NONE,Pej,NONE,ObvPl,odikwewishini,o<<ikwew2>>ishiniw1,JDN-2010-Nouns,odikwewishini,o<<ikwew2>>ishiniw1,JDN-2010-Nouns
207,NA,NA_VVw,ikwe,ikwew2,3PlObvPoss,NONE,NONE,Pej,NONE,ObvPl,odikwewishini,o<<ikwew2>>ishiniw1,GUESS,odikwewishini,o<<ikwew2>>ishiniw1,GUESS
236,NA,NA_VVw,ikwe,ikwew2,1SgPoss,NONE,Poss,Pej,NONE,ObvPl,nindikwemisha',ni<<ikwew2>>misha',JDN-2010-Nouns,nindikwemishan,ni<<ikwew2>>mishan,JDN-2010-Nouns
237,NA,NA_VVw,ikwe,ikwew2,ExclPoss,NONE,Poss,Pej,NONE,ObvPl,nindikwemishinaani',ni<<ikwew2>>mishinaani',JDN-2010-Nouns,nindikwemishinaanin,ni<<ikwew2>>mishinaanin,JDN-2010-Nouns
238,NA,NA_VVw,ikwe,ikwew2,InclPoss,NONE,Poss,Pej,NONE,ObvPl,gidikwemishinaani',gi<<ikwew2>>mishinaani',JDN-2010-Nouns,gidikwemishinaanin,gi<<ikwew2>>mishinaanin,JDN-2010-Nouns
239,NA,NA_VVw,ikwe,ikwew2,2SgPoss,NONE,Poss,Pej,NONE,ObvPl,gidikwemisha',gi<<ikwew2>>misha',JDN-2010-Nouns,gidikwemishan,gi<<ikwew2>>mishan,JDN-2010-Nouns
240,NA,NA_VVw,ikwe,ikwew2,2PlPoss,NONE,Poss,Pej,NONE,ObvPl,gidikwemishiwaa',gi<<ikwew2>>mishiwaa',JDN-2010-Nouns,gidikwemishiwaan,gi<<ikwew2>>mishiwaan,JDN-2010-Nouns
241,NA,NA_VVw,ikwe,ikwew2,3SgProxPoss,NONE,Poss,Pej,NONE,ObvPl,odikwemisha',o<<ikwew2>>misha',JDN-2010-Nouns,odikwemishan,o<<ikwew2>>mishan,JDN-2010-Nouns
242,NA,NA_VVw,ikwe,ikwew2,3PlProxPoss,NONE,Poss,Pej,NONE,ObvPl,odikwemishiwaa',o<<ikwew2>>mishiwaa',JDN-2010-Nouns,odikwemishiwaan,o<<ikwew2>>mishiwaan,JDN-2010-Nouns
243,NA,NA_VVw,ikwe,ikwew2,3SgObvPoss,NONE,Poss,Pej,NONE,ObvPl,odikwemishini,o<<ikwew2>>mishiniw1,JDN-2010-Nouns,odikwemishini,o<<ikwew2>>mishiniw1,JDN-2010-Nouns
244,NA,NA_VVw,ikwe,ikwew2,3PlObvPoss,NONE,Poss,Pej,NONE,ObvPl,odikwemishini,o<<ikwew2>>mishiniw1,GUESS,odikwemishini,o<<ikwew2>>mishiniw1,GUESS
273,NA,NA_VVw,ikwe,ikwew2,1SgPoss,NONE,NONE,NONE,Pret,ObvPl,nindikwebanii',ni<<ikwew2>>banii',JDN-2010-Nouns,nindikwebaniin,ni<<ikwew2>>baniin,JDN-2010-Nouns
274,NA,NA_VVw,ikwe,ikwew2,ExclPoss,NONE,NONE,NONE,Pret,ObvPl,nindikwenaabanii',ni<<ikwew2>>naabanii',JDN-2010-Nouns,nindikwenaabaniin,ni<<ikwew2>>naabaniin,JDN-2010-Nouns
275,NA,NA_VVw,ikwe,ikwew2,InclPoss,NONE,NONE,NONE,Pret,ObvPl,gidikwenaabanii',gi<<ikwew2>>naabanii',JDN-2010-Nouns,gidikwenaabaniin,gi<<ikwew2>>naabaniin,JDN-2010-Nouns
276,NA,NA_VVw,ikwe,ikwew2,2SgPoss,NONE,NONE,NONE,Pret,ObvPl,gidikwebanii',gi<<ikwew2>>banii',JDN-2010-Nouns,gidikwebaniin,gi<<ikwew2>>baniin,JDN-2010-Nouns
277,NA,NA_VVw,ikwe,ikwew2,2PlPoss,NONE,NONE,NONE,Pret,ObvPl,gidikwewaabanii',gi<<ikwew2>>waabanii',JDN-2010-Nouns,gidikwewaabaniin,gi<<ikwew2>>waabaniin,JDN-2010-Nouns
278,NA,NA_VVw,ikwe,ikwew2,3SgProxPoss,NONE,NONE,NONE,Pret,ObvPl,odikwebanii',o<<ikwew2>>banii',JDN-2010-Nouns,odikwebaniin,o<<ikwew2>>baniin,JDN-2010-Nouns
279,NA,NA_VVw,ikwe,ikwew2,3PlProxPoss,NONE,NONE,NONE,Pret,ObvPl,odikwewaabanii',o<<ikwew2>>waabanii',JDN-2010-Nouns,odikwewaabaniin,o<<ikwew2>>waabaniin,JDN-2010-Nouns
280,NA,NA_VVw,ikwe,ikwew2,3SgObvPoss,NONE,NONE,NONE,Pret,ObvPl,odikweniban,o<<ikwew2>>niban,JDN-2010-Nouns,odikweniban,o<<ikwew2>>niban,JDN-2010-Nouns
281,NA,NA_VVw,ikwe,ikwew2,3PlObvPoss,NONE,NONE,NONE,Pret,ObvPl,odikweniban,o<<ikwew2>>niban,GUESS,odikweniban,o<<ikwew2>>niban,GUESS
301,NA,NA_VVw,ikwe,ikwew2,1SgPoss,NONE,Poss,NONE,Pret,ObvPl,nindikwemibanii',ni<<ikwew2>>mibanii',JDN-2010-Nouns,nindikwemibaniin,ni<<ikwew2>>mibaniin,JDN-2010-Nouns
302,NA,NA_VVw,ikwe,ikwew2,ExclPoss,NONE,Poss,NONE,Pret,ObvPl,nindikweminaabanii',ni<<ikwew2>>minaabanii',JDN-2010-Nouns,nindikweminaabaniin,ni<<ikwew2>>minaabaniin,JDN-2010-Nouns
303,NA,NA_VVw,ikwe,ikwew2,InclPoss,NONE,Poss,NONE,Pret,ObvPl,gidikweminaabanii',gi<<ikwew2>>minaabanii',JDN-2010-Nouns,gidikweminaabaniin,gi<<ikwew2>>minaabaniin,JDN-2010-Nouns
304,NA,NA_VVw,ikwe,ikwew2,2SgPoss,NONE,Poss,NONE,Pret,ObvPl,gidikwemibanii',gi<<ikwew2>>mibanii',JDN-2010-Nouns,gidikwemibaniin,gi<<ikwew2>>mibaniin,JDN-2010-Nouns
305,NA,NA_VVw,ikwe,ikwew2,2PlPoss,NONE,Poss,NONE,Pret,ObvPl,gidikwemiwaabanii',gi<<ikwew2>>miwaabanii',JDN-2010-Nouns,gidikwemiwaabaniin,gi<<ikwew2>>miwaabaniin,JDN-2010-Nouns
306,NA,NA_VVw,ikwe,ikwew2,3SgProxPoss,NONE,Poss,NONE,Pret,ObvPl,odikwemibanii',o<<ikwew2>>mibanii',JDN-2010-Nouns,odikwemibaniin,o<<ikwew2>>mibaniin,JDN-2010-Nouns
307,NA,NA_VVw,ikwe,ikwew2,3PlProxPoss,NONE,Poss,NONE,Pret,ObvPl,odikwemiwaabanii',o<<ikwew2>>miwaabanii',JDN-2010-Nouns,odikwemiwaabaniin,o<<ikwew2>>miwaabaniin,JDN-2010-Nouns
308,NA,NA_VVw,ikwe,ikwew2,3SgObvPoss,NONE,Poss,NONE,Pret,ObvPl,odikweminiban,o<<ikwew2>>miniban,JDN-2010-Nouns,odikweminiban,o<<ikwew2>>miniban,JDN-2010-Nouns
309,NA,NA_VVw,ikwe,ikwew2,3PlObvPoss,NONE,Poss,NONE,Pret,ObvPl,odikweminiban,o<<ikwew2>>miniban,GUESS,odikweminiban,o<<ikwew2>>miniban,GUESS
329,NA,NA_VVw,ikwe,ikwew2,1SgPoss,Dim,NONE,NONE,Pret,ObvPl,nindikwensibanii',ni<<ikwew2>>nsibanii',JDN-2010-Nouns,nindikwensibaniin,ni<<ikwew2>>nsibaniin,JDN-2010-Nouns
330,NA,NA_VVw,ikwe,ikwew2,ExclPoss,Dim,NONE,NONE,Pret,ObvPl,nindikwensinaabanii',ni<<ikwew2>>nsinaabanii',JDN-2010-Nouns,nindikwensinaabaniin,ni<<ikwew2>>nsinaabaniin,JDN-2010-Nouns
331,NA,NA_VVw,ikwe,ikwew2,InclPoss,Dim,NONE,NONE,Pret,ObvPl,gidikwensinaabanii',gi<<ikwew2>>nsinaabanii',JDN-2010-Nouns,gidikwensinaabaniin,gi<<ikwew2>>nsinaabaniin,JDN-2010-Nouns
332,NA,NA_VVw,ikwe,ikwew2,2SgPoss,Dim,NONE,NONE,Pret,ObvPl,gidikwensibanii',gi<<ikwew2>>nsibanii',JDN-2010-Nouns,gidikwensibaniin,gi<<ikwew2>>nsibaniin,JDN-2010-Nouns
333,NA,NA_VVw,ikwe,ikwew2,2PlPoss,Dim,NONE,NONE,Pret,ObvPl,gidikwensiwaabanii',gi<<ikwew2>>nsiwaabanii',JDN-2010-Nouns,gidikwensiwaabaniin,gi<<ikwew2>>nsiwaabaniin,JDN-2010-Nouns
334,NA,NA_VVw,ikwe,ikwew2,3SgProxPoss,Dim,NONE,NONE,Pret,ObvPl,odikwensibanii',o<<ikwew2>>nsibanii',JDN-2010-Nouns,odikwensibaniin,o<<ikwew2>>nsibaniin,JDN-2010-Nouns
335,NA,NA_VVw,ikwe,ikwew2,3PlProxPoss,Dim,NONE,NONE,Pret,ObvPl,odikwensiwaabanii',o<<ikwew2>>nsiwaabanii',JDN-2010-Nouns,odikwensiwaabaniin,o<<ikwew2>>nsiwaabaniin,JDN-2010-Nouns
336,NA,NA_VVw,ikwe,ikwew2,3SgObvPoss,Dim,NONE,NONE,Pret,ObvPl,odikwensiniban,o<<ikwew2>>nsiniban,JDN-2010-Nouns,odikwensiniban,o<<ikwew2>>nsiniban,JDN-2010-Nouns
337,NA,NA_VVw,ikwe,ikwew2,3PlObvPoss,Dim,NONE,NONE,Pret,ObvPl,odikwensiniban,o<<ikwew2>>nsiniban,GUESS,odikwensiniban,o<<ikwew2>>nsiniban,GUESS
357,NA,NA_VVw,ikwe,ikwew2,1SgPoss,Dim,Poss,NONE,Pret,ObvPl,nindikwensimibanii',ni<<ikwew2>>nsimibanii',JDN-2010-Nouns,nindikwensimibaniin,ni<<ikwew2>>nsimibaniin,JDN-2010-Nouns
358,NA,NA_VVw,ikwe,ikwew2,ExclPoss,Dim,Poss,NONE,Pret,ObvPl,nindikwensiminaabanii',ni<<ikwew2>>nsiminaabanii',JDN-2010-Nouns,nindikwensiminaabaniin,ni<<ikwew2>>nsiminaabaniin,JDN-2010-Nouns
359,NA,NA_VVw,ikwe,ikwew2,InclPoss,Dim,Poss,NONE,Pret,ObvPl,gidikwensiminaabanii',gi<<ikwew2>>nsiminaabanii',JDN-2010-Nouns,gidikwensiminaabaniin,gi<<ikwew2>>nsiminaabaniin,JDN-2010-Nouns
360,NA,NA_VVw,ikwe,ikwew2,2SgPoss,Dim,Poss,NONE,Pret,ObvPl,gidikwensimibanii',gi<<ikwew2>>nsimibanii',JDN-2010-Nouns,gidikwensimibaniin,gi<<ikwew2>>nsimibaniin,JDN-2010-Nouns
361,NA,NA_VVw,ikwe,ikwew2,2PlPoss,Dim,Poss,NONE,Pret,ObvPl,gidikwensimiwaabanii',gi<<ikwew2>>nsimiwaabanii',JDN-2010-Nouns,gidikwensimiwaabaniin,gi<<ikwew2>>nsimiwaabaniin,JDN-2010-Nouns
362,NA,NA_VVw,ikwe,ikwew2,3SgProxPoss,Dim,Poss,NONE,Pret,ObvPl,odikwensimibanii',o<<ikwew2>>nsimibanii',JDN-2010-Nouns,odikwensimibaniin,o<<ikwew2>>nsimibaniin,JDN-2010-Nouns
363,NA,NA_VVw,ikwe,ikwew2,3PlProxPoss,Dim,Poss,NONE,Pret,ObvPl,odikwensimiwaabanii',o<<ikwew2>>nsimiwaabanii',JDN-2010-Nouns,odikwensimiwaabaniin,o<<ikwew2>>nsimiwaabaniin,JDN-2010-Nouns
364,NA,NA_VVw,ikwe,ikwew2,3SgObvPoss,Dim,Poss,NONE,Pret,ObvPl,odikwensiminiban,o<<ikwew2>>nsiminiban,JDN-2010-Nouns,odikwensiminiban,o<<ikwew2>>nsiminiban,JDN-2010-Nouns
365,NA,NA_VVw,ikwe,ikwew2,3PlObvPoss,Dim,Poss,NONE,Pret,ObvPl,odikwensiminiban,o<<ikwew2>>nsiminiban,GUESS,odikwensiminiban,o<<ikwew2>>nsiminiban,GUESS
385,NA,NA_VVw,ikwe,ikwew2,1SgPoss,Dim,NONE,Pej,NONE,ObvPl,nindikwenzhisha',ni<<ikwew2>>nzhisha',JDN-2010-Nouns,nindikwenzhishan,ni<<ikwew2>>nzhishan,JDN-2010-Nouns
386,NA,NA_VVw,ikwe,ikwew2,ExclPoss,Dim,NONE,Pej,NONE,ObvPl,nindikwenzhishinaani',ni<<ikwew2>>nzhishinaani',JDN-2010-Nouns,nindikwenzhishinaanin,ni<<ikwew2>>nzhishinaanin,JDN-2010-Nouns
387,NA,NA_VVw,ikwe,ikwew2,InclPoss,Dim,NONE,Pej,NONE,ObvPl,gidikwenzhishinaani',gi<<ikwew2>>nzhishinaani',JDN-2010-Nouns,gidikwenzhishinaanin,gi<<ikwew2>>nzhishinaanin,JDN-2010-Nouns
388,NA,NA_VVw,ikwe,ikwew2,2SgPoss,Dim,NONE,Pej,NONE,ObvPl,gidikwenzhisha',gi<<ikwew2>>nzhisha',JDN-2010-Nouns,gidikwenzhishan,gi<<ikwew2>>nzhishan,JDN-2010-Nouns
389,NA,NA_VVw,ikwe,ikwew2,2PlPoss,Dim,NONE,Pej,NONE,ObvPl,gidikwenzhishiwaa',gi<<ikwew2>>nzhishiwaa',JDN-2010-Nouns,gidikwenzhishiwaan,gi<<ikwew2>>nzhishiwaan,JDN-2010-Nouns
390,NA,NA_VVw,ikwe,ikwew2,3SgProxPoss,Dim,NONE,Pej,NONE,ObvPl,odikwenzhisha',o<<ikwew2>>nzhisha',JDN-2010-Nouns,odikwenzhishan,o<<ikwew2>>nzhishan,JDN-2010-Nouns
391,NA,NA_VVw,ikwe,ikwew2,3PlProxPoss,Dim,NONE,Pej,NONE,ObvPl,odikwenzhishiwaa',o<<ikwew2>>nzhishiwaa',JDN-2010-Nouns,odikwenzhishiwaan,o<<ikwew2>>nzhishiwaan,JDN-2010-Nouns
392,NA,NA_VVw,ikwe,ikwew2,3SgObvPoss,Dim,NONE,Pej,NONE,ObvPl,odikwenzhishini,o<<ikwew2>>nzhishiniw1,JDN-2010-Nouns,odikwenzhishini,o<<ikwew2>>nzhishiniw1,JDN-2010-Nouns
393,NA,NA_VVw,ikwe,ikwew2,3PlObvPoss,Dim,NONE,Pej,NONE,ObvPl,odikwenzhishini,o<<ikwew2>>nzhishiniw1,GUESS,odikwenzhishini,o<<ikwew2>>nzhishiniw1,GUESS
422,NA,NA_VVw,ikwe,ikwew2,1SgPoss,Dim,Poss,Pej,NONE,ObvPl,nindikwensimisha',ni<<ikwew2>>nsimisha',JDN-2010-Nouns,nindikwensimishan,ni<<ikwew2>>nsimishan,JDN-2010-Nouns
423,NA,NA_VVw,ikwe,ikwew2,ExclPoss,Dim,Poss,Pej,NONE,ObvPl,nindikwensimishinaani',ni<<ikwew2>>nsimishinaani',JDN-2010-Nouns,nindikwensimishinaanin,ni<<ikwew2>>nsimishinaanin,JDN-2010-Nouns
424,NA,NA_VVw,ikwe,ikwew2,InclPoss,Dim,Poss,Pej,NONE,ObvPl,gidikwensimishinaani',gi<<ikwew2>>nsimishinaani',JDN-2010-Nouns,gidikwensimishinaanin,gi<<ikwew2>>nsimishinaanin,JDN-2010-Nouns
425,NA,NA_VVw,ikwe,ikwew2,2SgPoss,Dim,Poss,Pej,NONE,ObvPl,gidikwensimisha',gi<<ikwew2>>nsimisha',JDN-2010-Nouns,gidikwensimishan,gi<<ikwew2>>nsimishan,JDN-2010-Nouns
426,NA,NA_VVw,ikwe,ikwew2,2PlPoss,Dim,Poss,Pej,NONE,ObvPl,gidikwensimishiwaa',gi<<ikwew2>>nsimishiwaa',JDN-2010-Nouns,gidikwensimishiwaan,gi<<ikwew2>>nsimishiwaan,JDN-2010-Nouns
427,NA,NA_VVw,ikwe,ikwew2,3SgProxPoss,Dim,Poss,Pej,NONE,ObvPl,odikwensimisha',o<<ikwew2>>nsimisha',JDN-2010-Nouns,odikwensimishan,o<<ikwew2>>nsimishan,JDN-2010-Nouns
428,NA,NA_VVw,ikwe,ikwew2,3PlProxPoss,Dim,Poss,Pej,NONE,ObvPl,odikwensimishiwaa',o<<ikwew2>>nsimishiwaa',JDN-2010-Nouns,odikwensimishiwaan,o<<ikwew2>>nsimishiwaan,JDN-2010-Nouns
429,NA,NA_VVw,ikwe,ikwew2,3SgObvPoss,Dim,Poss,Pej,NONE,ObvPl,odikwensimishini,o<<ikwew2>>nsimishiniw1,JDN-2010-Nouns,odikwensimishini,o<<ikwew2>>nsimishiniw1,JDN-2010-Nouns
430,NA,NA_VVw,ikwe,ikwew2,3PlObvPoss,Dim,Poss,Pej,NONE,ObvPl,odikwensimishini,o<<ikwew2>>nsimishiniw1,GUESS,odikwensimishini,o<<ikwew2>>nsimishiniw1,GUESS
2,NA,NA_VVw,ikwe,ikwew2,NONE,NONE,NONE,NONE,NONE,ObvSg,ikwewan,<<ikwew2>>an,JDN-2010-Nouns,,,
8,NA,NA_VVw,ikwe,ikwew2,NONE,Dim,NONE,NONE,NONE,ObvSg,ikwensan,<<ikwew2>>nsan,JDN-2010-Nouns,,,
14,NA,NA_VVw,ikwe,ikwew2,NONE,NONE,NONE,Pej,NONE,ObvSg,ikwewishan,<<ikwew2>>ishan,JDN-2010-Nouns,,,
20,NA,NA_VVw,ikwe,ikwew2,NONE,NONE,NONE,NONE,Pret,ObvSg,ikwebaniin,<<ikwew2>>baniin,JDN-2010-Nouns,,,
24,NA,NA_VVw,ikwe,ikwew2,NONE,Dim,NONE,Pej,NONE,ObvSg,ikwenzhishan,<<ikwew2>>nzhishan,JDN-2010-Nouns,,,
30,NA,NA_VVw,ikwe,ikwew2,NONE,Dim,NONE,NONE,Pret,ObvSg,ikwensibaniin,<<ikwew2>>nsibaniin,JDN-2010-Nouns,,,
42,NA,NA_VVw,ikwe,ikwew2,1SgPoss,NONE,NONE,NONE,NONE,ObvSg,nindikwewan,ni<<ikwew2>>an,JDN-2010-Nouns,,,
43,NA,NA_VVw,ikwe,ikwew2,ExclPoss,NONE,NONE,NONE,NONE,ObvSg,nindikwenaanin,ni<<ikwew2>>naanin,JDN-2010-Nouns,,,
44,NA,NA_VVw,ikwe,ikwew2,InclPoss,NONE,NONE,NONE,NONE,ObvSg,gidikwenaanin,gi<<ikwew2>>naanin,JDN-2010-Nouns,,,
45,NA,NA_VVw,ikwe,ikwew2,2SgPoss,NONE,NONE,NONE,NONE,ObvSg,gidikwewan,gi<<ikwew2>>an,JDN-2010-Nouns,,,
46,NA,NA_VVw,ikwe,ikwew2,2PlPoss,NONE,NONE,NONE,NONE,ObvSg,gidikwewaan,gi<<ikwew2>>waan,JDN-2010-Nouns,,,
47,NA,NA_VVw,ikwe,ikwew2,3SgProxPoss,NONE,NONE,NONE,NONE,ObvSg,odikwewan,o<<ikwew2>>an,JDN-2010-Nouns,,,
48,NA,NA_VVw,ikwe,ikwew2,3PlProxPoss,NONE,NONE,NONE,NONE,ObvSg,odikwewaan,o<<ikwew2>>waan,JDN-2010-Nouns,,,
49,NA,NA_VVw,ikwe,ikwew2,3SgObvPoss,NONE,NONE,NONE,NONE,ObvSg,odikweni,o<<ikwew2>>niw1,JDN-2010-Nouns,,,
50,NA,NA_VVw,ikwe,ikwew2,3PlObvPoss,NONE,NONE,NONE,NONE,ObvSg,odikweni,o<<ikwew2>>niw1,GUESS,,,
79,NA,NA_VVw,ikwe,ikwew2,1SgPoss,NONE,Poss,NONE,NONE,ObvSg,nindikweman,ni<<ikwew2>>man,JDN-2010-Nouns,,,
80,NA,NA_VVw,ikwe,ikwew2,ExclPoss,NONE,Poss,NONE,NONE,ObvSg,nindikweminaanin,ni<<ikwew2>>minaanin,JDN-2010-Nouns,,,
81,NA,NA_VVw,ikwe,ikwew2,InclPoss,NONE,Poss,NONE,NONE,ObvSg,gidikweminaanin,gi<<ikwew2>>minaanin,JDN-2010-Nouns,,,
82,NA,NA_VVw,ikwe,ikwew2,2SgPoss,NONE,Poss,NONE,NONE,ObvSg,gidikweman,gi<<ikwew2>>man,JDN-2010-Nouns,,,
83,NA,NA_VVw,ikwe,ikwew2,2PlPoss,NONE,Poss,NONE,NONE,ObvSg,gidikwemiwaan,gi<<ikwew2>>miwaan,JDN-2010-Nouns,,,
84,NA,NA_VVw,ikwe,ikwew2,3SgProxPoss,NONE,Poss,NONE,NONE,ObvSg,odikweman,o<<ikwew2>>man,JDN-2010-Nouns,,,
85,NA,NA_VVw,ikwe,ikwew2,3PlProxPoss,NONE,Poss,NONE,NONE,ObvSg,odikwemiwaan,o<<ikwew2>>miwaan,JDN-2010-Nouns,,,
86,NA,NA_VVw,ikwe,ikwew2,3SgObvPoss,NONE,Poss,NONE,NONE,ObvSg,odikwemini,o<<ikwew2>>miniw1,JDN-2010-Nouns,,,
87,NA,NA_VVw,ikwe,ikwew2,3PlObvPoss,NONE,Poss,NONE,NONE,ObvSg,odikwemini,o<<ikwew2>>miniw1,GUESS,,,
116,NA,NA_VVw,ikwe,ikwew2,1SgPoss,Dim,NONE,NONE,NONE,ObvSg,nindikwensan,ni<<ikwew2>>nsan,JDN-2010-Nouns,,,
117,NA,NA_VVw,ikwe,ikwew2,ExclPoss,Dim,NONE,NONE,NONE,ObvSg,nindikwensinaanin,ni<<ikwew2>>nsinaanin,JDN-2010-Nouns,,,
118,NA,NA_VVw,ikwe,ikwew2,InclPoss,Dim,NONE,NONE,NONE,ObvSg,gidikwensinaanin,gi<<ikwew2>>nsinaanin,JDN-2010-Nouns,,,
119,NA,NA_VVw,ikwe,ikwew2,2SgPoss,Dim,NONE,NONE,NONE,ObvSg,gidikwensan,gi<<ikwew2>>nsan,JDN-2010-Nouns,,,
120,NA,NA_VVw,ikwe,ikwew2,2PlPoss,Dim,NONE,NONE,NONE,ObvSg,gidikwensiwaan,gi<<ikwew2>>nsiwaan,JDN-2010-Nouns,,,
121,NA,NA_VVw,ikwe,ikwew2,3SgProxPoss,Dim,NONE,NONE,NONE,ObvSg,odikwensan,o<<ikwew2>>nsan,JDN-2010-Nouns,,,
122,NA,NA_VVw,ikwe,ikwew2,3PlProxPoss,Dim,NONE,NONE,NONE,ObvSg,odikwensiwaan,o<<ikwew2>>nsiwaan,JDN-2010-Nouns,,,
123,NA,NA_VVw,ikwe,ikwew2,3SgObvPoss,Dim,NONE,NONE,NONE,ObvSg,odikwensini,o<<ikwew2>>nsiniw1,JDN-2010-Nouns,,,
124,NA,NA_VVw,ikwe,ikwew2,3PlObvPoss,Dim,NONE,NONE,NONE,ObvSg,odikwensini,o<<ikwew2>>nsiniw1,GUESS,,,
153,NA,NA_VVw,ikwe,ikwew2,1SgPoss,Dim,Poss,NONE,NONE,ObvSg,nindikwensiman,ni<<ikwew2>>nsiman,JDN-2010-Nouns,,,
154,NA,NA_VVw,ikwe,ikwew2,ExclPoss,Dim,Poss,NONE,NONE,ObvSg,nindikwensiminaanin,ni<<ikwew2>>nsiminaanin,JDN-2010-Nouns,,,
155,NA,NA_VVw,ikwe,ikwew2,InclPoss,Dim,Poss,NONE,NONE,ObvSg,gidikwensiminaanin,gi<<ikwew2>>nsiminaanin,JDN-2010-Nouns,,,
156,NA,NA_VVw,ikwe,ikwew2,2SgPoss,Dim,Poss,NONE,NONE,ObvSg,gidikwensiman,gi<<ikwew2>>nsiman,JDN-2010-Nouns,,,
157,NA,NA_VVw,ikwe,ikwew2,2PlPoss,Dim,Poss,NONE,NONE,ObvSg,gidikwensimiwaan,gi<<ikwew2>>nsimiwaan,JDN-2010-Nouns,,,
158,NA,NA_VVw,ikwe,ikwew2,3SgProxPoss,Dim,Poss,NONE,NONE,ObvSg,odikwensiman,o<<ikwew2>>nsiman,JDN-2010-Nouns,,,
159,NA,NA_VVw,ikwe,ikwew2,3PlProxPoss,Dim,Poss,NONE,NONE,ObvSg,odikwensimiwaan,o<<ikwew2>>nsimiwaan,JDN-2010-Nouns,,,
160,NA,NA_VVw,ikwe,ikwew2,3SgObvPoss,Dim,Poss,NONE,NONE,ObvSg,odikwensimini,o<<ikwew2>>nsiminiw1,JDN-2010-Nouns,,,
161,NA,NA_VVw,ikwe,ikwew2,3PlObvPoss,Dim,Poss,NONE,NONE,ObvSg,odikwensimini,o<<ikwew2>>nsiminiw1,GUESS,,,
190,NA,NA_VVw,ikwe,ikwew2,1SgPoss,NONE,NONE,Pej,NONE,ObvSg,nindikwewishan,ni<<ikwew2>>ishan,JDN-2010-Nouns,,,
191,NA,NA_VVw,ikwe,ikwew2,ExclPoss,NONE,NONE,Pej,NONE,ObvSg,nindikwewishinaanin,ni<<ikwew2>>ishinaanin,JDN-2010-Nouns,,,
192,NA,NA_VVw,ikwe,ikwew2,InclPoss,NONE,NONE,Pej,NONE,ObvSg,gidikwewishinaanin,gi<<ikwew2>>ishinaanin,JDN-2010-Nouns,,,
193,NA,NA_VVw,ikwe,ikwew2,2SgPoss,NONE,NONE,Pej,NONE,ObvSg,gidikwewishan,gi<<ikwew2>>ishan,JDN-2010-Nouns,,,
194,NA,NA_VVw,ikwe,ikwew2,2PlPoss,NONE,NONE,Pej,NONE,ObvSg,gidikwewishiwaan,gi<<ikwew2>>ishiwaan,JDN-2010-Nouns,,,
195,NA,NA_VVw,ikwe,ikwew2,3SgProxPoss,NONE,NONE,Pej,NONE,ObvSg,odikwewishan,o<<ikwew2>>ishan,JDN-2010-Nouns,,,
196,NA,NA_VVw,ikwe,ikwew2,3PlProxPoss,NONE,NONE,Pej,NONE,ObvSg,odikwewishiwaan,o<<ikwew2>>ishiwaan,JDN-2010-Nouns,,,
197,NA,NA_VVw,ikwe,ikwew2,3SgObvPoss,NONE,NONE,Pej,NONE,ObvSg,odikwewishini,o<<ikwew2>>ishiniw1,JDN-2010-Nouns,,,
198,NA,NA_VVw,ikwe,ikwew2,3PlObvPoss,NONE,NONE,Pej,NONE,ObvSg,odikwewishini,o<<ikwew2>>ishiniw1,GUESS,,,
227,NA,NA_VVw,ikwe,ikwew2,1SgPoss,NONE,Poss,Pej,NONE,ObvSg,nindikwemishan,ni<<ikwew2>>mishan,JDN-2010-Nouns,,,
228,NA,NA_VVw,ikwe,ikwew2,ExclPoss,NONE,Poss,Pej,NONE,ObvSg,nindikwemishinaanin,ni<<ikwew2>>mishinaanin,JDN-2010-Nouns,,,
229,NA,NA_VVw,ikwe,ikwew2,InclPoss,NONE,Poss,Pej,NONE,ObvSg,gidikwemishinaanin,gi<<ikwew2>>mishinaanin,JDN-2010-Nouns,,,
230,NA,NA_VVw,ikwe,ikwew2,2SgPoss,NONE,Poss,Pej,NONE,ObvSg,gidikwemishan,gi<<ikwew2>>mishan,JDN-2010-Nouns,,,
231,NA,NA_VVw,ikwe,ikwew2,2PlPoss,NONE,Poss,Pej,NONE,ObvSg,gidikwemishiwaan,gi<<ikwew2>>mishiwaan,JDN-2010-Nouns,,,
232,NA,NA_VVw,ikwe,ikwew2,3SgProxPoss,NONE,Poss,Pej,NONE,ObvSg,odikwemishan,o<<ikwew2>>mishan,JDN-2010-Nouns,,,
233,NA,NA_VVw,ikwe,ikwew2,3PlProxPoss,NONE,Poss,Pej,NONE,ObvSg,odikwemishiwaan,o<<ikwew2>>mishiwaan,JDN-2010-Nouns,,,
234,NA,NA_VVw,ikwe,ikwew2,3SgObvPoss,NONE,Poss,Pej,NONE,ObvSg,odikwemishini,o<<ikwew2>>mishiniw1,JDN-2010-Nouns,,,
235,NA,NA_VVw,ikwe,ikwew2,3PlObvPoss,NONE,Poss,Pej,NONE,ObvSg,odikwemishini,o<<ikwew2>>mishiniw1,GUESS,,,
264,NA,NA_VVw,ikwe,ikwew2,1SgPoss,NONE,NONE,NONE,Pret,ObvSg,nindikwebaniin,ni<<ikwew2>>baniin,JDN-2010-Nouns,,,
265,NA,NA_VVw,ikwe,ikwew2,ExclPoss,NONE,NONE,NONE,Pret,ObvSg,nindikwenaabaniin,ni<<ikwew2>>naabaniin,JDN-2010-Nouns,,,
266,NA,NA_VVw,ikwe,ikwew2,InclPoss,NONE,NONE,NONE,Pret,ObvSg,gidikwenaabaniin,gi<<ikwew2>>naabaniin,JDN-2010-Nouns,,,
267,NA,NA_VVw,ikwe,ikwew2,2SgPoss,NONE,NONE,NONE,Pret,ObvSg,gidikwebaniin,gi<<ikwew2>>baniin,JDN-2010-Nouns,,,
268,NA,NA_VVw,ikwe,ikwew2,2PlPoss,NONE,NONE,NONE,Pret,ObvSg,gidikwewaabaniin,gi<<ikwew2>>waabaniin,JDN-2010-Nouns,,,
269,NA,NA_VVw,ikwe,ikwew2,3SgProxPoss,NONE,NONE,NONE,Pret,ObvSg,odikwebaniin,o<<ikwew2>>baniin,JDN-2010-Nouns,,,
270,NA,NA_VVw,ikwe,ikwew2,3PlProxPoss,NONE,NONE,NONE,Pret,ObvSg,odikwewaabaniin,o<<ikwew2>>waabaniin,JDN-2010-Nouns,,,
271,NA,NA_VVw,ikwe,ikwew2,3SgObvPoss,NONE,NONE,NONE,Pret,ObvSg,odikweniban,o<<ikwew2>>niban,JDN-2010-Nouns,,,
272,NA,NA_VVw,ikwe,ikwew2,3PlObvPoss,NONE,NONE,NONE,Pret,ObvSg,odikweniban,o<<ikwew2>>niban,GUESS,,,
292,NA,NA_VVw,ikwe,ikwew2,1SgPoss,NONE,Poss,NONE,Pret,ObvSg,nindikwemibaniin,ni<<ikwew2>>mibaniin,JDN-2010-Nouns,,,
293,NA,NA_VVw,ikwe,ikwew2,ExclPoss,NONE,Poss,NONE,Pret,ObvSg,nindikweminaabaniin,ni<<ikwew2>>minaabaniin,JDN-2010-Nouns,,,
294,NA,NA_VVw,ikwe,ikwew2,InclPoss,NONE,Poss,NONE,Pret,ObvSg,gidikweminaabaniin,gi<<ikwew2>>minaabaniin,JDN-2010-Nouns,,,
295,NA,NA_VVw,ikwe,ikwew2,2SgPoss,NONE,Poss,NONE,Pret,ObvSg,gidikwemibaniin,gi<<ikwew2>>mibaniin,JDN-2010-Nouns,,,
296,NA,NA_VVw,ikwe,ikwew2,2PlPoss,NONE,Poss,NONE,Pret,ObvSg,gidikwemiwaabaniin,gi<<ikwew2>>miwaabaniin,JDN-2010-Nouns,,,
297,NA,NA_VVw,ikwe,ikwew2,3SgProxPoss,NONE,Poss,NONE,Pret,ObvSg,odikwemibaniin,o<<ikwew2>>mibaniin,JDN-2010-Nouns,,,
298,NA,NA_VVw,ikwe,ikwew2,3PlProxPoss,NONE,Poss,NONE,Pret,ObvSg,odikwemiwaabaniin,o<<ikwew2>>miwaabaniin,JDN-2010-Nouns,,,
299,NA,NA_VVw,ikwe,ikwew2,3SgObvPoss,NONE,Poss,NONE,Pret,ObvSg,odikweminiban,o<<ikwew2>>miniban,JDN-2010-Nouns,,,
300,NA,NA_VVw,ikwe,ikwew2,3PlObvPoss,NONE,Poss,NONE,Pret,ObvSg,odikweminiban,o<<ikwew2>>miniban,GUESS,,,
320,NA,NA_VVw,ikwe,ikwew2,1SgPoss,Dim,NONE,NONE,Pret,ObvSg,nindikwensibaniin,ni<<ikwew2>>nsibaniin,JDN-2010-Nouns,,,
321,NA,NA_VVw,ikwe,ikwew2,ExclPoss,Dim,NONE,NONE,Pret,ObvSg,nindikwensinaabaniin,ni<<ikwew2>>nsinaabaniin,JDN-2010-Nouns,,,
322,NA,NA_VVw,ikwe,ikwew2,InclPoss,Dim,NONE,NONE,Pret,ObvSg,gidikwensinaabaniin,gi<<ikwew2>>nsinaabaniin,JDN-2010-Nouns,,,
323,NA,NA_VVw,ikwe,ikwew2,2SgPoss,Dim,NONE,NONE,Pret,ObvSg,gidikwensibaniin,gi<<ikwew2>>nsibaniin,JDN-2010-Nouns,,,
324,NA,NA_VVw,ikwe,ikwew2,2PlPoss,Dim,NONE,NONE,Pret,ObvSg,gidikwensiwaabaniin,gi<<ikwew2>>nsiwaabaniin,JDN-2010-Nouns,,,
325,NA,NA_VVw,ikwe,ikwew2,3SgProxPoss,Dim,NONE,NONE,Pret,ObvSg,odikwensibaniin,o<<ikwew2>>nsibaniin,JDN-2010-Nouns,,,
326,NA,NA_VVw,ikwe,ikwew2,3PlProxPoss,Dim,NONE,NONE,Pret,ObvSg,odikwensiwaabaniin,o<<ikwew2>>nsiwaabaniin,JDN-2010-Nouns,,,
327,NA,NA_VVw,ikwe,ikwew2,3SgObvPoss,Dim,NONE,NONE,Pret,ObvSg,odikwensiniban,o<<ikwew2>>nsiniban,JDN-2010-Nouns,,,
328,NA,NA_VVw,ikwe,ikwew2,3PlObvPoss,Dim,NONE,NONE,Pret,ObvSg,odikwensiniban,o<<ikwew2>>nsiniban,GUESS,,,
348,NA,NA_VVw,ikwe,ikwew2,1SgPoss,Dim,Poss,NONE,Pret,ObvSg,nindikwensimibaniin,ni<<ikwew2>>nsimibaniin,JDN-2010-Nouns,,,
349,NA,NA_VVw,ikwe,ikwew2,ExclPoss,Dim,Poss,NONE,Pret,ObvSg,nindikwensiminaabaniin,ni<<ikwew2>>nsiminaabaniin,JDN-2010-Nouns,,,
350,NA,NA_VVw,ikwe,ikwew2,InclPoss,Dim,Poss,NONE,Pret,ObvSg,gidikwensiminaabaniin,gi<<ikwew2>>nsiminaabaniin,JDN-2010-Nouns,,,
351,NA,NA_VVw,ikwe,ikwew2,2SgPoss,Dim,Poss,NONE,Pret,ObvSg,gidikwensimibaniin,gi<<ikwew2>>nsimibaniin,JDN-2010-Nouns,,,
352,NA,NA_VVw,ikwe,ikwew2,2PlPoss,Dim,Poss,NONE,Pret,ObvSg,gidikwensimiwaabaniin,gi<<ikwew2>>nsimiwaabaniin,JDN-2010-Nouns,,,
353,NA,NA_VVw,ikwe,ikwew2,3SgProxPoss,Dim,Poss,NONE,Pret,ObvSg,odikwensimibaniin,o<<ikwew2>>nsimibaniin,JDN-2010-Nouns,,,
354,NA,NA_VVw,ikwe,ikwew2,3PlProxPoss,Dim,Poss,NONE,Pret,ObvSg,odikwensimiwaabaniin,o<<ikwew2>>nsimiwaabaniin,JDN-2010-Nouns,,,
355,NA,NA_VVw,ikwe,ikwew2,3SgObvPoss,Dim,Poss,NONE,Pret,ObvSg,odikwensiminiban,o<<ikwew2>>nsiminiban,JDN-2010-Nouns,,,
356,NA,NA_VVw,ikwe,ikwew2,3PlObvPoss,Dim,Poss,NONE,Pret,ObvSg,odikwensiminiban,o<<ikwew2>>nsiminiban,GUESS,,,
376,NA,NA_VVw,ikwe,ikwew2,1SgPoss,Dim,NONE,Pej,NONE,ObvSg,nindikwenzhishan,ni<<ikwew2>>nzhishan,JDN-2010-Nouns,,,
377,NA,NA_VVw,ikwe,ikwew2,ExclPoss,Dim,NONE,Pej,NONE,ObvSg,nindikwenzhishinaanin,ni<<ikwew2>>nzhishinaanin,JDN-2010-Nouns,,,
378,NA,NA_VVw,ikwe,ikwew2,InclPoss,Dim,NONE,Pej,NONE,ObvSg,gidikwenzhishinaanin,gi<<ikwew2>>nzhishinaanin,JDN-2010-Nouns,,,
379,NA,NA_VVw,ikwe,ikwew2,2SgPoss,Dim,NONE,Pej,NONE,ObvSg,gidikwenzhishan,gi<<ikwew2>>nzhishan,JDN-2010-Nouns,,,
380,NA,NA_VVw,ikwe,ikwew2,2PlPoss,Dim,NONE,Pej,NONE,ObvSg,gidikwenzhishiwaan,gi<<ikwew2>>nzhishiwaan,JDN-2010-Nouns,,,
381,NA,NA_VVw,ikwe,ikwew2,3SgProxPoss,Dim,NONE,Pej,NONE,ObvSg,odikwenzhishan,o<<ikwew2>>nzhishan,JDN-2010-Nouns,,,
382,NA,NA_VVw,ikwe,ikwew2,3PlProxPoss,Dim,NONE,Pej,NONE,ObvSg,odikwenzhishiwaan,o<<ikwew2>>nzhishiwaan,JDN-2010-Nouns,,,
383,NA,NA_VVw,ikwe,ikwew2,3SgObvPoss,Dim,NONE,Pej,NONE,ObvSg,odikwenzhishini,o<<ikwew2>>nzhishiniw1,JDN-2010-Nouns,,,
384,NA,NA_VVw,ikwe,ikwew2,3PlObvPoss,Dim,NONE,Pej,NONE,ObvSg,odikwenzhishini,o<<ikwew2>>nzhishiniw1,GUESS,,,
413,NA,NA_VVw,ikwe,ikwew2,1SgPoss,Dim,Poss,Pej,NONE,ObvSg,nindikwensimishan,ni<<ikwew2>>nsimishan,JDN-2010-Nouns,,,
414,NA,NA_VVw,ikwe,ikwew2,ExclPoss,Dim,Poss,Pej,NONE,ObvSg,nindikwensimishinaanin,ni<<ikwew2>>nsimishinaanin,JDN-2010-Nouns,,,
415,NA,NA_VVw,ikwe,ikwew2,InclPoss,Dim,Poss,Pej,NONE,ObvSg,gidikwensimishinaanin,gi<<ikwew2>>nsimishinaanin,JDN-2010-Nouns,,,
416,NA,NA_VVw,ikwe,ikwew2,2SgPoss,Dim,Poss,Pej,NONE,ObvSg,gidikwensimishan,gi<<ikwew2>>nsimishan,JDN-2010-Nouns,,,
417,NA,NA_VVw,ikwe,ikwew2,2PlPoss,Dim,Poss,Pej,NONE,ObvSg,gidikwensimishiwaan,gi<<ikwew2>>nsimishiwaan,JDN-2010-Nouns,,,
418,NA,NA_VVw,ikwe,ikwew2,3SgProxPoss,Dim,Poss,Pej,NONE,ObvSg,odikwensimishan,o<<ikwew2>>nsimishan,JDN-2010-Nouns,,,
419,NA,NA_VVw,ikwe,ikwew2,3PlProxPoss,Dim,Poss,Pej,NONE,ObvSg,odikwensimishiwaan,o<<ikwew2>>nsimishiwaan,JDN-2010-Nouns,,,
420,NA,NA_VVw,ikwe,ikwew2,3SgObvPoss,Dim,Poss,Pej,NONE,ObvSg,odikwensimishini,o<<ikwew2>>nsimishiniw1,JDN-2010-Nouns,,,
421,NA,NA_VVw,ikwe,ikwew2,3PlObvPoss,Dim,Poss,Pej,NONE,ObvSg,odikwensimishini,o<<ikwew2>>nsimishiniw1,GUESS,,,
1,NA,NA_VVw,ikwe,ikwew2,NONE,NONE,NONE,NONE,NONE,ProxPl,ikwewag,<<ikwew2>>ag,JDN-2010-Nouns,,,
7,NA,NA_VVw,ikwe,ikwew2,NONE,Dim,NONE,NONE,NONE,ProxPl,ikwensag,<<ikwew2>>nsag,JDN-2010-Nouns,,,
13,NA,NA_VVw,ikwe,ikwew2,NONE,NONE,NONE,Pej,NONE,ProxPl,ikwewishag,<<ikwew2>>ishag,JDN-2010-Nouns,,,
19,NA,NA_VVw,ikwe,ikwew2,NONE,NONE,NONE,NONE,Pret,ProxPl,ikwebaniig,<<ikwew2>>baniig,JDN-2010-Nouns,,,
23,NA,NA_VVw,ikwe,ikwew2,NONE,Dim,NONE,Pej,NONE,ProxPl,ikwenzhishag,<<ikwew2>>nzhishag,JDN-2010-Nouns,,,
29,NA,NA_VVw,ikwe,ikwew2,NONE,Dim,NONE,NONE,Pret,ProxPl,ikwensibaniig,<<ikwew2>>nsibaniig,JDN-2010-Nouns,,,
37,NA,NA_VVw,ikwe,ikwew2,1SgPoss,NONE,NONE,NONE,NONE,ProxPl,nindikwewag,ni<<ikwew2>>ag,JDN-2010-Nouns,,,
38,NA,NA_VVw,ikwe,ikwew2,ExclPoss,NONE,NONE,NONE,NONE,ProxPl,nindikwenaanig,ni<<ikwew2>>naanig,JDN-2010-Nouns,,,
39,NA,NA_VVw,ikwe,ikwew2,InclPoss,NONE,NONE,NONE,NONE,ProxPl,gidikwenaanig,gi<<ikwew2>>naanig,JDN-2010-Nouns,,,
40,NA,NA_VVw,ikwe,ikwew2,2SgPoss,NONE,NONE,NONE,NONE,ProxPl,gidikwewag,gi<<ikwew2>>ag,JDN-2010-Nouns,,,
41,NA,NA_VVw,ikwe,ikwew2,2PlPoss,NONE,NONE,NONE,NONE,ProxPl,gidikwewaag,gi<<ikwew2>>waag,JDN-2010-Nouns,,,
74,NA,NA_VVw,ikwe,ikwew2,1SgPoss,NONE,Poss,NONE,NONE,ProxPl,nindikwemag,ni<<ikwew2>>mag,JDN-2010-Nouns,,,
75,NA,NA_VVw,ikwe,ikwew2,ExclPoss,NONE,Poss,NONE,NONE,ProxPl,nindikweminaanig,ni<<ikwew2>>minaanig,JDN-2010-Nouns,,,
76,NA,NA_VVw,ikwe,ikwew2,InclPoss,NONE,Poss,NONE,NONE,ProxPl,gidikweminaanig,gi<<ikwew2>>minaanig,JDN-2010-Nouns,,,
77,NA,NA_VVw,ikwe,ikwew2,2SgPoss,NONE,Poss,NONE,NONE,ProxPl,gidikwemag,gi<<ikwew2>>mag,JDN-2010-Nouns,,,
78,NA,NA_VVw,ikwe,ikwew2,2PlPoss,NONE,Poss,NONE,NONE,ProxPl,gidikwemiwaag,gi<<ikwew2>>miwaag,JDN-2010-Nouns,,,
111,NA,NA_VVw,ikwe,ikwew2,1SgPoss,Dim,NONE,NONE,NONE,ProxPl,nindikwensag,ni<<ikwew2>>nsag,JDN-2010-Nouns,,,
112,NA,NA_VVw,ikwe,ikwew2,ExclPoss,Dim,NONE,NONE,NONE,ProxPl,nindikwensinaanig,ni<<ikwew2>>nsinaanig,JDN-2010-Nouns,,,
113,NA,NA_VVw,ikwe,ikwew2,InclPoss,Dim,NONE,NONE,NONE,ProxPl,gidikwensinaanig,gi<<ikwew2>>nsinaanig,JDN-2010-Nouns,,,
114,NA,NA_VVw,ikwe,ikwew2,2SgPoss,Dim,NONE,NONE,NONE,ProxPl,gidikwensag,gi<<ikwew2>>nsag,JDN-2010-Nouns,,,
115,NA,NA_VVw,ikwe,ikwew2,2PlPoss,Dim,NONE,NONE,NONE,ProxPl,gidikwensiwaag,gi<<ikwew2>>nsiwaag,JDN-2010-Nouns,,,
148,NA,NA_VVw,ikwe,ikwew2,1SgPoss,Dim,Poss,NONE,NONE,ProxPl,nindikwensimag,ni<<ikwew2>>nsimag,JDN-2010-Nouns,,,
149,NA,NA_VVw,ikwe,ikwew2,ExclPoss,Dim,Poss,NONE,NONE,ProxPl,nindikwensiminaanig,ni<<ikwew2>>nsiminaanig,JDN-2010-Nouns,,,
150,NA,NA_VVw,ikwe,ikwew2,InclPoss,Dim,Poss,NONE,NONE,ProxPl,gidikwensiminaanig,gi<<ikwew2>>nsiminaanig,JDN-2010-Nouns,,,
151,NA,NA_VVw,ikwe,ikwew2,2SgPoss,Dim,Poss,NONE,NONE,ProxPl,gidikwensimag,gi<<ikwew2>>nsimag,JDN-2010-Nouns,,,
152,NA,NA_VVw,ikwe,ikwew2,2PlPoss,Dim,Poss,NONE,NONE,ProxPl,gidikwensimiwaag,gi<<ikwew2>>nsimiwaag,JDN-2010-Nouns,,,
185,NA,NA_VVw,ikwe,ikwew2,1SgPoss,NONE,NONE,Pej,NONE,ProxPl,nindikwewishag,ni<<ikwew2>>ishag,JDN-2010-Nouns,,,
186,NA,NA_VVw,ikwe,ikwew2,ExclPoss,NONE,NONE,Pej,NONE,ProxPl,nindikwewishinaanig,ni<<ikwew2>>ishinaanig,JDN-2010-Nouns,,,
187,NA,NA_VVw,ikwe,ikwew2,InclPoss,NONE,NONE,Pej,NONE,ProxPl,gidikwewishinaanig,gi<<ikwew2>>ishinaanig,JDN-2010-Nouns,,,
188,NA,NA_VVw,ikwe,ikwew2,2SgPoss,NONE,NONE,Pej,NONE,ProxPl,gidikwewishag,gi<<ikwew2>>ishag,JDN-2010-Nouns,,,
189,NA,NA_VVw,ikwe,ikwew2,2PlPoss,NONE,NONE,Pej,NONE,ProxPl,gidikwewishiwaag,gi<<ikwew2>>ishiwaag,JDN-2010-Nouns,,,
222,NA,NA_VVw,ikwe,ikwew2,1SgPoss,NONE,Poss,Pej,NONE,ProxPl,nindikwemishag,ni<<ikwew2>>mishag,JDN-2010-Nouns,,,
223,NA,NA_VVw,ikwe,ikwew2,ExclPoss,NONE,Poss,Pej,NONE,ProxPl,nindikwemishinaanig,ni<<ikwew2>>mishinaanig,JDN-2010-Nouns,,,
224,NA,NA_VVw,ikwe,ikwew2,InclPoss,NONE,Poss,Pej,NONE,ProxPl,gidikwemishinaanig,gi<<ikwew2>>mishinaanig,JDN-2010-Nouns,,,
225,NA,NA_VVw,ikwe,ikwew2,2SgPoss,NONE,Poss,Pej,NONE,ProxPl,gidikwemishag,gi<<ikwew2>>mishag,JDN-2010-Nouns,,,
226,NA,NA_VVw,ikwe,ikwew2,2PlPoss,NONE,Poss,Pej,NONE,ProxPl,gidikwemishiwaag,gi<<ikwew2>>mishiwaag,JDN-2010-Nouns,,,
259,NA,NA_VVw,ikwe,ikwew2,1SgPoss,NONE,NONE,NONE,Pret,ProxPl,nindikwebaniig,ni<<ikwew2>>baniig,JDN-2010-Nouns,,,
260,NA,NA_VVw,ikwe,ikwew2,ExclPoss,NONE,NONE,NONE,Pret,ProxPl,nindikwenaabaniig,ni<<ikwew2>>naabaniig,JDN-2010-Nouns,,,
261,NA,NA_VVw,ikwe,ikwew2,InclPoss,NONE,NONE,NONE,Pret,ProxPl,gidikwenaabaniig,gi<<ikwew2>>naabaniig,JDN-2010-Nouns,,,
262,NA,NA_VVw,ikwe,ikwew2,2SgPoss,NONE,NONE,NONE,Pret,ProxPl,gidikwebaniig,gi<<ikwew2>>baniig,JDN-2010-Nouns,,,
263,NA,NA_VVw,ikwe,ikwew2,2PlPoss,NONE,NONE,NONE,Pret,ProxPl,gidikwewaabaniig,gi<<ikwew2>>waabaniig,JDN-2010-Nouns,,,
287,NA,NA_VVw,ikwe,ikwew2,1SgPoss,NONE,Poss,NONE,Pret,ProxPl,nindikwemibaniig,ni<<ikwew2>>mibaniig,JDN-2010-Nouns,,,
288,NA,NA_VVw,ikwe,ikwew2,ExclPoss,NONE,Poss,NONE,Pret,ProxPl,nindikweminaabaniig,ni<<ikwew2>>minaabaniig,JDN-2010-Nouns,,,
289,NA,NA_VVw,ikwe,ikwew2,InclPoss,NONE,Poss,NONE,Pret,ProxPl,gidikweminaabaniig,gi<<ikwew2>>minaabaniig,JDN-2010-Nouns,,,
290,NA,NA_VVw,ikwe,ikwew2,2SgPoss,NONE,Poss,NONE,Pret,ProxPl,gidikwemibaniig,gi<<ikwew2>>mibaniig,JDN-2010-Nouns,,,
291,NA,NA_VVw,ikwe,ikwew2,2PlPoss,NONE,Poss,NONE,Pret,ProxPl,gidikwemiwaabaniig,gi<<ikwew2>>miwaabaniig,JDN-2010-Nouns,,,
315,NA,NA_VVw,ikwe,ikwew2,1SgPoss,Dim,NONE,NONE,Pret,ProxPl,nindikwensibaniig,ni<<ikwew2>>nsibaniig,JDN-2010-Nouns,,,
316,NA,NA_VVw,ikwe,ikwew2,ExclPoss,Dim,NONE,NONE,Pret,ProxPl,nindikwensinaabaniig,ni<<ikwew2>>nsinaabaniig,JDN-2010-Nouns,,,
317,NA,NA_VVw,ikwe,ikwew2,InclPoss,Dim,NONE,NONE,Pret,ProxPl,gidikwensinaabaniig,gi<<ikwew2>>nsinaabaniig,JDN-2010-Nouns,,,
318,NA,NA_VVw,ikwe,ikwew2,2SgPoss,Dim,NONE,NONE,Pret,ProxPl,gidikwensibaniig,gi<<ikwew2>>nsibaniig,JDN-2010-Nouns,,,
319,NA,NA_VVw,ikwe,ikwew2,2PlPoss,Dim,NONE,NONE,Pret,ProxPl,gidikwensiwaabaniig,gi<<ikwew2>>nsiwaabaniig,JDN-2010-Nouns,,,
343,NA,NA_VVw,ikwe,ikwew2,1SgPoss,Dim,Poss,NONE,Pret,ProxPl,nindikwensimibaniig,ni<<ikwew2>>nsimibaniig,JDN-2010-Nouns,,,
344,NA,NA_VVw,ikwe,ikwew2,ExclPoss,Dim,Poss,NONE,Pret,ProxPl,nindikwensiminaabaniig,ni<<ikwew2>>nsiminaabaniig,JDN-2010-Nouns,,,
345,NA,NA_VVw,ikwe,ikwew2,InclPoss,Dim,Poss,NONE,Pret,ProxPl,gidikwensiminaabaniig,gi<<ikwew2>>nsiminaabaniig,JDN-2010-Nouns,,,
346,NA,NA_VVw,ikwe,ikwew2,2SgPoss,Dim,Poss,NONE,Pret,ProxPl,gidikwensimibaniig,gi<<ikwew2>>nsimibaniig,JDN-2010-Nouns,,,
347,NA,NA_VVw,ikwe,ikwew2,2PlPoss,Dim,Poss,NONE,Pret,ProxPl,gidikwensimiwaabaniig,gi<<ikwew2>>nsimiwaabaniig,JDN-2010-Nouns,,,
371,NA,NA_VVw,ikwe,ikwew2,1SgPoss,Dim,NONE,Pej,NONE,ProxPl,nindikwenzhishag,ni<<ikwew2>>nzhishag,JDN-2010-Nouns,,,
372,NA,NA_VVw,ikwe,ikwew2,ExclPoss,Dim,NONE,Pej,NONE,ProxPl,nindikwenzhishinaanig,ni<<ikwew2>>nzhishinaanig,JDN-2010-Nouns,,,
373,NA,NA_VVw,ikwe,ikwew2,InclPoss,Dim,NONE,Pej,NONE,ProxPl,gidikwenzhishinaanig,gi<<ikwew2>>nzhishinaanig,JDN-2010-Nouns,,,
374,NA,NA_VVw,ikwe,ikwew2,2SgPoss,Dim,NONE,Pej,NONE,ProxPl,gidikwenzhishag,gi<<ikwew2>>nzhishag,JDN-2010-Nouns,,,
375,NA,NA_VVw,ikwe,ikwew2,2PlPoss,Dim,NONE,Pej,NONE,ProxPl,gidikwenzhishiwaag,gi<<ikwew2>>nzhishiwaag,JDN-2010-Nouns,,,
408,NA,NA_VVw,ikwe,ikwew2,1SgPoss,Dim,Poss,Pej,NONE,ProxPl,nindikwensimishag,ni<<ikwew2>>nsimishag,JDN-2010-Nouns,,,
409,NA,NA_VVw,ikwe,ikwew2,ExclPoss,Dim,Poss,Pej,NONE,ProxPl,nindikwensimishinaanig,ni<<ikwew2>>nsimishinaanig,JDN-2010-Nouns,,,
410,NA,NA_VVw,ikwe,ikwew2,InclPoss,Dim,Poss,Pej,NONE,ProxPl,gidikwensimishinaanig,gi<<ikwew2>>nsimishinaanig,JDN-2010-Nouns,,,
411,NA,NA_VVw,ikwe,ikwew2,2SgPoss,Dim,Poss,Pej,NONE,ProxPl,gidikwensimishag,gi<<ikwew2>>nsimishag,JDN-2010-Nouns,,,
412,NA,NA_VVw,ikwe,ikwew2,2PlPoss,Dim,Poss,Pej,NONE,ProxPl,gidikwensimishiwaag,gi<<ikwew2>>nsimishiwaag,JDN-2010-Nouns,,,
0,NA,NA_VVw,ikwe,ikwew2,NONE,NONE,NONE,NONE,NONE,ProxSg,ikwe,<<ikwew2>>,JDN-2010-Nouns,,,
6,NA,NA_VVw,ikwe,ikwew2,NONE,Dim,NONE,NONE,NONE,ProxSg,ikwens,<<ikwew2>>ns,JDN-2010-Nouns,,,
12,NA,NA_VVw,ikwe,ikwew2,NONE,NONE,NONE,Pej,NONE,ProxSg,ikwewish,<<ikwew2>>ish,JDN-2010-Nouns,,,
18,NA,NA_VVw,ikwe,ikwew2,NONE,NONE,NONE,NONE,Pret,ProxSg,ikweban,<<ikwew2>>ban,JDN-2010-Nouns,,,
22,NA,NA_VVw,ikwe,ikwew2,NONE,Dim,NONE,Pej,NONE,ProxSg,ikwenzhish,<<ikwew2>>nzhish,JDN-2010-Nouns,,,
28,NA,NA_VVw,ikwe,ikwew2,NONE,Dim,NONE,NONE,Pret,ProxSg,ikwensiban,<<ikwew2>>nsiban,JDN-2010-Nouns,,,
32,NA,NA_VVw,ikwe,ikwew2,1SgPoss,NONE,NONE,NONE,NONE,ProxSg,nindikwe,ni<<ikwew2>>,JDN-2010-Nouns,,,
33,NA,NA_VVw,ikwe,ikwew2,ExclPoss,NONE,NONE,NONE,NONE,ProxSg,nindikwenaan,ni<<ikwew2>>naan,JDN-2010-Nouns,,,
34,NA,NA_VVw,ikwe,ikwew2,InclPoss,NONE,NONE,NONE,NONE,ProxSg,gidikwenaan,gi<<ikwew2>>naan,JDN-2010-Nouns,,,
35,NA,NA_VVw,ikwe,ikwew2,2SgPoss,NONE,NONE,NONE,NONE,ProxSg,gidikwe,gi<<ikwew2>>,JDN-2010-Nouns,,,
36,NA,NA_VVw,ikwe,ikwew2,2PlPoss,NONE,NONE,NONE,NONE,ProxSg,gidikwewaa,gi<<ikwew2>>waa,JDN-2010-Nouns,,,
69,NA,NA_VVw,ikwe,ikwew2,1SgPoss,NONE,Poss,NONE,NONE,ProxSg,nindikwem,ni<<ikwew2>>m,JDN-2010-Nouns,,,
70,NA,NA_VVw,ikwe,ikwew2,ExclPoss,NONE,Poss,NONE,NONE,ProxSg,nindikweminaan,ni<<ikwew2>>minaan,JDN-2010-Nouns,,,
71,NA,NA_VVw,ikwe,ikwew2,InclPoss,NONE,Poss,NONE,NONE,ProxSg,gidikweminaan,gi<<ikwew2>>minaan,JDN-2010-Nouns,,,
72,NA,NA_VVw,ikwe,ikwew2,2SgPoss,NONE,Poss,NONE,NONE,ProxSg,gidikweminaan,gi<<ikwew2>>minaan,JDN-2010-Nouns,,,
73,NA,NA_VVw,ikwe,ikwew2,2PlPoss,NONE,Poss,NONE,NONE,ProxSg,gidikwemiwaa,gi<<ikwew2>>miwaa,JDN-2010-Nouns,,,
106,NA,NA_VVw,ikwe,ikwew2,1SgPoss,Dim,NONE,NONE,NONE,ProxSg,nindikwens,ni<<ikwew2>>ns,JDN-2010-Nouns,,,
107,NA,NA_VVw,ikwe,ikwew2,ExclPoss,Dim,NONE,NONE,NONE,ProxSg,nindikwensinaan,ni<<ikwew2>>nsinaan,JDN-2010-Nouns,,,
108,NA,NA_VVw,ikwe,ikwew2,InclPoss,Dim,NONE,NONE,NONE,ProxSg,gidikwensinaan,gi<<ikwew2>>nsinaan,JDN-2010-Nouns,,,
109,NA,NA_VVw,ikwe,ikwew2,2SgPoss,Dim,NONE,NONE,NONE,ProxSg,gidikwens,gi<<ikwew2>>ns,JDN-2010-Nouns,,,
110,NA,NA_VVw,ikwe,ikwew2,2PlPoss,Dim,NONE,NONE,NONE,ProxSg,gidikwensiwaa,gi<<ikwew2>>nsiwaa,JDN-2010-Nouns,,,
143,NA,NA_VVw,ikwe,ikwew2,1SgPoss,Dim,Poss,NONE,NONE,ProxSg,nindikwensim,ni<<ikwew2>>nsim,JDN-2010-Nouns,,,
144,NA,NA_VVw,ikwe,ikwew2,ExclPoss,Dim,Poss,NONE,NONE,ProxSg,nindikwensiminaan,ni<<ikwew2>>nsiminaan,JDN-2010-Nouns,,,
145,NA,NA_VVw,ikwe,ikwew2,InclPoss,Dim,Poss,NONE,NONE,ProxSg,gidikwensiminaan,gi<<ikwew2>>nsiminaan,JDN-2010-Nouns,,,
146,NA,NA_VVw,ikwe,ikwew2,2SgPoss,Dim,Poss,NONE,NONE,ProxSg,gidikwensiminaan,gi<<ikwew2>>nsiminaan,JDN-2010-Nouns,,,
147,NA,NA_VVw,ikwe,ikwew2,2PlPoss,Dim,Poss,NONE,NONE,ProxSg,gidikwensimiwaa,gi<<ikwew2>>nsimiwaa,JDN-2010-Nouns,,,
180,NA,NA_VVw,ikwe,ikwew2,1SgPoss,NONE,NONE,Pej,NONE,ProxSg,nindikwewish,ni<<ikwew2>>ish,JDN-2010-Nouns,,,
181,NA,NA_VVw,ikwe,ikwew2,ExclPoss,NONE,NONE,Pej,NONE,ProxSg,nindikwewishinaan,ni<<ikwew2>>ishinaan,JDN-2010-Nouns,,,
182,NA,NA_VVw,ikwe,ikwew2,InclPoss,NONE,NONE,Pej,NONE,ProxSg,gidikwewishinaan,gi<<ikwew2>>ishinaan,JDN-2010-Nouns,,,
183,NA,NA_VVw,ikwe,ikwew2,2SgPoss,NONE,NONE,Pej,NONE,ProxSg,gidikwewish,gi<<ikwew2>>ish,JDN-2010-Nouns,,,
184,NA,NA_VVw,ikwe,ikwew2,2PlPoss,NONE,NONE,Pej,NONE,ProxSg,gidikwewishiwaa,gi<<ikwew2>>ishiwaa,JDN-2010-Nouns,,,
217,NA,NA_VVw,ikwe,ikwew2,1SgPoss,NONE,Poss,Pej,NONE,ProxSg,nindikwemish,ni<<ikwew2>>mish,JDN-2010-Nouns,,,
218,NA,NA_VVw,ikwe,ikwew2,ExclPoss,NONE,Poss,Pej,NONE,ProxSg,nindikwemishinaan,ni<<ikwew2>>mishinaan,JDN-2010-Nouns,,,
219,NA,NA_VVw,ikwe,ikwew2,InclPoss,NONE,Poss,Pej,NONE,ProxSg,gidikwemishinaan,gi<<ikwew2>>mishinaan,JDN-2010-Nouns,,,
220,NA,NA_VVw,ikwe,ikwew2,2SgPoss,NONE,Poss,Pej,NONE,ProxSg,gidikwemishinaan,gi<<ikwew2>>mishinaan,JDN-2010-Nouns,,,
221,NA,NA_VVw,ikwe,ikwew2,2PlPoss,NONE,Poss,Pej,NONE,ProxSg,gidikwemishiwaa,gi<<ikwew2>>mishiwaa,JDN-2010-Nouns,,,
254,NA,NA_VVw,ikwe,ikwew2,1SgPoss,NONE,NONE,NONE,Pret,ProxSg,nindikweban,ni<<ikwew2>>ban,JDN-2010-Nouns,,,
255,NA,NA_VVw,ikwe,ikwew2,ExclPoss,NONE,NONE,NONE,Pret,ProxSg,nindikwenaaban,ni<<ikwew2>>naaban,JDN-2010-Nouns,,,
256,NA,NA_VVw,ikwe,ikwew2,InclPoss,NONE,NONE,NONE,Pret,ProxSg,gidikwenaaban,gi<<ikwew2>>naaban,JDN-2010-Nouns,,,
257,NA,NA_VVw,ikwe,ikwew2,2SgPoss,NONE,NONE,NONE,Pret,ProxSg,gidikweban,gi<<ikwew2>>ban,JDN-2010-Nouns,,,
258,NA,NA_VVw,ikwe,ikwew2,2PlPoss,NONE,NONE,NONE,Pret,ProxSg,gidikwewaaban,gi<<ikwew2>>waaban,JDN-2010-Nouns,,,
282,NA,NA_VVw,ikwe,ikwew2,1SgPoss,NONE,Poss,NONE,Pret,ProxSg,nindikwemiban,ni<<ikwew2>>miban,JDN-2010-Nouns,,,
283,NA,NA_VVw,ikwe,ikwew2,ExclPoss,NONE,Poss,NONE,Pret,ProxSg,nindikweminaaban,ni<<ikwew2>>minaaban,JDN-2010-Nouns,,,
284,NA,NA_VVw,ikwe,ikwew2,InclPoss,NONE,Poss,NONE,Pret,ProxSg,gidikweminaaban,gi<<ikwew2>>minaaban,JDN-2010-Nouns,,,
285,NA,NA_VVw,ikwe,ikwew2,2SgPoss,NONE,Poss,NONE,Pret,ProxSg,gidikwemiban,gi<<ikwew2>>miban,JDN-2010-Nouns,,,
286,NA,NA_VVw,ikwe,ikwew2,2PlPoss,NONE,Poss,NONE,Pret,ProxSg,gidikwemiwaaban,gi<<ikwew2>>miwaaban,JDN-2010-Nouns,,,
310,NA,NA_VVw,ikwe,ikwew2,1SgPoss,Dim,NONE,NONE,Pret,ProxSg,nindikwensiban,ni<<ikwew2>>nsiban,JDN-2010-Nouns,,,
311,NA,NA_VVw,ikwe,ikwew2,ExclPoss,Dim,NONE,NONE,Pret,ProxSg,nindikwensinaaban,ni<<ikwew2>>nsinaaban,JDN-2010-Nouns,,,
312,NA,NA_VVw,ikwe,ikwew2,InclPoss,Dim,NONE,NONE,Pret,ProxSg,gidikwensinaaban,gi<<ikwew2>>nsinaaban,JDN-2010-Nouns,,,
313,NA,NA_VVw,ikwe,ikwew2,2SgPoss,Dim,NONE,NONE,Pret,ProxSg,gidikwensiban,gi<<ikwew2>>nsiban,JDN-2010-Nouns,,,
314,NA,NA_VVw,ikwe,ikwew2,2PlPoss,Dim,NONE,NONE,Pret,ProxSg,gidikwensiwaaban,gi<<ikwew2>>nsiwaaban,JDN-2010-Nouns,,,
338,NA,NA_VVw,ikwe,ikwew2,1SgPoss,Dim,Poss,NONE,Pret,ProxSg,nindikwensimiban,ni<<ikwew2>>nsimiban,JDN-2010-Nouns,,,
339,NA,NA_VVw,ikwe,ikwew2,ExclPoss,Dim,Poss,NONE,Pret,ProxSg,nindikwensiminaaban,ni<<ikwew2>>nsiminaaban,JDN-2010-Nouns,,,
340,NA,NA_VVw,ikwe,ikwew2,InclPoss,Dim,Poss,NONE,Pret,ProxSg,gidikwensiminaaban,gi<<ikwew2>>nsiminaaban,JDN-2010-Nouns,,,
341,NA,NA_VVw,ikwe,ikwew2,2SgPoss,Dim,Poss,NONE,Pret,ProxSg,gidikwensimiban,gi<<ikwew2>>nsimiban,JDN-2010-Nouns,,,
342,NA,NA_VVw,ikwe,ikwew2,2PlPoss,Dim,Poss,NONE,Pret,ProxSg,gidikwensimiwaaban,gi<<ikwew2>>nsimiwaaban,JDN-2010-Nouns,,,
366,NA,NA_VVw,ikwe,ikwew2,1SgPoss,Dim,NONE,Pej,NONE,ProxSg,nindikwenzhish,ni<<ikwew2>>nzhish,JDN-2010-Nouns,,,
367,NA,NA_VVw,ikwe,ikwew2,ExclPoss,Dim,NONE,Pej,NONE,ProxSg,nindikwenzhishinaan,ni<<ikwew2>>nzhishinaan,JDN-2010-Nouns,,,
368,NA,NA_VVw,ikwe,ikwew2,InclPoss,Dim,NONE,Pej,NONE,ProxSg,gidikwenzhishinaan,gi<<ikwew2>>nzhishinaan,JDN-2010-Nouns,,,
369,NA,NA_VVw,ikwe,ikwew2,2SgPoss,Dim,NONE,Pej,NONE,ProxSg,gidikwenzhish,gi<<ikwew2>>nzhish,JDN-2010-Nouns,,,
370,NA,NA_VVw,ikwe,ikwew2,2PlPoss,Dim,NONE,Pej,NONE,ProxSg,gidikwenzhishiwaa,gi<<ikwew2>>nzhishiwaa,JDN-2010-Nouns,,,
403,NA,NA_VVw,ikwe,ikwew2,1SgPoss,Dim,Poss,Pej,NONE,ProxSg,nindikwensimish,ni<<ikwew2>>nsimish,JDN-2010-Nouns,,,
404,NA,NA_VVw,ikwe,ikwew2,ExclPoss,Dim,Poss,Pej,NONE,ProxSg,nindikwensimishinaan,ni<<ikwew2>>nsimishinaan,JDN-2010-Nouns,,,
405,NA,NA_VVw,ikwe,ikwew2,InclPoss,Dim,Poss,Pej,NONE,ProxSg,gidikwensimishinaan,gi<<ikwew2>>nsimishinaan,JDN-2010-Nouns,,,
406,NA,NA_VVw,ikwe,ikwew2,2SgPoss,Dim,Poss,Pej,NONE,ProxSg,gidikwensimishinaan,gi<<ikwew2>>nsimishinaan,JDN-2010-Nouns,,,
407,NA,NA_VVw,ikwe,ikwew2,2PlPoss,Dim,Poss,Pej,NONE,ProxSg,gidikwensimishiwaa,gi<<ikwew2>>nsimishiwaa,JDN-2010-Nouns,,,
5,NA,NA_VVw,ikwe,ikwew2,NONE,NONE,NONE,NONE,NONE,Voc,ikwedog,<<ikwew2>>dog,JDN-2010-Nouns,,,
11,NA,NA_VVw,ikwe,ikwew2,NONE,Dim,NONE,NONE,NONE,Voc,ikwensidog,<<ikwew2>>nsidog,JDN-2010-Nouns,,,
17,NA,NA_VVw,ikwe,ikwew2,NONE,NONE,NONE,Pej,NONE,Voc,ikwewishidog,<<ikwew2>>ishidog,JDN-2010-Nouns,,,
27,NA,NA_VVw,ikwe,ikwew2,NONE,Dim,NONE,Pej,NONE,Voc,ikwenzhishidog,<<ikwew2>>nzhishidog,JDN-2010-Nouns,,,