,Paradigm,Class,Lemma,Stem,PersPoss,Dim,Poss,Pej,Pret,Basic,Form1Surface,Form1Split,Form1Source,Form2Surface,Form2Split,Form2Source
0,NAD,NAD_VVny,daangosheny,daangosheny1,1SgPoss,NONE,NONE,NONE,NONE,ProxSg,nindaangoshenh,n<<daangosheny1>>,JDN-2010-Nouns,,,
1,NAD,NAD_VVny,daangosheny,daangosheny1,ExclPoss,NONE,NONE,NONE,NONE,ProxSg,nindaangoshenyinaan,n<<daangosheny1>>inaan,JDN-2010-Nouns,,,
2,NAD,NAD_VVny,daangosheny,daangosheny1,InclPoss,NONE,NONE,NONE,NONE,ProxSg,gidaangoshenyinaan,g<<daangosheny1>>inaan,JDN-2010-Nouns,,,
3,NAD,NAD_VVny,daangosheny,daangosheny1,2SgPoss,NONE,NONE,NONE,NONE,ProxSg,gidaangoshenh,g<<daangosheny1>>,JDN-2010-Nouns,,,
4,NAD,NAD_VVny,daangosheny,daangosheny1,2PlPoss,NONE,NONE,NONE,NONE,ProxSg,gidaangoshenyiwaa,g<<daangosheny1>>iwaa,JDN-2010-Nouns,,,
5,NAD,NAD_VVny,daangosheny,daangosheny1,1SgPoss,NONE,NONE,NONE,NONE,ProxPl,nindaangoshenyag,n<<daangosheny1>>ag,JDN-2010-Nouns,,,
6,NAD,NAD_VVny,daangosheny,daangosheny1,ExclPoss,NONE,NONE,NONE,NONE,ProxPl,nindaangoshenyinaanig,n<<daangosheny1>>inaanig,JDN-2010-Nouns,,,
7,NAD,NAD_VVny,daangosheny,daangosheny1,InclPoss,NONE,NONE,NONE,NONE,ProxPl,gidaangoshenyinaanig,g<<daangosheny1>>inaanig,JDN-2010-Nouns,,,
8,NAD,NAD_VVny,daangosheny,daangosheny1,2SgPoss,NONE,NONE,NONE,NONE,ProxPl,gidaangoshenyag,g<<daangosheny1>>ag,JDN-2010-Nouns,,,
9,NAD,NAD_VVny,daangosheny,daangosheny1,2PlPoss,NONE,NONE,NONE,NONE,ProxPl,gidaangoshenyiwaag,g<<daangosheny1>>iwaag,JDN-2010-Nouns,,,
10,NAD,NAD_VVny,daangosheny,daangosheny1,1SgPoss,NONE,NONE,NONE,NONE,ObvSg,nindaangoshenyan,n<<daangosheny1>>an,JDN-2010-Nouns,,,
11,NAD,NAD_VVny,daangosheny,daangosheny1,ExclPoss,NONE,NONE,NONE,NONE,ObvSg,nindaangoshenyinaanin,n<<daangosheny1>>inaanin,JDN-2010-Nouns,,,
12,NAD,NAD_VVny,daangosheny,daangosheny1,InclPoss,NONE,NONE,NONE,NONE,ObvSg,gidaangoshenyinaanin,g<<daangosheny1>>inaanin,JDN-2010-Nouns,,,
13,NAD,NAD_VVny,daangosheny,daangosheny1,2SgPoss,NONE,NONE,NONE,NONE,ObvSg,gidaangoshenyan,g<<daangosheny1>>an,JDN-2010-Nouns,,,
14,NAD,NAD_VVny,daangosheny,daangosheny1,2PlPoss,NONE,NONE,NONE,NONE,ObvSg,gidaangoshenyiwaan,g<<daangosheny1>>iwaan,JDN-2010-Nouns,,,
15,NAD,NAD_VVny,daangosheny,daangosheny1,3SgProxPoss,NONE,NONE,NONE,NONE,ObvSg,odaangoshenyan,w<<daangosheny1>>an,JDN-2010-Nouns,,,
16,NAD,NAD_VVny,daangosheny,daangosheny1,3PlProxPoss,NONE,NONE,NONE,NONE,ObvSg,odaangoshenyiwaan,w<<daangosheny1>>iwaan,JDN-2010-Nouns,,,
17,NAD,NAD_VVny,daangosheny,daangosheny1,3SgObvPoss,NONE,NONE,NONE,NONE,ObvSg,odaangoshenyini,w<<daangosheny1>>iniw1,JDN-2010-Nouns,,,
18,NAD,NAD_VVny,daangosheny,daangosheny1,3PlObvPoss,NONE,NONE,NONE,NONE,ObvSg,odaangoshenyini,w<<daangosheny1>>iniw1,GUESS,,,
19,NAD,NAD_VVny,daangosheny,daangosheny1,1SgPoss,NONE,NONE,NONE,NONE,ObvPl,nindaangoshenya',n<<daangosheny1>>a',JDN-2010-Nouns,,,
20,NAD,NAD_VVny,daangosheny,daangosheny1,ExclPoss,NONE,NONE,NONE,NONE,ObvPl,nindaangoshenyinaani',n<<daangosheny1>>inaani',JDN-2010-Nouns,,,
21,NAD,NAD_VVny,daangosheny,daangosheny1,InclPoss,NONE,NONE,NONE,NONE,ObvPl,gidaangoshenyinaani',g<<daangosheny1>>inaani',JDN-2010-Nouns,,,
22,NAD,NAD_VVny,daangosheny,daangosheny1,2SgPoss,NONE,NONE,NONE,NONE,ObvPl,gidaangoshenya',g<<daangosheny1>>a',JDN-2010-Nouns,,,
23,NAD,NAD_VVny,daangosheny,daangosheny1,2PlPoss,NONE,NONE,NONE,NONE,ObvPl,gidaangoshenyiwaa',g<<daangosheny1>>iwaa',JDN-2010-Nouns,,,
24,NAD,NAD_VVny,daangosheny,daangosheny1,3SgProxPoss,NONE,NONE,NONE,NONE,ObvPl,odaangoshenya',w<<daangosheny1>>a',JDN-2010-Nouns,,,
25,NAD,NAD_VVny,daangosheny,daangosheny1,3PlProxPoss,NONE,NONE,NONE,NONE,ObvPl,odaangoshenyiwaa',w<<daangosheny1>>iwaa',JDN-2010-Nouns,,,
26,NAD,NAD_VVny,daangosheny,daangosheny1,3SgObvPoss,NONE,NONE,NONE,NONE,ObvPl,odaangoshenyini,w<<daangosheny1>>iniw1,JDN-2010-Nouns,,,
27,NAD,NAD_VVny,daangosheny,daangosheny1,3PlObvPoss,NONE,NONE,NONE,NONE,ObvPl,odaangoshenyini,w<<daangosheny1>>iniw1,GUESS,,,
28,NAD,NAD_VVny,daangosheny,daangosheny1,1SgPoss,NONE,NONE,NONE,NONE,Loc,nindaangoshenying,n<<daangosheny1>>ing,JDN-2010-Nouns,,,
29,NAD,NAD_VVny,daangosheny,daangosheny1,ExclPoss,NONE,NONE,NONE,NONE,Loc,nindaangoshenyinaang,n<<daangosheny1>>inaang,JDN-2010-Nouns,,,
30,NAD,NAD_VVny,daangosheny,daangosheny1,InclPoss,NONE,NONE,NONE,NONE,Loc,gidaangoshenyinaang,g<<daangosheny1>>inaang,JDN-2010-Nouns,,,
31,NAD,NAD_VVny,daangosheny,daangosheny1,2SgPoss,NONE,NONE,NONE,NONE,Loc,gidaangoshenying,g<<daangosheny1>>ing,JDN-2010-Nouns,,,
32,NAD,NAD_VVny,daangosheny,daangosheny1,2PlPoss,NONE,NONE,NONE,NONE,Loc,gidaangoshenyiwaang,g<<daangosheny1>>iwaang,JDN-2010-Nouns,,,
33,NAD,NAD_VVny,daangosheny,daangosheny1,3SgProxPoss,NONE,NONE,NONE,NONE,Loc,odaangoshenying,w<<daangosheny1>>ing,JDN-2010-Nouns,,,
34,NAD,NAD_VVny,daangosheny,daangosheny1,3PlProxPoss,NONE,NONE,NONE,NONE,Loc,odaangoshenyiwaang,w<<daangosheny1>>iwaang,JDN-2010-Nouns,,,
35,NAD,NAD_VVny,daangosheny,daangosheny1,3SgObvPoss,NONE,NONE,NONE,NONE,Loc,odaangoshenyining,w<<daangosheny1>>ining,JDN-2010-Nouns,,,
36,NAD,NAD_VVny,daangosheny,daangosheny1,3PlObvPoss,NONE,NONE,NONE,NONE,Loc,odaangoshenyining,w<<daangosheny1>>ining,GUESS,,,
37,NAD,NAD_VVny,daangosheny,daangosheny1,1SgPoss,NONE,Poss,NONE,NONE,ProxSg,nindaangoshenyim,n<<daangosheny1>>im,JDN-2010-Nouns,,,
38,NAD,NAD_VVny,daangosheny,daangosheny1,ExclPoss,NONE,Poss,NONE,NONE,ProxSg,nindaangoshenyiminaan,n<<daangosheny1>>iminaan,JDN-2010-Nouns,,,
39,NAD,NAD_VVny,daangosheny,daangosheny1,InclPoss,NONE,Poss,NONE,NONE,ProxSg,gidaangoshenyiminaan,g<<daangosheny1>>iminaan,JDN-2010-Nouns,,,
40,NAD,NAD_VVny,daangosheny,daangosheny1,2SgPoss,NONE,Poss,NONE,NONE,ProxSg,gidaangoshenyiminaan,g<<daangosheny1>>iminaan,JDN-2010-Nouns,,,
41,NAD,NAD_VVny,daangosheny,daangosheny1,2PlPoss,NONE,Poss,NONE,NONE,ProxSg,gidaangoshenyimiwaa,g<<daangosheny1>>imiwaa,JDN-2010-Nouns,,,
42,NAD,NAD_VVny,daangosheny,daangosheny1,1SgPoss,NONE,Poss,NONE,NONE,ProxPl,nindaangoshenyimag,n<<daangosheny1>>imag,JDN-2010-Nouns,,,
43,NAD,NAD_VVny,daangosheny,daangosheny1,ExclPoss,NONE,Poss,NONE,NONE,ProxPl,nindaangoshenyiminaanig,n<<daangosheny1>>iminaanig,JDN-2010-Nouns,,,
44,NAD,NAD_VVny,daangosheny,daangosheny1,InclPoss,NONE,Poss,NONE,NONE,ProxPl,gidaangoshenyiminaanig,g<<daangosheny1>>iminaanig,JDN-2010-Nouns,,,
45,NAD,NAD_VVny,daangosheny,daangosheny1,2SgPoss,NONE,Poss,NONE,NONE,ProxPl,gidaangoshenyimag,g<<daangosheny1>>imag,JDN-2010-Nouns,,,
46,NAD,NAD_VVny,daangosheny,daangosheny1,2PlPoss,NONE,Poss,NONE,NONE,ProxPl,gidaangoshenyimiwaag,g<<daangosheny1>>imiwaag,JDN-2010-Nouns,,,
47,NAD,NAD_VVny,daangosheny,daangosheny1,1SgPoss,NONE,Poss,NONE,NONE,ObvSg,nindaangoshenyiman,n<<daangosheny1>>iman,JDN-2010-Nouns,,,
48,NAD,NAD_VVny,daangosheny,daangosheny1,ExclPoss,NONE,Poss,NONE,NONE,ObvSg,nindaangoshenyiminaanin,n<<daangosheny1>>iminaanin,JDN-2010-Nouns,,,
49,NAD,NAD_VVny,daangosheny,daangosheny1,InclPoss,NONE,Poss,NONE,NONE,ObvSg,gidaangoshenyiminaanin,g<<daangosheny1>>iminaanin,JDN-2010-Nouns,,,
50,NAD,NAD_VVny,daangosheny,daangosheny1,2SgPoss,NONE,Poss,NONE,NONE,ObvSg,gidaangoshenyiman,g<<daangosheny1>>iman,JDN-2010-Nouns,,,
51,NAD,NAD_VVny,daangosheny,daangosheny1,2PlPoss,NONE,Poss,NONE,NONE,ObvSg,gidaangoshenyimiwaan,g<<daangosheny1>>imiwaan,JDN-2010-Nouns,,,
52,NAD,NAD_VVny,daangosheny,daangosheny1,3SgProxPoss,NONE,Poss,NONE,NONE,ObvSg,odaangoshenyiman,w<<daangosheny1>>iman,JDN-2010-Nouns,,,
53,NAD,NAD_VVny,daangosheny,daangosheny1,3PlProxPoss,NONE,Poss,NONE,NONE,ObvSg,odaangoshenyimiwaan,w<<daangosheny1>>imiwaan,JDN-2010-Nouns,,,
54,NAD,NAD_VVny,daangosheny,daangosheny1,3SgObvPoss,NONE,Poss,NONE,NONE,ObvSg,odaangoshenyimini,w<<daangosheny1>>iminiw1,JDN-2010-Nouns,,,
55,NAD,NAD_VVny,daangosheny,daangosheny1,3PlObvPoss,NONE,Poss,NONE,NONE,ObvSg,odaangoshenyimini,w<<daangosheny1>>iminiw1,GUESS,,,
56,NAD,NAD_VVny,daangosheny,daangosheny1,1SgPoss,NONE,Poss,NONE,NONE,ObvPl,nindaangoshenyima',n<<daangosheny1>>ima',JDN-2010-Nouns,,,
57,NAD,NAD_VVny,daangosheny,daangosheny1,ExclPoss,NONE,Poss,NONE,NONE,ObvPl,nindaangoshenyiminaani',n<<daangosheny1>>iminaani',JDN-2010-Nouns,,,
58,NAD,NAD_VVny,daangosheny,daangosheny1,InclPoss,NONE,Poss,NONE,NONE,ObvPl,gidaangoshenyiminaani',g<<daangosheny1>>iminaani',JDN-2010-Nouns,,,
59,NAD,NAD_VVny,daangosheny,daangosheny1,2SgPoss,NONE,Poss,NONE,NONE,ObvPl,gidaangoshenyima',g<<daangosheny1>>ima',JDN-2010-Nouns,,,
60,NAD,NAD_VVny,daangosheny,daangosheny1,2PlPoss,NONE,Poss,NONE,NONE,ObvPl,gidaangoshenyimiwaa',g<<daangosheny1>>imiwaa',JDN-2010-Nouns,,,
61,NAD,NAD_VVny,daangosheny,daangosheny1,3SgProxPoss,NONE,Poss,NONE,NONE,ObvPl,odaangoshenyima',w<<daangosheny1>>ima',JDN-2010-Nouns,,,
62,NAD,NAD_VVny,daangosheny,daangosheny1,3PlProxPoss,NONE,Poss,NONE,NONE,ObvPl,odaangoshenyimiwaa',w<<daangosheny1>>imiwaa',JDN-2010-Nouns,,,
63,NAD,NAD_VVny,daangosheny,daangosheny1,3SgObvPoss,NONE,Poss,NONE,NONE,ObvPl,odaangoshenyimini,w<<daangosheny1>>iminiw1,JDN-2010-Nouns,,,
64,NAD,NAD_VVny,daangosheny,daangosheny1,3PlObvPoss,NONE,Poss,NONE,NONE,ObvPl,odaangoshenyimini,w<<daangosheny1>>iminiw1,GUESS,,,
65,NAD,NAD_VVny,daangosheny,daangosheny1,1SgPoss,NONE,Poss,NONE,NONE,Loc,nindaangoshenyiming,n<<daangosheny1>>iming,JDN-2010-Nouns,,,
66,NAD,NAD_VVny,daangosheny,daangosheny1,ExclPoss,NONE,Poss,NONE,NONE,Loc,nindaangoshenyiminaang,n<<daangosheny1>>iminaang,JDN-2010-Nouns,,,
67,NAD,NAD_VVny,daangosheny,daangosheny1,InclPoss,NONE,Poss,NONE,NONE,Loc,gidaangoshenyiminaang,g<<daangosheny1>>iminaang,JDN-2010-Nouns,,,
68,NAD,NAD_VVny,daangosheny,daangosheny1,2SgPoss,NONE,Poss,NONE,NONE,Loc,gidaangoshenyiming,g<<daangosheny1>>iming,JDN-2010-Nouns,,,
69,NAD,NAD_VVny,daangosheny,daangosheny1,2PlPoss,NONE,Poss,NONE,NONE,Loc,gidaangoshenyimiwaang,g<<daangosheny1>>imiwaang,JDN-2010-Nouns,,,
70,NAD,NAD_VVny,daangosheny,daangosheny1,3SgProxPoss,NONE,Poss,NONE,NONE,Loc,odaangoshenyiming,w<<daangosheny1>>iming,JDN-2010-Nouns,,,
71,NAD,NAD_VVny,daangosheny,daangosheny1,3PlProxPoss,NONE,Poss,NONE,NONE,Loc,odaangoshenyimiwaang,w<<daangosheny1>>imiwaang,JDN-2010-Nouns,,,
72,NAD,NAD_VVny,daangosheny,daangosheny1,3SgObvPoss,NONE,Poss,NONE,NONE,Loc,odaangoshenyimining,w<<daangosheny1>>imining,JDN-2010-Nouns,,,
73,NAD,NAD_VVny,daangosheny,daangosheny1,3PlObvPoss,NONE,Poss,NONE,NONE,Loc,odaangoshenyimining,w<<daangosheny1>>imining,GUESS,,,
74,NAD,NAD_VVny,daangosheny,daangosheny1,1SgPoss,Dim,NONE,NONE,NONE,ProxSg,nindaangoshenyens,n<<daangosheny1>>ens,JDN-2010-Nouns,,,
75,NAD,NAD_VVny,daangosheny,daangosheny1,ExclPoss,Dim,NONE,NONE,NONE,ProxSg,nindaangoshenyensinaan,n<<daangosheny1>>ensinaan,JDN-2010-Nouns,,,
76,NAD,NAD_VVny,daangosheny,daangosheny1,InclPoss,Dim,NONE,NONE,NONE,ProxSg,gidaangoshenyensinaan,g<<daangosheny1>>ensinaan,JDN-2010-Nouns,,,
77,NAD,NAD_VVny,daangosheny,daangosheny1,2SgPoss,Dim,NONE,NONE,NONE,ProxSg,gidaangoshenyens,g<<daangosheny1>>ens,JDN-2010-Nouns,,,
78,NAD,NAD_VVny,daangosheny,daangosheny1,2PlPoss,Dim,NONE,NONE,NONE,ProxSg,gidaangoshenyensiwaa,g<<daangosheny1>>ensiwaa,JDN-2010-Nouns,,,
79,NAD,NAD_VVny,daangosheny,daangosheny1,1SgPoss,Dim,NONE,NONE,NONE,ProxPl,nindaangoshenyensag,n<<daangosheny1>>ensag,JDN-2010-Nouns,,,
80,NAD,NAD_VVny,daangosheny,daangosheny1,ExclPoss,Dim,NONE,NONE,NONE,ProxPl,nindaangoshenyensinaanig,n<<daangosheny1>>ensinaanig,JDN-2010-Nouns,,,
81,NAD,NAD_VVny,daangosheny,daangosheny1,InclPoss,Dim,NONE,NONE,NONE,ProxPl,gidaangoshenyensinaanig,g<<daangosheny1>>ensinaanig,JDN-2010-Nouns,,,
82,NAD,NAD_VVny,daangosheny,daangosheny1,2SgPoss,Dim,NONE,NONE,NONE,ProxPl,gidaangoshenyensag,g<<daangosheny1>>ensag,JDN-2010-Nouns,,,
83,NAD,NAD_VVny,daangosheny,daangosheny1,2PlPoss,Dim,NONE,NONE,NONE,ProxPl,gidaangoshenyensiwaag,g<<daangosheny1>>ensiwaag,JDN-2010-Nouns,,,
84,NAD,NAD_VVny,daangosheny,daangosheny1,1SgPoss,Dim,NONE,NONE,NONE,ObvSg,nindaangoshenyensan,n<<daangosheny1>>ensan,JDN-2010-Nouns,,,
85,NAD,NAD_VVny,daangosheny,daangosheny1,ExclPoss,Dim,NONE,NONE,NONE,ObvSg,nindaangoshenyensinaanin,n<<daangosheny1>>ensinaanin,JDN-2010-Nouns,,,
86,NAD,NAD_VVny,daangosheny,daangosheny1,InclPoss,Dim,NONE,NONE,NONE,ObvSg,gidaangoshenyensinaanin,g<<daangosheny1>>ensinaanin,JDN-2010-Nouns,,,
87,NAD,NAD_VVny,daangosheny,daangosheny1,2SgPoss,Dim,NONE,NONE,NONE,ObvSg,gidaangoshenyensan,g<<daangosheny1>>ensan,JDN-2010-Nouns,,,
88,NAD,NAD_VVny,daangosheny,daangosheny1,2PlPoss,Dim,NONE,NONE,NONE,ObvSg,gidaangoshenyensiwaan,g<<daangosheny1>>ensiwaan,JDN-2010-Nouns,,,
89,NAD,NAD_VVny,daangosheny,daangosheny1,3SgProxPoss,Dim,NONE,NONE,NONE,ObvSg,odaangoshenyensan,w<<daangosheny1>>ensan,JDN-2010-Nouns,,,
90,NAD,NAD_VVny,daangosheny,daangosheny1,3PlProxPoss,Dim,NONE,NONE,NONE,ObvSg,odaangoshenyensiwaan,w<<daangosheny1>>ensiwaan,JDN-2010-Nouns,,,
91,NAD,NAD_VVny,daangosheny,daangosheny1,3SgObvPoss,Dim,NONE,NONE,NONE,ObvSg,odaangoshenyensini,w<<daangosheny1>>ensiniw1,JDN-2010-Nouns,,,
92,NAD,NAD_VVny,daangosheny,daangosheny1,3PlObvPoss,Dim,NONE,NONE,NONE,ObvSg,odaangoshenyensini,w<<daangosheny1>>ensiniw1,GUESS,,,
93,NAD,NAD_VVny,daangosheny,daangosheny1,1SgPoss,Dim,NONE,NONE,NONE,ObvPl,nindaangoshenyensa',n<<daangosheny1>>ensa',JDN-2010-Nouns,,,
94,NAD,NAD_VVny,daangosheny,daangosheny1,ExclPoss,Dim,NONE,NONE,NONE,ObvPl,nindaangoshenyensinaani',n<<daangosheny1>>ensinaani',JDN-2010-Nouns,,,
95,NAD,NAD_VVny,daangosheny,daangosheny1,InclPoss,Dim,NONE,NONE,NONE,ObvPl,gidaangoshenyensinaani',g<<daangosheny1>>ensinaani',JDN-2010-Nouns,,,
96,NAD,NAD_VVny,daangosheny,daangosheny1,2SgPoss,Dim,NONE,NONE,NONE,ObvPl,gidaangoshenyensa',g<<daangosheny1>>ensa',JDN-2010-Nouns,,,
97,NAD,NAD_VVny,daangosheny,daangosheny1,2PlPoss,Dim,NONE,NONE,NONE,ObvPl,gidaangoshenyensiwaa',g<<daangosheny1>>ensiwaa',JDN-2010-Nouns,,,
98,NAD,NAD_VVny,daangosheny,daangosheny1,3SgProxPoss,Dim,NONE,NONE,NONE,ObvPl,odaangoshenyensa',w<<daangosheny1>>ensa',JDN-2010-Nouns,,,
99,NAD,NAD_VVny,daangosheny,daangosheny1,3PlProxPoss,Dim,NONE,NONE,NONE,ObvPl,odaangoshenyensiwaa',w<<daangosheny1>>ensiwaa',JDN-2010-Nouns,,,
100,NAD,NAD_VVny,daangosheny,daangosheny1,3SgObvPoss,Dim,NONE,NONE,NONE,ObvPl,odaangoshenyensini,w<<daangosheny1>>ensiniw1,JDN-2010-Nouns,,,
101,NAD,NAD_VVny,daangosheny,daangosheny1,3PlObvPoss,Dim,NONE,NONE,NONE,ObvPl,odaangoshenyensini,w<<daangosheny1>>ensiniw1,GUESS,,,
102,NAD,NAD_VVny,daangosheny,daangosheny1,1SgPoss,Dim,NONE,NONE,NONE,Loc,nindaangoshenyensing,n<<daangosheny1>>ensing,JDN-2010-Nouns,,,
103,NAD,NAD_VVny,daangosheny,daangosheny1,ExclPoss,Dim,NONE,NONE,NONE,Loc,nindaangoshenyensinaang,n<<daangosheny1>>ensinaang,JDN-2010-Nouns,,,
104,NAD,NAD_VVny,daangosheny,daangosheny1,InclPoss,Dim,NONE,NONE,NONE,Loc,gidaangoshenyensinaang,g<<daangosheny1>>ensinaang,JDN-2010-Nouns,,,
105,NAD,NAD_VVny,daangosheny,daangosheny1,2SgPoss,Dim,NONE,NONE,NONE,Loc,gidaangoshenyensing,g<<daangosheny1>>ensing,JDN-2010-Nouns,,,
106,NAD,NAD_VVny,daangosheny,daangosheny1,2PlPoss,Dim,NONE,NONE,NONE,Loc,gidaangoshenyensiwaang,g<<daangosheny1>>ensiwaang,JDN-2010-Nouns,,,
107,NAD,NAD_VVny,daangosheny,daangosheny1,3SgProxPoss,Dim,NONE,NONE,NONE,Loc,odaangoshenyensing,w<<daangosheny1>>ensing,JDN-2010-Nouns,,,
108,NAD,NAD_VVny,daangosheny,daangosheny1,3PlProxPoss,Dim,NONE,NONE,NONE,Loc,odaangoshenyensiwaang,w<<daangosheny1>>ensiwaang,JDN-2010-Nouns,,,
109,NAD,NAD_VVny,daangosheny,daangosheny1,3SgObvPoss,Dim,NONE,NONE,NONE,Loc,odaangoshenyensining,w<<daangosheny1>>ensining,JDN-2010-Nouns,,,
110,NAD,NAD_VVny,daangosheny,daangosheny1,3PlObvPoss,Dim,NONE,NONE,NONE,Loc,odaangoshenyensining,w<<daangosheny1>>ensining,GUESS,,,
111,NAD,NAD_VVny,daangosheny,daangosheny1,1SgPoss,Dim,Poss,NONE,NONE,ProxSg,nindaangoshenyensim,n<<daangosheny1>>ensim,JDN-2010-Nouns,,,
112,NAD,NAD_VVny,daangosheny,daangosheny1,ExclPoss,Dim,Poss,NONE,NONE,ProxSg,nindaangoshenyensiminaan,n<<daangosheny1>>ensiminaan,JDN-2010-Nouns,,,
113,NAD,NAD_VVny,daangosheny,daangosheny1,InclPoss,Dim,Poss,NONE,NONE,ProxSg,gidaangoshenyensiminaan,g<<daangosheny1>>ensiminaan,JDN-2010-Nouns,,,
114,NAD,NAD_VVny,daangosheny,daangosheny1,2SgPoss,Dim,Poss,NONE,NONE,ProxSg,gidaangoshenyensiminaan,g<<daangosheny1>>ensiminaan,JDN-2010-Nouns,,,
115,NAD,NAD_VVny,daangosheny,daangosheny1,2PlPoss,Dim,Poss,NONE,NONE,ProxSg,gidaangoshenyensimiwaa,g<<daangosheny1>>ensimiwaa,JDN-2010-Nouns,,,
116,NAD,NAD_VVny,daangosheny,daangosheny1,1SgPoss,Dim,Poss,NONE,NONE,ProxPl,nindaangoshenyensimag,n<<daangosheny1>>ensimag,JDN-2010-Nouns,,,
117,NAD,NAD_VVny,daangosheny,daangosheny1,ExclPoss,Dim,Poss,NONE,NONE,ProxPl,nindaangoshenyensiminaanig,n<<daangosheny1>>ensiminaanig,JDN-2010-Nouns,,,
118,NAD,NAD_VVny,daangosheny,daangosheny1,InclPoss,Dim,Poss,NONE,NONE,ProxPl,gidaangoshenyensiminaanig,g<<daangosheny1>>ensiminaanig,JDN-2010-Nouns,,,
119,NAD,NAD_VVny,daangosheny,daangosheny1,2SgPoss,Dim,Poss,NONE,NONE,ProxPl,gidaangoshenyensimag,g<<daangosheny1>>ensimag,JDN-2010-Nouns,,,
120,NAD,NAD_VVny,daangosheny,daangosheny1,2PlPoss,Dim,Poss,NONE,NONE,ProxPl,gidaangoshenyensimiwaag,g<<daangosheny1>>ensimiwaag,JDN-2010-Nouns,,,
121,NAD,NAD_VVny,daangosheny,daangosheny1,1SgPoss,Dim,Poss,NONE,NONE,ObvSg,nindaangoshenyensiman,n<<daangosheny1>>ensiman,JDN-2010-Nouns,,,
122,NAD,NAD_VVny,daangosheny,daangosheny1,ExclPoss,Dim,Poss,NONE,NONE,ObvSg,nindaangoshenyensiminaanin,n<<daangosheny1>>ensiminaanin,JDN-2010-Nouns,,,
123,NAD,NAD_VVny,daangosheny,daangosheny1,InclPoss,Dim,Poss,NONE,NONE,ObvSg,gidaangoshenyensiminaanin,g<<daangosheny1>>ensiminaanin,JDN-2010-Nouns,,,
124,NAD,NAD_VVny,daangosheny,daangosheny1,2SgPoss,Dim,Poss,NONE,NONE,ObvSg,gidaangoshenyensiman,g<<daangosheny1>>ensiman,JDN-2010-Nouns,,,
125,NAD,NAD_VVny,daangosheny,daangosheny1,2PlPoss,Dim,Poss,NONE,NONE,ObvSg,gidaangoshenyensimiwaan,g<<daangosheny1>>ensimiwaan,JDN-2010-Nouns,,,
126,NAD,NAD_VVny,daangosheny,daangosheny1,3SgProxPoss,Dim,Poss,NONE,NONE,ObvSg,odaangoshenyensiman,w<<daangosheny1>>ensiman,JDN-2010-Nouns,,,
127,NAD,NAD_VVny,daangosheny,daangosheny1,3PlProxPoss,Dim,Poss,NONE,NONE,ObvSg,odaangoshenyensimiwaan,w<<daangosheny1>>ensimiwaan,JDN-2010-Nouns,,,
128,NAD,NAD_VVny,daangosheny,daangosheny1,3SgObvPoss,Dim,Poss,NONE,NONE,ObvSg,odaangoshenyensimini,w<<daangosheny1>>ensiminiw1,JDN-2010-Nouns,,,
129,NAD,NAD_VVny,daangosheny,daangosheny1,3PlObvPoss,Dim,Poss,NONE,NONE,ObvSg,odaangoshenyensimini,w<<daangosheny1>>ensiminiw1,GUESS,,,
130,NAD,NAD_VVny,daangosheny,daangosheny1,1SgPoss,Dim,Poss,NONE,NONE,ObvPl,nindaangoshenyensima',n<<daangosheny1>>ensima',JDN-2010-Nouns,,,
131,NAD,NAD_VVny,daangosheny,daangosheny1,ExclPoss,Dim,Poss,NONE,NONE,ObvPl,nindaangoshenyensiminaani',n<<daangosheny1>>ensiminaani',JDN-2010-Nouns,,,
132,NAD,NAD_VVny,daangosheny,daangosheny1,InclPoss,Dim,Poss,NONE,NONE,ObvPl,gidaangoshenyensiminaani',g<<daangosheny1>>ensiminaani',JDN-2010-Nouns,,,
133,NAD,NAD_VVny,daangosheny,daangosheny1,2SgPoss,Dim,Poss,NONE,NONE,ObvPl,gidaangoshenyensima',g<<daangosheny1>>ensima',JDN-2010-Nouns,,,
134,NAD,NAD_VVny,daangosheny,daangosheny1,2PlPoss,Dim,Poss,NONE,NONE,ObvPl,gidaangoshenyensimiwaa',g<<daangosheny1>>ensimiwaa',JDN-2010-Nouns,,,
135,NAD,NAD_VVny,daangosheny,daangosheny1,3SgProxPoss,Dim,Poss,NONE,NONE,ObvPl,odaangoshenyensima',w<<daangosheny1>>ensima',JDN-2010-Nouns,,,
136,NAD,NAD_VVny,daangosheny,daangosheny1,3PlProxPoss,Dim,Poss,NONE,NONE,ObvPl,odaangoshenyensimiwaa',w<<daangosheny1>>ensimiwaa',JDN-2010-Nouns,,,
137,NAD,NAD_VVny,daangosheny,daangosheny1,3SgObvPoss,Dim,Poss,NONE,NONE,ObvPl,odaangoshenyensimini,w<<daangosheny1>>ensiminiw1,JDN-2010-Nouns,,,
138,NAD,NAD_VVny,daangosheny,daangosheny1,3PlObvPoss,Dim,Poss,NONE,NONE,ObvPl,odaangoshenyensimini,w<<daangosheny1>>ensiminiw1,GUESS,,,
139,NAD,NAD_VVny,daangosheny,daangosheny1,1SgPoss,Dim,Poss,NONE,NONE,Loc,nindaangoshenyensiming,n<<daangosheny1>>ensiming,JDN-2010-Nouns,,,
140,NAD,NAD_VVny,daangosheny,daangosheny1,ExclPoss,Dim,Poss,NONE,NONE,Loc,nindaangoshenyensiminaang,n<<daangosheny1>>ensiminaang,JDN-2010-Nouns,,,
141,NAD,NAD_VVny,daangosheny,daangosheny1,InclPoss,Dim,Poss,NONE,NONE,Loc,gidaangoshenyensiminaang,g<<daangosheny1>>ensiminaang,JDN-2010-Nouns,,,
142,NAD,NAD_VVny,daangosheny,daangosheny1,2SgPoss,Dim,Poss,NONE,NONE,Loc,gidaangoshenyensiming,g<<daangosheny1>>ensiming,JDN-2010-Nouns,,,
143,NAD,NAD_VVny,daangosheny,daangosheny1,2PlPoss,Dim,Poss,NONE,NONE,Loc,gidaangoshenyensimiwaang,g<<daangosheny1>>ensimiwaang,JDN-2010-Nouns,,,
144,NAD,NAD_VVny,daangosheny,daangosheny1,3SgProxPoss,Dim,Poss,NONE,NONE,Loc,odaangoshenyensiming,w<<daangosheny1>>ensiming,JDN-2010-Nouns,,,
145,NAD,NAD_VVny,daangosheny,daangosheny1,3PlProxPoss,Dim,Poss,NONE,NONE,Loc,odaangoshenyensimiwaang,w<<daangosheny1>>ensimiwaang,JDN-2010-Nouns,,,
146,NAD,NAD_VVny,daangosheny,daangosheny1,3SgObvPoss,Dim,Poss,NONE,NONE,Loc,odaangoshenyensimining,w<<daangosheny1>>ensimining,JDN-2010-Nouns,,,
147,NAD,NAD_VVny,daangosheny,daangosheny1,3PlObvPoss,Dim,Poss,NONE,NONE,Loc,odaangoshenyensimining,w<<daangosheny1>>ensimining,GUESS,,,
148,NAD,NAD_VVny,daangosheny,daangosheny1,1SgPoss,NONE,NONE,Pej,NONE,ProxSg,nindaangoshenyish,n<<daangosheny1>>ish,JDN-2010-Nouns,,,
149,NAD,NAD_VVny,daangosheny,daangosheny1,ExclPoss,NONE,NONE,Pej,NONE,ProxSg,nindaangoshenyishinaan,n<<daangosheny1>>ishinaan,JDN-2010-Nouns,,,
150,NAD,NAD_VVny,daangosheny,daangosheny1,InclPoss,NONE,NONE,Pej,NONE,ProxSg,gidaangoshenyishinaan,g<<daangosheny1>>ishinaan,JDN-2010-Nouns,,,
151,NAD,NAD_VVny,daangosheny,daangosheny1,2SgPoss,NONE,NONE,Pej,NONE,ProxSg,gidaangoshenyish,g<<daangosheny1>>ish,JDN-2010-Nouns,,,
152,NAD,NAD_VVny,daangosheny,daangosheny1,2PlPoss,NONE,NONE,Pej,NONE,ProxSg,gidaangoshenyishiwaa,g<<daangosheny1>>ishiwaa,JDN-2010-Nouns,,,
153,NAD,NAD_VVny,daangosheny,daangosheny1,1SgPoss,NONE,NONE,Pej,NONE,ProxPl,nindaangoshenyishag,n<<daangosheny1>>ishag,JDN-2010-Nouns,,,
154,NAD,NAD_VVny,daangosheny,daangosheny1,ExclPoss,NONE,NONE,Pej,NONE,ProxPl,nindaangoshenyishinaanig,n<<daangosheny1>>ishinaanig,JDN-2010-Nouns,,,
155,NAD,NAD_VVny,daangosheny,daangosheny1,InclPoss,NONE,NONE,Pej,NONE,ProxPl,gidaangoshenyishinaanig,g<<daangosheny1>>ishinaanig,JDN-2010-Nouns,,,
156,NAD,NAD_VVny,daangosheny,daangosheny1,2SgPoss,NONE,NONE,Pej,NONE,ProxPl,gidaangoshenyishag,g<<daangosheny1>>ishag,JDN-2010-Nouns,,,
157,NAD,NAD_VVny,daangosheny,daangosheny1,2PlPoss,NONE,NONE,Pej,NONE,ProxPl,gidaangoshenyishiwaag,g<<daangosheny1>>ishiwaag,JDN-2010-Nouns,,,
158,NAD,NAD_VVny,daangosheny,daangosheny1,1SgPoss,NONE,NONE,Pej,NONE,ObvSg,nindaangoshenyishan,n<<daangosheny1>>ishan,JDN-2010-Nouns,,,
159,NAD,NAD_VVny,daangosheny,daangosheny1,ExclPoss,NONE,NONE,Pej,NONE,ObvSg,nindaangoshenyishinaanin,n<<daangosheny1>>ishinaanin,JDN-2010-Nouns,,,
160,NAD,NAD_VVny,daangosheny,daangosheny1,InclPoss,NONE,NONE,Pej,NONE,ObvSg,gidaangoshenyishinaanin,g<<daangosheny1>>ishinaanin,JDN-2010-Nouns,,,
161,NAD,NAD_VVny,daangosheny,daangosheny1,2SgPoss,NONE,NONE,Pej,NONE,ObvSg,gidaangoshenyishan,g<<daangosheny1>>ishan,JDN-2010-Nouns,,,
162,NAD,NAD_VVny,daangosheny,daangosheny1,2PlPoss,NONE,NONE,Pej,NONE,ObvSg,gidaangoshenyishiwaan,g<<daangosheny1>>ishiwaan,JDN-2010-Nouns,,,
163,NAD,NAD_VVny,daangosheny,daangosheny1,3SgProxPoss,NONE,NONE,Pej,NONE,ObvSg,odaangoshenyishan,w<<daangosheny1>>ishan,JDN-2010-Nouns,,,
164,NAD,NAD_VVny,daangosheny,daangosheny1,3PlProxPoss,NONE,NONE,Pej,NONE,ObvSg,odaangoshenyishiwaan,w<<daangosheny1>>ishiwaan,JDN-2010-Nouns,,,
165,NAD,NAD_VVny,daangosheny,daangosheny1,3SgObvPoss,NONE,NONE,Pej,NONE,ObvSg,odaangoshenyishini,w<<daangosheny1>>ishiniw1,JDN-2010-Nouns,,,
166,NAD,NAD_VVny,daangosheny,daangosheny1,3PlObvPoss,NONE,NONE,Pej,NONE,ObvSg,odaangoshenyishini,w<<daangosheny1>>ishiniw1,GUESS,,,
167,NAD,NAD_VVny,daangosheny,daangosheny1,1SgPoss,NONE,NONE,Pej,NONE,ObvPl,nindaangoshenyisha',n<<daangosheny1>>isha',JDN-2010-Nouns,,,
168,NAD,NAD_VVny,daangosheny,daangosheny1,ExclPoss,NONE,NONE,Pej,NONE,ObvPl,nindaangoshenyishinaani',n<<daangosheny1>>ishinaani',JDN-2010-Nouns,,,
169,NAD,NAD_VVny,daangosheny,daangosheny1,InclPoss,NONE,NONE,Pej,NONE,ObvPl,gidaangoshenyishinaani',g<<daangosheny1>>ishinaani',JDN-2010-Nouns,,,
170,NAD,NAD_VVny,daangosheny,daangosheny1,2SgPoss,NONE,NONE,Pej,NONE,ObvPl,gidaangoshenyisha',g<<daangosheny1>>isha',JDN-2010-Nouns,,,
171,NAD,NAD_VVny,daangosheny,daangosheny1,2PlPoss,NONE,NONE,Pej,NONE,ObvPl,gidaangoshenyishiwaa',g<<daangosheny1>>ishiwaa',JDN-2010-Nouns,,,
172,NAD,NAD_VVny,daangosheny,daangosheny1,3SgProxPoss,NONE,NONE,Pej,NONE,ObvPl,odaangoshenyisha',w<<daangosheny1>>isha',JDN-2010-Nouns,,,
173,NAD,NAD_VVny,daangosheny,daangosheny1,3PlProxPoss,NONE,NONE,Pej,NONE,ObvPl,odaangoshenyishiwaa',w<<daangosheny1>>ishiwaa',JDN-2010-Nouns,,,
174,NAD,NAD_VVny,daangosheny,daangosheny1,3SgObvPoss,NONE,NONE,Pej,NONE,ObvPl,odaangoshenyishini,w<<daangosheny1>>ishiniw1,JDN-2010-Nouns,,,
175,NAD,NAD_VVny,daangosheny,daangosheny1,3PlObvPoss,NONE,NONE,Pej,NONE,ObvPl,odaangoshenyishini,w<<daangosheny1>>ishiniw1,GUESS,,,
176,NAD,NAD_VVny,daangosheny,daangosheny1,1SgPoss,NONE,NONE,Pej,NONE,Loc,nindaangoshenyishing,n<<daangosheny1>>ishing,JDN-2010-Nouns,,,
177,NAD,NAD_VVny,daangosheny,daangosheny1,ExclPoss,NONE,NONE,Pej,NONE,Loc,nindaangoshenyishinaang,n<<daangosheny1>>ishinaang,JDN-2010-Nouns,,,
178,NAD,NAD_VVny,daangosheny,daangosheny1,InclPoss,NONE,NONE,Pej,NONE,Loc,gidaangoshenyishinaang,g<<daangosheny1>>ishinaang,JDN-2010-Nouns,,,
179,NAD,NAD_VVny,daangosheny,daangosheny1,2SgPoss,NONE,NONE,Pej,NONE,Loc,gidaangoshenyishing,g<<daangosheny1>>ishing,JDN-2010-Nouns,,,
180,NAD,NAD_VVny,daangosheny,daangosheny1,2PlPoss,NONE,NONE,Pej,NONE,Loc,gidaangoshenyishiwaang,g<<daangosheny1>>ishiwaang,JDN-2010-Nouns,,,
181,NAD,NAD_VVny,daangosheny,daangosheny1,3SgProxPoss,NONE,NONE,Pej,NONE,Loc,odaangoshenyishing,w<<daangosheny1>>ishing,JDN-2010-Nouns,,,
182,NAD,NAD_VVny,daangosheny,daangosheny1,3PlProxPoss,NONE,NONE,Pej,NONE,Loc,odaangoshenyishiwaang,w<<daangosheny1>>ishiwaang,JDN-2010-Nouns,,,
183,NAD,NAD_VVny,daangosheny,daangosheny1,3SgObvPoss,NONE,NONE,Pej,NONE,Loc,odaangoshenyishining,w<<daangosheny1>>ishining,JDN-2010-Nouns,,,
184,NAD,NAD_VVny,daangosheny,daangosheny1,3PlObvPoss,NONE,NONE,Pej,NONE,Loc,odaangoshenyishining,w<<daangosheny1>>ishining,GUESS,,,
185,NAD,NAD_VVny,daangosheny,daangosheny1,1SgPoss,NONE,Poss,Pej,NONE,ProxSg,nindaangoshenyimish,n<<daangosheny1>>imish,JDN-2010-Nouns,,,
186,NAD,NAD_VVny,daangosheny,daangosheny1,ExclPoss,NONE,Poss,Pej,NONE,ProxSg,nindaangoshenyimishinaan,n<<daangosheny1>>imishinaan,JDN-2010-Nouns,,,
187,NAD,NAD_VVny,daangosheny,daangosheny1,InclPoss,NONE,Poss,Pej,NONE,ProxSg,gidaangoshenyimishinaan,g<<daangosheny1>>imishinaan,JDN-2010-Nouns,,,
188,NAD,NAD_VVny,daangosheny,daangosheny1,2SgPoss,NONE,Poss,Pej,NONE,ProxSg,gidaangoshenyimishinaan,g<<daangosheny1>>imishinaan,JDN-2010-Nouns,,,
189,NAD,NAD_VVny,daangosheny,daangosheny1,2PlPoss,NONE,Poss,Pej,NONE,ProxSg,gidaangoshenyimishiwaa,g<<daangosheny1>>imishiwaa,JDN-2010-Nouns,,,
190,NAD,NAD_VVny,daangosheny,daangosheny1,1SgPoss,NONE,Poss,Pej,NONE,ProxPl,nindaangoshenyimishag,n<<daangosheny1>>imishag,JDN-2010-Nouns,,,
191,NAD,NAD_VVny,daangosheny,daangosheny1,ExclPoss,NONE,Poss,Pej,NONE,ProxPl,nindaangoshenyimishinaanig,n<<daangosheny1>>imishinaanig,JDN-2010-Nouns,,,
192,NAD,NAD_VVny,daangosheny,daangosheny1,InclPoss,NONE,Poss,Pej,NONE,ProxPl,gidaangoshenyimishinaanig,g<<daangosheny1>>imishinaanig,JDN-2010-Nouns,,,
193,NAD,NAD_VVny,daangosheny,daangosheny1,2SgPoss,NONE,Poss,Pej,NONE,ProxPl,gidaangoshenyimishag,g<<daangosheny1>>imishag,JDN-2010-Nouns,,,
194,NAD,NAD_VVny,daangosheny,daangosheny1,2PlPoss,NONE,Poss,Pej,NONE,ProxPl,gidaangoshenyimishiwaag,g<<daangosheny1>>imishiwaag,JDN-2010-Nouns,,,
195,NAD,NAD_VVny,daangosheny,daangosheny1,1SgPoss,NONE,Poss,Pej,NONE,ObvSg,nindaangoshenyimishan,n<<daangosheny1>>imishan,JDN-2010-Nouns,,,
196,NAD,NAD_VVny,daangosheny,daangosheny1,ExclPoss,NONE,Poss,Pej,NONE,ObvSg,nindaangoshenyimishinaanin,n<<daangosheny1>>imishinaanin,JDN-2010-Nouns,,,
197,NAD,NAD_VVny,daangosheny,daangosheny1,InclPoss,NONE,Poss,Pej,NONE,ObvSg,gidaangoshenyimishinaanin,g<<daangosheny1>>imishinaanin,JDN-2010-Nouns,,,
198,NAD,NAD_VVny,daangosheny,daangosheny1,2SgPoss,NONE,Poss,Pej,NONE,ObvSg,gidaangoshenyimishan,g<<daangosheny1>>imishan,JDN-2010-Nouns,,,
199,NAD,NAD_VVny,daangosheny,daangosheny1,2PlPoss,NONE,Poss,Pej,NONE,ObvSg,gidaangoshenyimishiwaan,g<<daangosheny1>>imishiwaan,JDN-2010-Nouns,,,
200,NAD,NAD_VVny,daangosheny,daangosheny1,3SgProxPoss,NONE,Poss,Pej,NONE,ObvSg,odaangoshenyimishan,w<<daangosheny1>>imishan,JDN-2010-Nouns,,,
201,NAD,NAD_VVny,daangosheny,daangosheny1,3PlProxPoss,NONE,Poss,Pej,NONE,ObvSg,odaangoshenyimishiwaan,w<<daangosheny1>>imishiwaan,JDN-2010-Nouns,,,
202,NAD,NAD_VVny,daangosheny,daangosheny1,3SgObvPoss,NONE,Poss,Pej,NONE,ObvSg,odaangoshenyimishini,w<<daangosheny1>>imishiniw1,JDN-2010-Nouns,,,
203,NAD,NAD_VVny,daangosheny,daangosheny1,3PlObvPoss,NONE,Poss,Pej,NONE,ObvSg,odaangoshenyimishini,w<<daangosheny1>>imishiniw1,GUESS,,,
204,NAD,NAD_VVny,daangosheny,daangosheny1,1SgPoss,NONE,Poss,Pej,NONE,ObvPl,nindaangoshenyimisha',n<<daangosheny1>>imisha',JDN-2010-Nouns,,,
205,NAD,NAD_VVny,daangosheny,daangosheny1,ExclPoss,NONE,Poss,Pej,NONE,ObvPl,nindaangoshenyimishinaani',n<<daangosheny1>>imishinaani',JDN-2010-Nouns,,,
206,NAD,NAD_VVny,daangosheny,daangosheny1,InclPoss,NONE,Poss,Pej,NONE,ObvPl,gidaangoshenyimishinaani',g<<daangosheny1>>imishinaani',JDN-2010-Nouns,,,
207,NAD,NAD_VVny,daangosheny,daangosheny1,2SgPoss,NONE,Poss,Pej,NONE,ObvPl,gidaangoshenyimisha',g<<daangosheny1>>imisha',JDN-2010-Nouns,,,
208,NAD,NAD_VVny,daangosheny,daangosheny1,2PlPoss,NONE,Poss,Pej,NONE,ObvPl,gidaangoshenyimishiwaa',g<<daangosheny1>>imishiwaa',JDN-2010-Nouns,,,
209,NAD,NAD_VVny,daangosheny,daangosheny1,3SgProxPoss,NONE,Poss,Pej,NONE,ObvPl,odaangoshenyimisha',w<<daangosheny1>>imisha',JDN-2010-Nouns,,,
210,NAD,NAD_VVny,daangosheny,daangosheny1,3PlProxPoss,NONE,Poss,Pej,NONE,ObvPl,odaangoshenyimishiwaa',w<<daangosheny1>>imishiwaa',JDN-2010-Nouns,,,
211,NAD,NAD_VVny,daangosheny,daangosheny1,3SgObvPoss,NONE,Poss,Pej,NONE,ObvPl,odaangoshenyimishini,w<<daangosheny1>>imishiniw1,JDN-2010-Nouns,,,
212,NAD,NAD_VVny,daangosheny,daangosheny1,3PlObvPoss,NONE,Poss,Pej,NONE,ObvPl,odaangoshenyimishini,w<<daangosheny1>>imishiniw1,GUESS,,,
213,NAD,NAD_VVny,daangosheny,daangosheny1,1SgPoss,NONE,Poss,Pej,NONE,Loc,nindaangoshenyimishing,n<<daangosheny1>>imishing,JDN-2010-Nouns,,,
214,NAD,NAD_VVny,daangosheny,daangosheny1,ExclPoss,NONE,Poss,Pej,NONE,Loc,nindaangoshenyimishinaang,n<<daangosheny1>>imishinaang,JDN-2010-Nouns,,,
215,NAD,NAD_VVny,daangosheny,daangosheny1,InclPoss,NONE,Poss,Pej,NONE,Loc,gidaangoshenyimishinaang,g<<daangosheny1>>imishinaang,JDN-2010-Nouns,,,
216,NAD,NAD_VVny,daangosheny,daangosheny1,2SgPoss,NONE,Poss,Pej,NONE,Loc,gidaangoshenyimishing,g<<daangosheny1>>imishing,JDN-2010-Nouns,,,
217,NAD,NAD_VVny,daangosheny,daangosheny1,2PlPoss,NONE,Poss,Pej,NONE,Loc,gidaangoshenyimishiwaang,g<<daangosheny1>>imishiwaang,JDN-2010-Nouns,,,
218,NAD,NAD_VVny,daangosheny,daangosheny1,3SgProxPoss,NONE,Poss,Pej,NONE,Loc,odaangoshenyimishing,w<<daangosheny1>>imishing,JDN-2010-Nouns,,,
219,NAD,NAD_VVny,daangosheny,daangosheny1,3PlProxPoss,NONE,Poss,Pej,NONE,Loc,odaangoshenyimishiwaang,w<<daangosheny1>>imishiwaang,JDN-2010-Nouns,,,
220,NAD,NAD_VVny,daangosheny,daangosheny1,3SgObvPoss,NONE,Poss,Pej,NONE,Loc,odaangoshenyimishining,w<<daangosheny1>>imishining,JDN-2010-Nouns,,,
221,NAD,NAD_VVny,daangosheny,daangosheny1,3PlObvPoss,NONE,Poss,Pej,NONE,Loc,odaangoshenyimishining,w<<daangosheny1>>imishining,GUESS,,,
222,NAD,NAD_VVny,daangosheny,daangosheny1,1SgPoss,NONE,NONE,NONE,Pret,ProxSg,nindaangoshenyiban,n<<daangosheny1>>iban,JDN-2010-Nouns,,,
223,NAD,NAD_VVny,daangosheny,daangosheny1,ExclPoss,NONE,NONE,NONE,Pret,ProxSg,nindaangoshenyinaaban,n<<daangosheny1>>inaaban,JDN-2010-Nouns,,,
224,NAD,NAD_VVny,daangosheny,daangosheny1,InclPoss,NONE,NONE,NONE,Pret,ProxSg,gidaangoshenyinaaban,g<<daangosheny1>>inaaban,JDN-2010-Nouns,,,
225,NAD,NAD_VVny,daangosheny,daangosheny1,2SgPoss,NONE,NONE,NONE,Pret,ProxSg,gidaangoshenyiban,g<<daangosheny1>>iban,JDN-2010-Nouns,,,
226,NAD,NAD_VVny,daangosheny,daangosheny1,2PlPoss,NONE,NONE,NONE,Pret,ProxSg,gidaangoshenyiwaaban,g<<daangosheny1>>iwaaban,JDN-2010-Nouns,,,
227,NAD,NAD_VVny,daangosheny,daangosheny1,1SgPoss,NONE,NONE,NONE,Pret,ProxPl,nindaangoshenyibaniig,n<<daangosheny1>>ibaniig,JDN-2010-Nouns,,,
228,NAD,NAD_VVny,daangosheny,daangosheny1,ExclPoss,NONE,NONE,NONE,Pret,ProxPl,nindaangoshenyinaabaniig,n<<daangosheny1>>inaabaniig,JDN-2010-Nouns,,,
229,NAD,NAD_VVny,daangosheny,daangosheny1,InclPoss,NONE,NONE,NONE,Pret,ProxPl,gidaangoshenyinaabaniig,g<<daangosheny1>>inaabaniig,JDN-2010-Nouns,,,
230,NAD,NAD_VVny,daangosheny,daangosheny1,2SgPoss,NONE,NONE,NONE,Pret,ProxPl,gidaangoshenyibaniig,g<<daangosheny1>>ibaniig,JDN-2010-Nouns,,,
231,NAD,NAD_VVny,daangosheny,daangosheny1,2PlPoss,NONE,NONE,NONE,Pret,ProxPl,gidaangoshenyiwaabaniig,g<<daangosheny1>>iwaabaniig,JDN-2010-Nouns,,,
232,NAD,NAD_VVny,daangosheny,daangosheny1,1SgPoss,NONE,NONE,NONE,Pret,ObvSg,nindaangoshenyibaniin,n<<daangosheny1>>ibaniin,JDN-2010-Nouns,,,
233,NAD,NAD_VVny,daangosheny,daangosheny1,ExclPoss,NONE,NONE,NONE,Pret,ObvSg,nindaangoshenyinaabaniin,n<<daangosheny1>>inaabaniin,JDN-2010-Nouns,,,
234,NAD,NAD_VVny,daangosheny,daangosheny1,InclPoss,NONE,NONE,NONE,Pret,ObvSg,gidaangoshenyinaabaniin,g<<daangosheny1>>inaabaniin,JDN-2010-Nouns,,,
235,NAD,NAD_VVny,daangosheny,daangosheny1,2SgPoss,NONE,NONE,NONE,Pret,ObvSg,gidaangoshenyibaniin,g<<daangosheny1>>ibaniin,JDN-2010-Nouns,,,
236,NAD,NAD_VVny,daangosheny,daangosheny1,2PlPoss,NONE,NONE,NONE,Pret,ObvSg,gidaangoshenyiwaabaniin,g<<daangosheny1>>iwaabaniin,JDN-2010-Nouns,,,
237,NAD,NAD_VVny,daangosheny,daangosheny1,3SgProxPoss,NONE,NONE,NONE,Pret,ObvSg,odaangoshenyibaniin,w<<daangosheny1>>ibaniin,JDN-2010-Nouns,,,
238,NAD,NAD_VVny,daangosheny,daangosheny1,3PlProxPoss,NONE,NONE,NONE,Pret,ObvSg,odaangoshenyiwaabaniin,w<<daangosheny1>>iwaabaniin,JDN-2010-Nouns,,,
239,NAD,NAD_VVny,daangosheny,daangosheny1,3SgObvPoss,NONE,NONE,NONE,Pret,ObvSg,odaangoshenyiniban,w<<daangosheny1>>iniban,JDN-2010-Nouns,,,
240,NAD,NAD_VVny,daangosheny,daangosheny1,3PlObvPoss,NONE,NONE,NONE,Pret,ObvSg,odaangoshenyiniban,w<<daangosheny1>>iniban,GUESS,,,
241,NAD,NAD_VVny,daangosheny,daangosheny1,1SgPoss,NONE,NONE,NONE,Pret,ObvPl,nindaangoshenyibanii',n<<daangosheny1>>ibanii',JDN-2010-Nouns,,,
242,NAD,NAD_VVny,daangosheny,daangosheny1,ExclPoss,NONE,NONE,NONE,Pret,ObvPl,nindaangoshenyinaabanii',n<<daangosheny1>>inaabanii',JDN-2010-Nouns,,,
243,NAD,NAD_VVny,daangosheny,daangosheny1,InclPoss,NONE,NONE,NONE,Pret,ObvPl,gidaangoshenyinaabanii',g<<daangosheny1>>inaabanii',JDN-2010-Nouns,,,
244,NAD,NAD_VVny,daangosheny,daangosheny1,2SgPoss,NONE,NONE,NONE,Pret,ObvPl,gidaangoshenyibanii',g<<daangosheny1>>ibanii',JDN-2010-Nouns,,,
245,NAD,NAD_VVny,daangosheny,daangosheny1,2PlPoss,NONE,NONE,NONE,Pret,ObvPl,gidaangoshenyiwaabanii',g<<daangosheny1>>iwaabanii',JDN-2010-Nouns,,,
246,NAD,NAD_VVny,daangosheny,daangosheny1,3SgProxPoss,NONE,NONE,NONE,Pret,ObvPl,odaangoshenyibanii',w<<daangosheny1>>ibanii',JDN-2010-Nouns,,,
247,NAD,NAD_VVny,daangosheny,daangosheny1,3PlProxPoss,NONE,NONE,NONE,Pret,ObvPl,odaangoshenyiwaabanii',w<<daangosheny1>>iwaabanii',JDN-2010-Nouns,,,
248,NAD,NAD_VVny,daangosheny,daangosheny1,3SgObvPoss,NONE,NONE,NONE,Pret,ObvPl,odaangoshenyiniban,w<<daangosheny1>>iniban,JDN-2010-Nouns,,,
249,NAD,NAD_VVny,daangosheny,daangosheny1,3PlObvPoss,NONE,NONE,NONE,Pret,ObvPl,odaangoshenyiniban,w<<daangosheny1>>iniban,GUESS,,,
250,NAD,NAD_VVny,daangosheny,daangosheny1,1SgPoss,NONE,Poss,NONE,Pret,ProxSg,nindaangoshenyimiban,n<<daangosheny1>>imiban,JDN-2010-Nouns,,,
251,NAD,NAD_VVny,daangosheny,daangosheny1,ExclPoss,NONE,Poss,NONE,Pret,ProxSg,nindaangoshenyiminaaban,n<<daangosheny1>>iminaaban,JDN-2010-Nouns,,,
252,NAD,NAD_VVny,daangosheny,daangosheny1,InclPoss,NONE,Poss,NONE,Pret,ProxSg,gidaangoshenyiminaaban,g<<daangosheny1>>iminaaban,JDN-2010-Nouns,,,
253,NAD,NAD_VVny,daangosheny,daangosheny1,2SgPoss,NONE,Poss,NONE,Pret,ProxSg,gidaangoshenyimiban,g<<daangosheny1>>imiban,JDN-2010-Nouns,,,
254,NAD,NAD_VVny,daangosheny,daangosheny1,2PlPoss,NONE,Poss,NONE,Pret,ProxSg,gidaangoshenyimiwaaban,g<<daangosheny1>>imiwaaban,JDN-2010-Nouns,,,
255,NAD,NAD_VVny,daangosheny,daangosheny1,1SgPoss,NONE,Poss,NONE,Pret,ProxPl,nindaangoshenyimibaniig,n<<daangosheny1>>imibaniig,JDN-2010-Nouns,,,
256,NAD,NAD_VVny,daangosheny,daangosheny1,ExclPoss,NONE,Poss,NONE,Pret,ProxPl,nindaangoshenyiminaabaniig,n<<daangosheny1>>iminaabaniig,JDN-2010-Nouns,,,
257,NAD,NAD_VVny,daangosheny,daangosheny1,InclPoss,NONE,Poss,NONE,Pret,ProxPl,gidaangoshenyiminaabaniig,g<<daangosheny1>>iminaabaniig,JDN-2010-Nouns,,,
258,NAD,NAD_VVny,daangosheny,daangosheny1,2SgPoss,NONE,Poss,NONE,Pret,ProxPl,gidaangoshenyimibaniig,g<<daangosheny1>>imibaniig,JDN-2010-Nouns,,,
259,NAD,NAD_VVny,daangosheny,daangosheny1,2PlPoss,NONE,Poss,NONE,Pret,ProxPl,gidaangoshenyimiwaabaniig,g<<daangosheny1>>imiwaabaniig,JDN-2010-Nouns,,,
260,NAD,NAD_VVny,daangosheny,daangosheny1,1SgPoss,NONE,Poss,NONE,Pret,ObvSg,nindaangoshenyimibaniin,n<<daangosheny1>>imibaniin,JDN-2010-Nouns,,,
261,NAD,NAD_VVny,daangosheny,daangosheny1,ExclPoss,NONE,Poss,NONE,Pret,ObvSg,nindaangoshenyiminaabaniin,n<<daangosheny1>>iminaabaniin,JDN-2010-Nouns,,,
262,NAD,NAD_VVny,daangosheny,daangosheny1,InclPoss,NONE,Poss,NONE,Pret,ObvSg,gidaangoshenyiminaabaniin,g<<daangosheny1>>iminaabaniin,JDN-2010-Nouns,,,
263,NAD,NAD_VVny,daangosheny,daangosheny1,2SgPoss,NONE,Poss,NONE,Pret,ObvSg,gidaangoshenyimibaniin,g<<daangosheny1>>imibaniin,JDN-2010-Nouns,,,
264,NAD,NAD_VVny,daangosheny,daangosheny1,2PlPoss,NONE,Poss,NONE,Pret,ObvSg,gidaangoshenyimiwaabaniin,g<<daangosheny1>>imiwaabaniin,JDN-2010-Nouns,,,
265,NAD,NAD_VVny,daangosheny,daangosheny1,3SgProxPoss,NONE,Poss,NONE,Pret,ObvSg,odaangoshenyimibaniin,w<<daangosheny1>>imibaniin,JDN-2010-Nouns,,,
266,NAD,NAD_VVny,daangosheny,daangosheny1,3PlProxPoss,NONE,Poss,NONE,Pret,ObvSg,odaangoshenyimiwaabaniin,w<<daangosheny1>>imiwaabaniin,JDN-2010-Nouns,,,
267,NAD,NAD_VVny,daangosheny,daangosheny1,3SgObvPoss,NONE,Poss,NONE,Pret,ObvSg,odaangoshenyiminiban,w<<daangosheny1>>iminiban,JDN-2010-Nouns,,,
268,NAD,NAD_VVny,daangosheny,daangosheny1,3PlObvPoss,NONE,Poss,NONE,Pret,ObvSg,odaangoshenyiminiban,w<<daangosheny1>>iminiban,GUESS,,,
269,NAD,NAD_VVny,daangosheny,daangosheny1,1SgPoss,NONE,Poss,NONE,Pret,ObvPl,nindaangoshenyimibanii',n<<daangosheny1>>imibanii',JDN-2010-Nouns,,,
270,NAD,NAD_VVny,daangosheny,daangosheny1,ExclPoss,NONE,Poss,NONE,Pret,ObvPl,nindaangoshenyiminaabanii',n<<daangosheny1>>iminaabanii',JDN-2010-Nouns,,,
271,NAD,NAD_VVny,daangosheny,daangosheny1,InclPoss,NONE,Poss,NONE,Pret,ObvPl,gidaangoshenyiminaabanii',g<<daangosheny1>>iminaabanii',JDN-2010-Nouns,,,
272,NAD,NAD_VVny,daangosheny,daangosheny1,2SgPoss,NONE,Poss,NONE,Pret,ObvPl,gidaangoshenyimibanii',g<<daangosheny1>>imibanii',JDN-2010-Nouns,,,
273,NAD,NAD_VVny,daangosheny,daangosheny1,2PlPoss,NONE,Poss,NONE,Pret,ObvPl,gidaangoshenyimiwaabanii',g<<daangosheny1>>imiwaabanii',JDN-2010-Nouns,,,
274,NAD,NAD_VVny,daangosheny,daangosheny1,3SgProxPoss,NONE,Poss,NONE,Pret,ObvPl,odaangoshenyimibanii',w<<daangosheny1>>imibanii',JDN-2010-Nouns,,,
275,NAD,NAD_VVny,daangosheny,daangosheny1,3PlProxPoss,NONE,Poss,NONE,Pret,ObvPl,odaangoshenyimiwaabanii',w<<daangosheny1>>imiwaabanii',JDN-2010-Nouns,,,
276,NAD,NAD_VVny,daangosheny,daangosheny1,3SgObvPoss,NONE,Poss,NONE,Pret,ObvPl,odaangoshenyiminiban,w<<daangosheny1>>iminiban,JDN-2010-Nouns,,,
277,NAD,NAD_VVny,daangosheny,daangosheny1,3PlObvPoss,NONE,Poss,NONE,Pret,ObvPl,odaangoshenyiminiban,w<<daangosheny1>>iminiban,GUESS,,,
278,NAD,NAD_VVny,daangosheny,daangosheny1,1SgPoss,Dim,NONE,NONE,Pret,ProxSg,nindaangoshenyensiban,n<<daangosheny1>>ensiban,JDN-2010-Nouns,,,
279,NAD,NAD_VVny,daangosheny,daangosheny1,ExclPoss,Dim,NONE,NONE,Pret,ProxSg,nindaangoshenyensinaaban,n<<daangosheny1>>ensinaaban,JDN-2010-Nouns,,,
280,NAD,NAD_VVny,daangosheny,daangosheny1,InclPoss,Dim,NONE,NONE,Pret,ProxSg,gidaangoshenyensinaaban,g<<daangosheny1>>ensinaaban,JDN-2010-Nouns,,,
281,NAD,NAD_VVny,daangosheny,daangosheny1,2SgPoss,Dim,NONE,NONE,Pret,ProxSg,gidaangoshenyensiban,g<<daangosheny1>>ensiban,JDN-2010-Nouns,,,
282,NAD,NAD_VVny,daangosheny,daangosheny1,2PlPoss,Dim,NONE,NONE,Pret,ProxSg,gidaangoshenyensiwaaban,g<<daangosheny1>>ensiwaaban,JDN-2010-Nouns,,,
283,NAD,NAD_VVny,daangosheny,daangosheny1,1SgPoss,Dim,NONE,NONE,Pret,ProxPl,nindaangoshenyensibaniig,n<<daangosheny1>>ensibaniig,JDN-2010-Nouns,,,
284,NAD,NAD_VVny,daangosheny,daangosheny1,ExclPoss,Dim,NONE,NONE,Pret,ProxPl,nindaangoshenyensinaabaniig,n<<daangosheny1>>ensinaabaniig,JDN-2010-Nouns,,,
285,NAD,NAD_VVny,daangosheny,daangosheny1,InclPoss,Dim,NONE,NONE,Pret,ProxPl,gidaangoshenyensinaabaniig,g<<daangosheny1>>ensinaabaniig,JDN-2010-Nouns,,,
286,NAD,NAD_VVny,daangosheny,daangosheny1,2SgPoss,Dim,NONE,NONE,Pret,ProxPl,gidaangoshenyensibaniig,g<<daangosheny1>>ensibaniig,JDN-2010-Nouns,,,
287,NAD,NAD_VVny,daangosheny,daangosheny1,2PlPoss,Dim,NONE,NONE,Pret,ProxPl,gidaangoshenyensiwaabaniig,g<<daangosheny1>>ensiwaabaniig,JDN-2010-Nouns,,,
288,NAD,NAD_VVny,daangosheny,daangosheny1,1SgPoss,Dim,NONE,NONE,Pret,ObvSg,nindaangoshenyensibaniin,n<<daangosheny1>>ensibaniin,JDN-2010-Nouns,,,
289,NAD,NAD_VVny,daangosheny,daangosheny1,ExclPoss,Dim,NONE,NONE,Pret,ObvSg,nindaangoshenyensinaabaniin,n<<daangosheny1>>ensinaabaniin,JDN-2010-Nouns,,,
290,NAD,NAD_VVny,daangosheny,daangosheny1,InclPoss,Dim,NONE,NONE,Pret,ObvSg,gidaangoshenyensinaabaniin,g<<daangosheny1>>ensinaabaniin,JDN-2010-Nouns,,,
291,NAD,NAD_VVny,daangosheny,daangosheny1,2SgPoss,Dim,NONE,NONE,Pret,ObvSg,gidaangoshenyensibaniin,g<<daangosheny1>>ensibaniin,JDN-2010-Nouns,,,
292,NAD,NAD_VVny,daangosheny,daangosheny1,2PlPoss,Dim,NONE,NONE,Pret,ObvSg,gidaangoshenyensiwaabaniin,g<<daangosheny1>>ensiwaabaniin,JDN-2010-Nouns,,,
293,NAD,NAD_VVny,daangosheny,daangosheny1,3SgProxPoss,Dim,NONE,NONE,Pret,ObvSg,odaangoshenyensibaniin,w<<daangosheny1>>ensibaniin,JDN-2010-Nouns,,,
294,NAD,NAD_VVny,daangosheny,daangosheny1,3PlProxPoss,Dim,NONE,NONE,Pret,ObvSg,odaangoshenyensiwaabaniin,w<<daangosheny1>>ensiwaabaniin,JDN-2010-Nouns,,,
295,NAD,NAD_VVny,daangosheny,daangosheny1,3SgObvPoss,Dim,NONE,NONE,Pret,ObvSg,odaangoshenyensiniban,w<<daangosheny1>>ensiniban,JDN-2010-Nouns,,,
296,NAD,NAD_VVny,daangosheny,daangosheny1,3PlObvPoss,Dim,NONE,NONE,Pret,ObvSg,odaangoshenyensiniban,w<<daangosheny1>>ensiniban,GUESS,,,
297,NAD,NAD_VVny,daangosheny,daangosheny1,1SgPoss,Dim,NONE,NONE,Pret,ObvPl,nindaangoshenyensibanii',n<<daangosheny1>>ensibanii',JDN-2010-Nouns,,,
298,NAD,NAD_VVny,daangosheny,daangosheny1,ExclPoss,Dim,NONE,NONE,Pret,ObvPl,nindaangoshenyensinaabanii',n<<daangosheny1>>ensinaabanii',JDN-2010-Nouns,,,
299,NAD,NAD_VVny,daangosheny,daangosheny1,InclPoss,Dim,NONE,NONE,Pret,ObvPl,gidaangoshenyensinaabanii',g<<daangosheny1>>ensinaabanii',JDN-2010-Nouns,,,
300,NAD,NAD_VVny,daangosheny,daangosheny1,2SgPoss,Dim,NONE,NONE,Pret,ObvPl,gidaangoshenyensibanii',g<<daangosheny1>>ensibanii',JDN-2010-Nouns,,,
301,NAD,NAD_VVny,daangosheny,daangosheny1,2PlPoss,Dim,NONE,NONE,Pret,ObvPl,gidaangoshenyensiwaabanii',g<<daangosheny1>>ensiwaabanii',JDN-2010-Nouns,,,
302,NAD,NAD_VVny,daangosheny,daangosheny1,3SgProxPoss,Dim,NONE,NONE,Pret,ObvPl,odaangoshenyensibanii',w<<daangosheny1>>ensibanii',JDN-2010-Nouns,,,
303,NAD,NAD_VVny,daangosheny,daangosheny1,3PlProxPoss,Dim,NONE,NONE,Pret,ObvPl,odaangoshenyensiwaabanii',w<<daangosheny1>>ensiwaabanii',JDN-2010-Nouns,,,
304,NAD,NAD_VVny,daangosheny,daangosheny1,3SgObvPoss,Dim,NONE,NONE,Pret,ObvPl,odaangoshenyensiniban,w<<daangosheny1>>ensiniban,JDN-2010-Nouns,,,
305,NAD,NAD_VVny,daangosheny,daangosheny1,3PlObvPoss,Dim,NONE,NONE,Pret,ObvPl,odaangoshenyensiniban,w<<daangosheny1>>ensiniban,GUESS,,,
306,NAD,NAD_VVny,daangosheny,daangosheny1,1SgPoss,Dim,Poss,NONE,Pret,ProxSg,nindaangoshenyensimiban,n<<daangosheny1>>ensimiban,JDN-2010-Nouns,,,
307,NAD,NAD_VVny,daangosheny,daangosheny1,ExclPoss,Dim,Poss,NONE,Pret,ProxSg,nindaangoshenyensiminaaban,n<<daangosheny1>>ensiminaaban,JDN-2010-Nouns,,,
308,NAD,NAD_VVny,daangosheny,daangosheny1,InclPoss,Dim,Poss,NONE,Pret,ProxSg,gidaangoshenyensiminaaban,g<<daangosheny1>>ensiminaaban,JDN-2010-Nouns,,,
309,NAD,NAD_VVny,daangosheny,daangosheny1,2SgPoss,Dim,Poss,NONE,Pret,ProxSg,gidaangoshenyensimiban,g<<daangosheny1>>ensimiban,JDN-2010-Nouns,,,
310,NAD,NAD_VVny,daangosheny,daangosheny1,2PlPoss,Dim,Poss,NONE,Pret,ProxSg,gidaangoshenyensimiwaaban,g<<daangosheny1>>ensimiwaaban,JDN-2010-Nouns,,,
311,NAD,NAD_VVny,daangosheny,daangosheny1,1SgPoss,Dim,Poss,NONE,Pret,ProxPl,nindaangoshenyensimibaniig,n<<daangosheny1>>ensimibaniig,JDN-2010-Nouns,,,
312,NAD,NAD_VVny,daangosheny,daangosheny1,ExclPoss,Dim,Poss,NONE,Pret,ProxPl,nindaangoshenyensiminaabaniig,n<<daangosheny1>>ensiminaabaniig,JDN-2010-Nouns,,,
313,NAD,NAD_VVny,daangosheny,daangosheny1,InclPoss,Dim,Poss,NONE,Pret,ProxPl,gidaangoshenyensiminaabaniig,g<<daangosheny1>>ensiminaabaniig,JDN-2010-Nouns,,,
314,NAD,NAD_VVny,daangosheny,daangosheny1,2SgPoss,Dim,Poss,NONE,Pret,ProxPl,gidaangoshenyensimibaniig,g<<daangosheny1>>ensimibaniig,JDN-2010-Nouns,,,
315,NAD,NAD_VVny,daangosheny,daangosheny1,2PlPoss,Dim,Poss,NONE,Pret,ProxPl,gidaangoshenyensimiwaabaniig,g<<daangosheny1>>ensimiwaabaniig,JDN-2010-Nouns,,,
316,NAD,NAD_VVny,daangosheny,daangosheny1,1SgPoss,Dim,Poss,NONE,Pret,ObvSg,nindaangoshenyensimibaniin,n<<daangosheny1>>ensimibaniin,JDN-2010-Nouns,,,
317,NAD,NAD_VVny,daangosheny,daangosheny1,ExclPoss,Dim,Poss,NONE,Pret,ObvSg,nindaangoshenyensiminaabaniin,n<<daangosheny1>>ensiminaabaniin,JDN-2010-Nouns,,,
318,NAD,NAD_VVny,daangosheny,daangosheny1,InclPoss,Dim,Poss,NONE,Pret,ObvSg,gidaangoshenyensiminaabaniin,g<<daangosheny1>>ensiminaabaniin,JDN-2010-Nouns,,,
319,NAD,NAD_VVny,daangosheny,daangosheny1,2SgPoss,Dim,Poss,NONE,Pret,ObvSg,gidaangoshenyensimibaniin,g<<daangosheny1>>ensimibaniin,JDN-2010-Nouns,,,
320,NAD,NAD_VVny,daangosheny,daangosheny1,2PlPoss,Dim,Poss,NONE,Pret,ObvSg,gidaangoshenyensimiwaabaniin,g<<daangosheny1>>ensimiwaabaniin,JDN-2010-Nouns,,,
321,NAD,NAD_VVny,daangosheny,daangosheny1,3SgProxPoss,Dim,Poss,NONE,Pret,ObvSg,odaangoshenyensimibaniin,w<<daangosheny1>>ensimibaniin,JDN-2010-Nouns,,,
322,NAD,NAD_VVny,daangosheny,daangosheny1,3PlProxPoss,Dim,Poss,NONE,Pret,ObvSg,odaangoshenyensimiwaabaniin,w<<daangosheny1>>ensimiwaabaniin,JDN-2010-Nouns,,,
323,NAD,NAD_VVny,daangosheny,daangosheny1,3SgObvPoss,Dim,Poss,NONE,Pret,ObvSg,odaangoshenyensiminiban,w<<daangosheny1>>ensiminiban,JDN-2010-Nouns,,,
324,NAD,NAD_VVny,daangosheny,daangosheny1,3PlObvPoss,Dim,Poss,NONE,Pret,ObvSg,odaangoshenyensiminiban,w<<daangosheny1>>ensiminiban,GUESS,,,
325,NAD,NAD_VVny,daangosheny,daangosheny1,1SgPoss,Dim,Poss,NONE,Pret,ObvPl,nindaangoshenyensimibanii',n<<daangosheny1>>ensimibanii',JDN-2010-Nouns,,,
326,NAD,NAD_VVny,daangosheny,daangosheny1,ExclPoss,Dim,Poss,NONE,Pret,ObvPl,nindaangoshenyensiminaabanii',n<<daangosheny1>>ensiminaabanii',JDN-2010-Nouns,,,
327,NAD,NAD_VVny,daangosheny,daangosheny1,InclPoss,Dim,Poss,NONE,Pret,ObvPl,gidaangoshenyensiminaabanii',g<<daangosheny1>>ensiminaabanii',JDN-2010-Nouns,,,
328,NAD,NAD_VVny,daangosheny,daangosheny1,2SgPoss,Dim,Poss,NONE,Pret,ObvPl,gidaangoshenyensimibanii',g<<daangosheny1>>ensimibanii',JDN-2010-Nouns,,,
329,NAD,NAD_VVny,daangosheny,daangosheny1,2PlPoss,Dim,Poss,NONE,Pret,ObvPl,gidaangoshenyensimiwaabanii',g<<daangosheny1>>ensimiwaabanii',JDN-2010-Nouns,,,
330,NAD,NAD_VVny,daangosheny,daangosheny1,3SgProxPoss,Dim,Poss,NONE,Pret,ObvPl,odaangoshenyensimibanii',w<<daangosheny1>>ensimibanii',JDN-2010-Nouns,,,
331,NAD,NAD_VVny,daangosheny,daangosheny1,3PlProxPoss,Dim,Poss,NONE,Pret,ObvPl,odaangoshenyensimiwaabanii',w<<daangosheny1>>ensimiwaabanii',JDN-2010-Nouns,,,
332,NAD,NAD_VVny,daangosheny,daangosheny1,3SgObvPoss,Dim,Poss,NONE,Pret,ObvPl,odaangoshenyensiminiban,w<<daangosheny1>>ensiminiban,JDN-2010-Nouns,,,
333,NAD,NAD_VVny,daangosheny,daangosheny1,3PlObvPoss,Dim,Poss,NONE,Pret,ObvPl,odaangoshenyensiminiban,w<<daangosheny1>>ensiminiban,GUESS,,,
334,NAD,NAD_VVny,daangosheny,daangosheny1,1SgPoss,Dim,NONE,Pej,NONE,ProxSg,nindaangoshenyenzhish,n<<daangosheny1>>enzhish,JDN-2010-Nouns,,,
335,NAD,NAD_VVny,daangosheny,daangosheny1,ExclPoss,Dim,NONE,Pej,NONE,ProxSg,nindaangoshenyenzhishinaan,n<<daangosheny1>>enzhishinaan,JDN-2010-Nouns,,,
336,NAD,NAD_VVny,daangosheny,daangosheny1,InclPoss,Dim,NONE,Pej,NONE,ProxSg,gidaangoshenyenzhishinaan,g<<daangosheny1>>enzhishinaan,JDN-2010-Nouns,,,
337,NAD,NAD_VVny,daangosheny,daangosheny1,2SgPoss,Dim,NONE,Pej,NONE,ProxSg,gidaangoshenyenzhish,g<<daangosheny1>>enzhish,JDN-2010-Nouns,,,
338,NAD,NAD_VVny,daangosheny,daangosheny1,2PlPoss,Dim,NONE,Pej,NONE,ProxSg,gidaangoshenyenzhishiwaa,g<<daangosheny1>>enzhishiwaa,JDN-2010-Nouns,,,
339,NAD,NAD_VVny,daangosheny,daangosheny1,1SgPoss,Dim,NONE,Pej,NONE,ProxPl,nindaangoshenyenzhishag,n<<daangosheny1>>enzhishag,JDN-2010-Nouns,,,
340,NAD,NAD_VVny,daangosheny,daangosheny1,ExclPoss,Dim,NONE,Pej,NONE,ProxPl,nindaangoshenyenzhishinaanig,n<<daangosheny1>>enzhishinaanig,JDN-2010-Nouns,,,
341,NAD,NAD_VVny,daangosheny,daangosheny1,InclPoss,Dim,NONE,Pej,NONE,ProxPl,gidaangoshenyenzhishinaanig,g<<daangosheny1>>enzhishinaanig,JDN-2010-Nouns,,,
342,NAD,NAD_VVny,daangosheny,daangosheny1,2SgPoss,Dim,NONE,Pej,NONE,ProxPl,gidaangoshenyenzhishag,g<<daangosheny1>>enzhishag,JDN-2010-Nouns,,,
343,NAD,NAD_VVny,daangosheny,daangosheny1,2PlPoss,Dim,NONE,Pej,NONE,ProxPl,gidaangoshenyenzhishiwaag,g<<daangosheny1>>enzhishiwaag,JDN-2010-Nouns,,,
344,NAD,NAD_VVny,daangosheny,daangosheny1,1SgPoss,Dim,NONE,Pej,NONE,ObvSg,nindaangoshenyenzhishan,n<<daangosheny1>>enzhishan,JDN-2010-Nouns,,,
345,NAD,NAD_VVny,daangosheny,daangosheny1,ExclPoss,Dim,NONE,Pej,NONE,ObvSg,nindaangoshenyenzhishinaanin,n<<daangosheny1>>enzhishinaanin,JDN-2010-Nouns,,,
346,NAD,NAD_VVny,daangosheny,daangosheny1,InclPoss,Dim,NONE,Pej,NONE,ObvSg,gidaangoshenyenzhishinaanin,g<<daangosheny1>>enzhishinaanin,JDN-2010-Nouns,,,
347,NAD,NAD_VVny,daangosheny,daangosheny1,2SgPoss,Dim,NONE,Pej,NONE,ObvSg,gidaangoshenyenzhishan,g<<daangosheny1>>enzhishan,JDN-2010-Nouns,,,
348,NAD,NAD_VVny,daangosheny,daangosheny1,2PlPoss,Dim,NONE,Pej,NONE,ObvSg,gidaangoshenyenzhishiwaan,g<<daangosheny1>>enzhishiwaan,JDN-2010-Nouns,,,
349,NAD,NAD_VVny,daangosheny,daangosheny1,3SgProxPoss,Dim,NONE,Pej,NONE,ObvSg,odaangoshenyenzhishan,w<<daangosheny1>>enzhishan,JDN-2010-Nouns,,,
350,NAD,NAD_VVny,daangosheny,daangosheny1,3PlProxPoss,Dim,NONE,Pej,NONE,ObvSg,odaangoshenyenzhishiwaan,w<<daangosheny1>>enzhishiwaan,JDN-2010-Nouns,,,
351,NAD,NAD_VVny,daangosheny,daangosheny1,3SgObvPoss,Dim,NONE,Pej,NONE,ObvSg,odaangoshenyenzhishini,w<<daangosheny1>>enzhishiniw1,JDN-2010-Nouns,,,
352,NAD,NAD_VVny,daangosheny,daangosheny1,3PlObvPoss,Dim,NONE,Pej,NONE,ObvSg,odaangoshenyenzhishini,w<<daangosheny1>>enzhishiniw1,GUESS,,,
353,NAD,NAD_VVny,daangosheny,daangosheny1,1SgPoss,Dim,NONE,Pej,NONE,ObvPl,nindaangoshenyenzhisha',n<<daangosheny1>>enzhisha',JDN-2010-Nouns,,,
354,NAD,NAD_VVny,daangosheny,daangosheny1,ExclPoss,Dim,NONE,Pej,NONE,ObvPl,nindaangoshenyenzhishinaani',n<<daangosheny1>>enzhishinaani',JDN-2010-Nouns,,,
355,NAD,NAD_VVny,daangosheny,daangosheny1,InclPoss,Dim,NONE,Pej,NONE,ObvPl,gidaangoshenyenzhishinaani',g<<daangosheny1>>enzhishinaani',JDN-2010-Nouns,,,
356,NAD,NAD_VVny,daangosheny,daangosheny1,2SgPoss,Dim,NONE,Pej,NONE,ObvPl,gidaangoshenyenzhisha',g<<daangosheny1>>enzhisha',JDN-2010-Nouns,,,
357,NAD,NAD_VVny,daangosheny,daangosheny1,2PlPoss,Dim,NONE,Pej,NONE,ObvPl,gidaangoshenyenzhishiwaa',g<<daangosheny1>>enzhishiwaa',JDN-2010-Nouns,,,
358,NAD,NAD_VVny,daangosheny,daangosheny1,3SgProxPoss,Dim,NONE,Pej,NONE,ObvPl,odaangoshenyenzhisha',w<<daangosheny1>>enzhisha',JDN-2010-Nouns,,,
359,NAD,NAD_VVny,daangosheny,daangosheny1,3PlProxPoss,Dim,NONE,Pej,NONE,ObvPl,odaangoshenyenzhishiwaa',w<<daangosheny1>>enzhishiwaa',JDN-2010-Nouns,,,
360,NAD,NAD_VVny,daangosheny,daangosheny1,3SgObvPoss,Dim,NONE,Pej,NONE,ObvPl,odaangoshenyenzhishini,w<<daangosheny1>>enzhishiniw1,JDN-2010-Nouns,,,
361,NAD,NAD_VVny,daangosheny,daangosheny1,3PlObvPoss,Dim,NONE,Pej,NONE,ObvPl,odaangoshenyenzhishini,w<<daangosheny1>>enzhishiniw1,GUESS,,,
362,NAD,NAD_VVny,daangosheny,daangosheny1,1SgPoss,Dim,NONE,Pej,NONE,Loc,nindaangoshenyenzhishing,n<<daangosheny1>>enzhishing,JDN-2010-Nouns,,,
363,NAD,NAD_VVny,daangosheny,daangosheny1,ExclPoss,Dim,NONE,Pej,NONE,Loc,nindaangoshenyenzhishinaang,n<<daangosheny1>>enzhishinaang,JDN-2010-Nouns,,,
364,NAD,NAD_VVny,daangosheny,daangosheny1,InclPoss,Dim,NONE,Pej,NONE,Loc,gidaangoshenyenzhishinaang,g<<daangosheny1>>enzhishinaang,JDN-2010-Nouns,,,
365,NAD,NAD_VVny,daangosheny,daangosheny1,2SgPoss,Dim,NONE,Pej,NONE,Loc,gidaangoshenyenzhishing,g<<daangosheny1>>enzhishing,JDN-2010-Nouns,,,
366,NAD,NAD_VVny,daangosheny,daangosheny1,2PlPoss,Dim,NONE,Pej,NONE,Loc,gidaangoshenyenzhishiwaang,g<<daangosheny1>>enzhishiwaang,JDN-2010-Nouns,,,
367,NAD,NAD_VVny,daangosheny,daangosheny1,3SgProxPoss,Dim,NONE,Pej,NONE,Loc,odaangoshenyenzhishing,w<<daangosheny1>>enzhishing,JDN-2010-Nouns,,,
368,NAD,NAD_VVny,daangosheny,daangosheny1,3PlProxPoss,Dim,NONE,Pej,NONE,Loc,odaangoshenyenzhishiwaang,w<<daangosheny1>>enzhishiwaang,JDN-2010-Nouns,,,
369,NAD,NAD_VVny,daangosheny,daangosheny1,3SgObvPoss,Dim,NONE,Pej,NONE,Loc,odaangoshenyenzhishining,w<<daangosheny1>>enzhishining,JDN-2010-Nouns,,,
370,NAD,NAD_VVny,daangosheny,daangosheny1,3PlObvPoss,Dim,NONE,Pej,NONE,Loc,odaangoshenyenzhishining,w<<daangosheny1>>enzhishining,GUESS,,,
371,NAD,NAD_VVny,daangosheny,daangosheny1,1SgPoss,Dim,Poss,Pej,NONE,ProxSg,nindaangoshenyensimish,n<<daangosheny1>>ensimish,JDN-2010-Nouns,,,
372,NAD,NAD_VVny,daangosheny,daangosheny1,ExclPoss,Dim,Poss,Pej,NONE,ProxSg,nindaangoshenyensimishinaan,n<<daangosheny1>>ensimishinaan,JDN-2010-Nouns,,,
373,NAD,NAD_VVny,daangosheny,daangosheny1,InclPoss,Dim,Poss,Pej,NONE,ProxSg,gidaangoshenyensimishinaan,g<<daangosheny1>>ensimishinaan,JDN-2010-Nouns,,,
374,NAD,NAD_VVny,daangosheny,daangosheny1,2SgPoss,Dim,Poss,Pej,NONE,ProxSg,gidaangoshenyensimishinaan,g<<daangosheny1>>ensimishinaan,JDN-2010-Nouns,,,
375,NAD,NAD_VVny,daangosheny,daangosheny1,2PlPoss,Dim,Poss,Pej,NONE,ProxSg,gidaangoshenyensimishiwaa,g<<daangosheny1>>ensimishiwaa,JDN-2010-Nouns,,,
376,NAD,NAD_VVny,daangosheny,daangosheny1,1SgPoss,Dim,Poss,Pej,NONE,ProxPl,nindaangoshenyensimishag,n<<daangosheny1>>ensimishag,JDN-2010-Nouns,,,
377,NAD,NAD_VVny,daangosheny,daangosheny1,ExclPoss,Dim,Poss,Pej,NONE,ProxPl,nindaangoshenyensimishinaanig,n<<daangosheny1>>ensimishinaanig,JDN-2010-Nouns,,,
378,NAD,NAD_VVny,daangosheny,daangosheny1,InclPoss,Dim,Poss,Pej,NONE,ProxPl,gidaangoshenyensimishinaanig,g<<daangosheny1>>ensimishinaanig,JDN-2010-Nouns,,,
379,NAD,NAD_VVny,daangosheny,daangosheny1,2SgPoss,Dim,Poss,Pej,NONE,ProxPl,gidaangoshenyensimishag,g<<daangosheny1>>ensimishag,JDN-2010-Nouns,,,
380,NAD,NAD_VVny,daangosheny,daangosheny1,2PlPoss,Dim,Poss,Pej,NONE,ProxPl,gidaangoshenyensimishiwaag,g<<daangosheny1>>ensimishiwaag,JDN-2010-Nouns,,,
381,NAD,NAD_VVny,daangosheny,daangosheny1,1SgPoss,Dim,Poss,Pej,NONE,ObvSg,nindaangoshenyensimishan,n<<daangosheny1>>ensimishan,JDN-2010-Nouns,,,
382,NAD,NAD_VVny,daangosheny,daangosheny1,ExclPoss,Dim,Poss,Pej,NONE,ObvSg,nindaangoshenyensimishinaanin,n<<daangosheny1>>ensimishinaanin,JDN-2010-Nouns,,,
383,NAD,NAD_VVny,daangosheny,daangosheny1,InclPoss,Dim,Poss,Pej,NONE,ObvSg,gidaangoshenyensimishinaanin,g<<daangosheny1>>ensimishinaanin,JDN-2010-Nouns,,,
384,NAD,NAD_VVny,daangosheny,daangosheny1,2SgPoss,Dim,Poss,Pej,NONE,ObvSg,gidaangoshenyensimishan,g<<daangosheny1>>ensimishan,JDN-2010-Nouns,,,
385,NAD,NAD_VVny,daangosheny,daangosheny1,2PlPoss,Dim,Poss,Pej,NONE,ObvSg,gidaangoshenyensimishiwaan,g<<daangosheny1>>ensimishiwaan,JDN-2010-Nouns,,,
386,NAD,NAD_VVny,daangosheny,daangosheny1,3SgProxPoss,Dim,Poss,Pej,NONE,ObvSg,odaangoshenyensimishan,w<<daangosheny1>>ensimishan,JDN-2010-Nouns,,,
387,NAD,NAD_VVny,daangosheny,daangosheny1,3PlProxPoss,Dim,Poss,Pej,NONE,ObvSg,odaangoshenyensimishiwaan,w<<daangosheny1>>ensimishiwaan,JDN-2010-Nouns,,,
388,NAD,NAD_VVny,daangosheny,daangosheny1,3SgObvPoss,Dim,Poss,Pej,NONE,ObvSg,odaangoshenyensimishini,w<<daangosheny1>>ensimishiniw1,JDN-2010-Nouns,,,
389,NAD,NAD_VVny,daangosheny,daangosheny1,3PlObvPoss,Dim,Poss,Pej,NONE,ObvSg,odaangoshenyensimishini,w<<daangosheny1>>ensimishiniw1,GUESS,,,
390,NAD,NAD_VVny,daangosheny,daangosheny1,1SgPoss,Dim,Poss,Pej,NONE,ObvPl,nindaangoshenyensimisha',n<<daangosheny1>>ensimisha',JDN-2010-Nouns,,,
391,NAD,NAD_VVny,daangosheny,daangosheny1,ExclPoss,Dim,Poss,Pej,NONE,ObvPl,nindaangoshenyensimishinaani',n<<daangosheny1>>ensimishinaani',JDN-2010-Nouns,,,
392,NAD,NAD_VVny,daangosheny,daangosheny1,InclPoss,Dim,Poss,Pej,NONE,ObvPl,gidaangoshenyensimishinaani',g<<daangosheny1>>ensimishinaani',JDN-2010-Nouns,,,
393,NAD,NAD_VVny,daangosheny,daangosheny1,2SgPoss,Dim,Poss,Pej,NONE,ObvPl,gidaangoshenyensimisha',g<<daangosheny1>>ensimisha',JDN-2010-Nouns,,,
394,NAD,NAD_VVny,daangosheny,daangosheny1,2PlPoss,Dim,Poss,Pej,NONE,ObvPl,gidaangoshenyensimishiwaa',g<<daangosheny1>>ensimishiwaa',JDN-2010-Nouns,,,
395,NAD,NAD_VVny,daangosheny,daangosheny1,3SgProxPoss,Dim,Poss,Pej,NONE,ObvPl,odaangoshenyensimisha',w<<daangosheny1>>ensimisha',JDN-2010-Nouns,,,
396,NAD,NAD_VVny,daangosheny,daangosheny1,3PlProxPoss,Dim,Poss,Pej,NONE,ObvPl,odaangoshenyensimishiwaa',w<<daangosheny1>>ensimishiwaa',JDN-2010-Nouns,,,
397,NAD,NAD_VVny,daangosheny,daangosheny1,3SgObvPoss,Dim,Poss,Pej,NONE,ObvPl,odaangoshenyensimishini,w<<daangosheny1>>ensimishiniw1,JDN-2010-Nouns,,,
398,NAD,NAD_VVny,daangosheny,daangosheny1,3PlObvPoss,Dim,Poss,Pej,NONE,ObvPl,odaangoshenyensimishini,w<<daangosheny1>>ensimishiniw1,GUESS,,,
399,NAD,NAD_VVny,daangosheny,daangosheny1,1SgPoss,Dim,Poss,Pej,NONE,Loc,nindaangoshenyensimishing,n<<daangosheny1>>ensimishing,JDN-2010-Nouns,,,
400,NAD,NAD_VVny,daangosheny,daangosheny1,ExclPoss,Dim,Poss,Pej,NONE,Loc,nindaangoshenyensimishinaang,n<<daangosheny1>>ensimishinaang,JDN-2010-Nouns,,,
401,NAD,NAD_VVny,daangosheny,daangosheny1,InclPoss,Dim,Poss,Pej,NONE,Loc,gidaangoshenyensimishinaang,g<<daangosheny1>>ensimishinaang,JDN-2010-Nouns,,,
402,NAD,NAD_VVny,daangosheny,daangosheny1,2SgPoss,Dim,Poss,Pej,NONE,Loc,gidaangoshenyensimishing,g<<daangosheny1>>ensimishing,JDN-2010-Nouns,,,
403,NAD,NAD_VVny,daangosheny,daangosheny1,2PlPoss,Dim,Poss,Pej,NONE,Loc,gidaangoshenyensimishiwaang,g<<daangosheny1>>ensimishiwaang,JDN-2010-Nouns,,,
404,NAD,NAD_VVny,daangosheny,daangosheny1,3SgProxPoss,Dim,Poss,Pej,NONE,Loc,odaangoshenyensimishing,w<<daangosheny1>>ensimishing,JDN-2010-Nouns,,,
405,NAD,NAD_VVny,daangosheny,daangosheny1,3PlProxPoss,Dim,Poss,Pej,NONE,Loc,odaangoshenyensimishiwaang,w<<daangosheny1>>ensimishiwaang,JDN-2010-Nouns,,,
406,NAD,NAD_VVny,daangosheny,daangosheny1,3SgObvPoss,Dim,Poss,Pej,NONE,Loc,odaangoshenyensimishining,w<<daangosheny1>>ensimishining,JDN-2010-Nouns,,,
407,NAD,NAD_VVny,daangosheny,daangosheny1,3PlObvPoss,Dim,Poss,Pej,NONE,Loc,odaangoshenyensimishining,w<<daangosheny1>>ensimishining,GUESS,,,
