Paradigm,Class,Lemma,Stem,PersPoss,Dim,Poss,Pej,Pret,Basic,Form1Surface,Form1Split,Form1Source,Form2Surface,Form2Split,Form2Source,Form3Surface,Form3Split,Form3Source,Form4Surface,Form4Split,Form4Source
NI,NI_Kana,miikana,miikan,NONE,NONE,NONE,NONE,NONE,Loc,miikanaang,<<miikan>>aang,OPD,,,,,,,,,
NI,NI_Kana,miikana,miikan,NONE,Dim,NONE,NONE,NONE,Loc,miikanensing,<<miikan>>ensing,OPD,miikanaansing,<<miikan>>aansing,OPD,,,,,,
NI,NI_Kana,miikana,miikan,NONE,NONE,NONE,Pej,NONE,Loc,miikanaashing,<<miikan>>aashing,OPD,,,,,,,,,
NI,NI_Kana,miikana,miikan,NONE,Dim,NONE,Pej,NONE,Loc,miikanenzhishing,<<miikan>>enzhishing,OPD,miikanaanzhishing,<<miikan>>aanzhishing,OPD,,,,,,
NI,NI_Kana,miikana,miikan,1SgPoss,NONE,NONE,NONE,NONE,Loc,nimiikanaang,ni<<miikan>>aang,OPD,,,,,,,,,
NI,NI_Kana,miikana,miikan,ExclPoss,NONE,NONE,NONE,NONE,Loc,nimiikanaanaang,ni<<miikan>>aanaang,OPD,,,,,,,,,
NI,NI_Kana,miikana,miikan,InclPoss,NONE,NONE,NONE,NONE,Loc,gimiikanaanaang,gi<<miikan>>aanaang,OPD,,,,,,,,,
NI,NI_Kana,miikana,miikan,2SgPoss,NONE,NONE,NONE,NONE,Loc,gimiikanaang,gi<<miikan>>aang,OPD,,,,,,,,,
NI,NI_Kana,miikana,miikan,2PlPoss,NONE,NONE,NONE,NONE,Loc,gimiikanaawaang,gi<<miikan>>aawaang,OPD,,,,,,,,,
NI,NI_Kana,miikana,miikan,3SgProxPoss,NONE,NONE,NONE,NONE,Loc,omiikanaang,o<<miikan>>aang,OPD,,,,,,,,,
NI,NI_Kana,miikana,miikan,3PlProxPoss,NONE,NONE,NONE,NONE,Loc,omiikanaawaang,o<<miikan>>aawaang,OPD,,,,,,,,,
NI,NI_Kana,miikana,miikan,3SgObvPoss,NONE,NONE,NONE,NONE,Loc,omiikanaaning,o<<miikan>>aaning,OPD,,,,,,,,,
NI,NI_Kana,miikana,miikan,3PlObvPoss,NONE,NONE,NONE,NONE,Loc,omiikanaaning,o<<miikan>>aaning,GUESS,,,,,,,,,
NI,NI_Kana,miikana,miikan,1SgPoss,NONE,Poss,NONE,NONE,Loc,nimiikanaaming,ni<<miikan>>aaming,OPD,,,,,,,,,
NI,NI_Kana,miikana,miikan,ExclPoss,NONE,Poss,NONE,NONE,Loc,nimiikanaaminaang,ni<<miikan>>aaminaang,OPD,,,,,,,,,
NI,NI_Kana,miikana,miikan,InclPoss,NONE,Poss,NONE,NONE,Loc,gimiikanaaminaang,gi<<miikan>>aaminaang,OPD,,,,,,,,,
NI,NI_Kana,miikana,miikan,2SgPoss,NONE,Poss,NONE,NONE,Loc,gimiikanaaming,gi<<miikan>>aaming,OPD,,,,,,,,,
NI,NI_Kana,miikana,miikan,2PlPoss,NONE,Poss,NONE,NONE,Loc,gimiikanaamiwaang,gi<<miikan>>aamiwaang,OPD,,,,,,,,,
NI,NI_Kana,miikana,miikan,3SgProxPoss,NONE,Poss,NONE,NONE,Loc,omiikanaaming,o<<miikan>>aaming,OPD,,,,,,,,,
NI,NI_Kana,miikana,miikan,3PlProxPoss,NONE,Poss,NONE,NONE,Loc,omiikanaamiwaang,o<<miikan>>aamiwaang,OPD,,,,,,,,,
NI,NI_Kana,miikana,miikan,3SgObvPoss,NONE,Poss,NONE,NONE,Loc,omiikanaamining,o<<miikan>>aamining,OPD,,,,,,,,,
NI,NI_Kana,miikana,miikan,3PlObvPoss,NONE,Poss,NONE,NONE,Loc,omiikanaamining,o<<miikan>>aamining,GUESS,,,,,,,,,
NI,NI_Kana,miikana,miikan,1SgPoss,Dim,NONE,NONE,NONE,Loc,nimiikanensing,ni<<miikan>>ensing,OPD,nimiikanaansing,ni<<miikan>>aansing,OPD,,,,,,
NI,NI_Kana,miikana,miikan,ExclPoss,Dim,NONE,NONE,NONE,Loc,nimiikanensinaang,ni<<miikan>>ensinaang,OPD,nimiikanaansinaang,ni<<miikan>>aansinaang,OPD,,,,,,
NI,NI_Kana,miikana,miikan,InclPoss,Dim,NONE,NONE,NONE,Loc,gimiikanensinaang,gi<<miikan>>ensinaang,OPD,gimiikanaansinaang,gi<<miikan>>aansinaang,OPD,,,,,,
NI,NI_Kana,miikana,miikan,2SgPoss,Dim,NONE,NONE,NONE,Loc,gimiikanensing,gi<<miikan>>ensing,OPD,gimiikanaansing,gi<<miikan>>aansing,OPD,,,,,,
NI,NI_Kana,miikana,miikan,2PlPoss,Dim,NONE,NONE,NONE,Loc,gimiikanensiwaang,gi<<miikan>>ensiwaang,OPD,gimiikanaansiwaang,gi<<miikan>>aansiwaang,OPD,,,,,,
NI,NI_Kana,miikana,miikan,3SgProxPoss,Dim,NONE,NONE,NONE,Loc,omiikanensing,o<<miikan>>ensing,OPD,omiikanaansing,o<<miikan>>aansing,OPD,,,,,,
NI,NI_Kana,miikana,miikan,3PlProxPoss,Dim,NONE,NONE,NONE,Loc,omiikanensiwaang,o<<miikan>>ensiwaang,OPD,omiikanaansiwaang,o<<miikan>>aansiwaang,OPD,,,,,,
NI,NI_Kana,miikana,miikan,3SgObvPoss,Dim,NONE,NONE,NONE,Loc,omiikanensining,o<<miikan>>ensining,OPD,omiikanaansining,o<<miikan>>aansining,OPD,,,,,,
NI,NI_Kana,miikana,miikan,3PlObvPoss,Dim,NONE,NONE,NONE,Loc,omiikanensining,o<<miikan>>ensining,GUESS,omiikanaansining,o<<miikan>>aansining,GUESS,,,,,,
NI,NI_Kana,miikana,miikan,1SgPoss,Dim,Poss,NONE,NONE,Loc,nimiikanensiming,ni<<miikan>>ensiming,OPD,nimiikanaansiming,ni<<miikan>>aansiming,OPD,,,,,,
NI,NI_Kana,miikana,miikan,ExclPoss,Dim,Poss,NONE,NONE,Loc,nimiikanensiminaang,ni<<miikan>>ensiminaang,OPD,nimiikanaansiminaang,ni<<miikan>>aansiminaang,OPD,,,,,,
NI,NI_Kana,miikana,miikan,InclPoss,Dim,Poss,NONE,NONE,Loc,gimiikanensiminaang,gi<<miikan>>ensiminaang,OPD,gimiikanaansiminaang,gi<<miikan>>aansiminaang,OPD,,,,,,
NI,NI_Kana,miikana,miikan,2SgPoss,Dim,Poss,NONE,NONE,Loc,gimiikanensiming,gi<<miikan>>ensiming,OPD,gimiikanaansiming,gi<<miikan>>aansiming,OPD,,,,,,
NI,NI_Kana,miikana,miikan,2PlPoss,Dim,Poss,NONE,NONE,Loc,gimiikanensimiwaang,gi<<miikan>>ensimiwaang,OPD,gimiikanaansimiwaang,gi<<miikan>>aansimiwaang,OPD,,,,,,
NI,NI_Kana,miikana,miikan,3SgProxPoss,Dim,Poss,NONE,NONE,Loc,omiikanensiming,o<<miikan>>ensiming,OPD,omiikanaansiming,o<<miikan>>aansiming,OPD,,,,,,
NI,NI_Kana,miikana,miikan,3PlProxPoss,Dim,Poss,NONE,NONE,Loc,omiikanensimiwaang,o<<miikan>>ensimiwaang,OPD,omiikanaansimiwaang,o<<miikan>>aansimiwaang,OPD,,,,,,
NI,NI_Kana,miikana,miikan,3SgObvPoss,Dim,Poss,NONE,NONE,Loc,omiikanensimining,o<<miikan>>ensimining,OPD,omiikanaansimining,o<<miikan>>aansimining,OPD,,,,,,
NI,NI_Kana,miikana,miikan,3PlObvPoss,Dim,Poss,NONE,NONE,Loc,omiikanensimining,o<<miikan>>ensimining,GUESS,omiikanaansimining,o<<miikan>>aansimining,GUESS,,,,,,
NI,NI_Kana,miikana,miikan,1SgPoss,NONE,NONE,Pej,NONE,Loc,nimiikanaashing,ni<<miikan>>aashing,OPD,,,,,,,,,
NI,NI_Kana,miikana,miikan,ExclPoss,NONE,NONE,Pej,NONE,Loc,nimiikanaashinaang,ni<<miikan>>aashinaang,OPD,,,,,,,,,
NI,NI_Kana,miikana,miikan,InclPoss,NONE,NONE,Pej,NONE,Loc,gimiikanaashinaang,gi<<miikan>>aashinaang,OPD,,,,,,,,,
NI,NI_Kana,miikana,miikan,2SgPoss,NONE,NONE,Pej,NONE,Loc,gimiikanaashing,gi<<miikan>>aashing,OPD,,,,,,,,,
NI,NI_Kana,miikana,miikan,2PlPoss,NONE,NONE,Pej,NONE,Loc,gimiikanaashiwaang,gi<<miikan>>aashiwaang,OPD,,,,,,,,,
NI,NI_Kana,miikana,miikan,3SgProxPoss,NONE,NONE,Pej,NONE,Loc,omiikanaashing,o<<miikan>>aashing,OPD,,,,,,,,,
NI,NI_Kana,miikana,miikan,3PlProxPoss,NONE,NONE,Pej,NONE,Loc,omiikanaashiwaang,o<<miikan>>aashiwaang,OPD,,,,,,,,,
NI,NI_Kana,miikana,miikan,3SgObvPoss,NONE,NONE,Pej,NONE,Loc,omiikanaashining,o<<miikan>>aashining,OPD,,,,,,,,,
NI,NI_Kana,miikana,miikan,3PlObvPoss,NONE,NONE,Pej,NONE,Loc,omiikanaashining,o<<miikan>>aashining,GUESS,,,,,,,,,
NI,NI_Kana,miikana,miikan,1SgPoss,NONE,Poss,Pej,NONE,Loc,nimiikanaamishing,ni<<miikan>>aamishing,OPD,,,,,,,,,
NI,NI_Kana,miikana,miikan,ExclPoss,NONE,Poss,Pej,NONE,Loc,nimiikanaamishinaang,ni<<miikan>>aamishinaang,OPD,,,,,,,,,
NI,NI_Kana,miikana,miikan,InclPoss,NONE,Poss,Pej,NONE,Loc,gimiikanaamishinaang,gi<<miikan>>aamishinaang,OPD,,,,,,,,,
NI,NI_Kana,miikana,miikan,2SgPoss,NONE,Poss,Pej,NONE,Loc,gimiikanaamishing,gi<<miikan>>aamishing,OPD,,,,,,,,,
NI,NI_Kana,miikana,miikan,2PlPoss,NONE,Poss,Pej,NONE,Loc,gimiikanaamishiwaang,gi<<miikan>>aamishiwaang,OPD,,,,,,,,,
NI,NI_Kana,miikana,miikan,3SgProxPoss,NONE,Poss,Pej,NONE,Loc,omiikanaamishing,o<<miikan>>aamishing,OPD,,,,,,,,,
NI,NI_Kana,miikana,miikan,3PlProxPoss,NONE,Poss,Pej,NONE,Loc,omiikanaamishiwaang,o<<miikan>>aamishiwaang,OPD,,,,,,,,,
NI,NI_Kana,miikana,miikan,3SgObvPoss,NONE,Poss,Pej,NONE,Loc,omiikanaamishining,o<<miikan>>aamishining,OPD,,,,,,,,,
NI,NI_Kana,miikana,miikan,3PlObvPoss,NONE,Poss,Pej,NONE,Loc,omiikanaamishining,o<<miikan>>aamishining,GUESS,,,,,,,,,
NI,NI_Kana,miikana,miikan,1SgPoss,Dim,NONE,Pej,NONE,Loc,nimiikanenzhishing,ni<<miikan>>enzhishing,OPD,nimiikanaanzhishing,ni<<miikan>>aanzhishing,OPD,,,,,,
NI,NI_Kana,miikana,miikan,ExclPoss,Dim,NONE,Pej,NONE,Loc,nimiikanenzhishinaang,ni<<miikan>>enzhishinaang,OPD,nimiikanaanzhishinaang,ni<<miikan>>aanzhishinaang,OPD,,,,,,
NI,NI_Kana,miikana,miikan,InclPoss,Dim,NONE,Pej,NONE,Loc,gimiikanenzhishinaang,gi<<miikan>>enzhishinaang,OPD,gimiikanaanzhishinaang,gi<<miikan>>aanzhishinaang,OPD,,,,,,
NI,NI_Kana,miikana,miikan,2SgPoss,Dim,NONE,Pej,NONE,Loc,gimiikanenzhishing,gi<<miikan>>enzhishing,OPD,gimiikanaanzhishing,gi<<miikan>>aanzhishing,OPD,,,,,,
NI,NI_Kana,miikana,miikan,2PlPoss,Dim,NONE,Pej,NONE,Loc,gimiikanenzhishiwaang,gi<<miikan>>enzhishiwaang,OPD,gimiikanaanzhishiwaang,gi<<miikan>>aanzhishiwaang,OPD,,,,,,
NI,NI_Kana,miikana,miikan,3SgProxPoss,Dim,NONE,Pej,NONE,Loc,omiikanenzhishing,o<<miikan>>enzhishing,OPD,omiikanaanzhishing,o<<miikan>>aanzhishing,OPD,,,,,,
NI,NI_Kana,miikana,miikan,3PlProxPoss,Dim,NONE,Pej,NONE,Loc,omiikanenzhishiwaang,o<<miikan>>enzhishiwaang,OPD,omiikanaanzhishiwaang,o<<miikan>>aanzhishiwaang,OPD,,,,,,
NI,NI_Kana,miikana,miikan,3SgObvPoss,Dim,NONE,Pej,NONE,Loc,omiikanenzhishining,o<<miikan>>enzhishining,OPD,omiikanaanzhishining,o<<miikan>>aanzhishining,OPD,,,,,,
NI,NI_Kana,miikana,miikan,3PlObvPoss,Dim,NONE,Pej,NONE,Loc,omiikanenzhishining,o<<miikan>>enzhishining,GUESS,omiikanaanzhishining,o<<miikan>>aanzhishining,GUESS,,,,,,
NI,NI_Kana,miikana,miikan,1SgPoss,Dim,Poss,Pej,NONE,Loc,nimiikanensimishing,ni<<miikan>>ensimishing,OPD,nimiikanaansimishing,ni<<miikan>>aansimishing,OPD,,,,,,
NI,NI_Kana,miikana,miikan,ExclPoss,Dim,Poss,Pej,NONE,Loc,nimiikanensimishinaang,ni<<miikan>>ensimishinaang,OPD,nimiikanaansimishinaang,ni<<miikan>>aansimishinaang,OPD,,,,,,
NI,NI_Kana,miikana,miikan,InclPoss,Dim,Poss,Pej,NONE,Loc,gimiikanensimishinaang,gi<<miikan>>ensimishinaang,OPD,gimiikanaansimishinaang,gi<<miikan>>aansimishinaang,OPD,,,,,,
NI,NI_Kana,miikana,miikan,2SgPoss,Dim,Poss,Pej,NONE,Loc,gimiikanensimishing,gi<<miikan>>ensimishing,OPD,gimiikanaansimishing,gi<<miikan>>aansimishing,OPD,,,,,,
NI,NI_Kana,miikana,miikan,2PlPoss,Dim,Poss,Pej,NONE,Loc,gimiikanensimishiwaang,gi<<miikan>>ensimishiwaang,OPD,gimiikanaansimishiwaang,gi<<miikan>>aansimishiwaang,OPD,,,,,,
NI,NI_Kana,miikana,miikan,3SgProxPoss,Dim,Poss,Pej,NONE,Loc,omiikanensimishing,o<<miikan>>ensimishing,OPD,omiikanaansimishing,o<<miikan>>aansimishing,OPD,,,,,,
NI,NI_Kana,miikana,miikan,3PlProxPoss,Dim,Poss,Pej,NONE,Loc,omiikanensimishiwaang,o<<miikan>>ensimishiwaang,OPD,omiikanaansimishiwaang,o<<miikan>>aansimishiwaang,OPD,,,,,,
NI,NI_Kana,miikana,miikan,3SgObvPoss,Dim,Poss,Pej,NONE,Loc,omiikanensimishining,o<<miikan>>ensimishining,OPD,omiikanaansimishining,o<<miikan>>aansimishining,OPD,,,,,,
NI,NI_Kana,miikana,miikan,3PlObvPoss,Dim,Poss,Pej,NONE,Loc,omiikanensimishining,o<<miikan>>ensimishining,GUESS,omiikanaansimishining,o<<miikan>>aansimishining,GUESS,,,,,,
NI,NI_Kana,miikana,miikan,NONE,NONE,NONE,NONE,NONE,Pl,miikanan,<<miikan>>an,OPD,,,,,,,,,
NI,NI_Kana,miikana,miikan,NONE,Dim,NONE,NONE,NONE,Pl,miikanensan,<<miikan>>ensan,OPD,miikanaansan,<<miikan>>aansan,OPD,,,,,,
NI,NI_Kana,miikana,miikan,NONE,NONE,NONE,Pej,NONE,Pl,miikanaashan,<<miikan>>aashan,OPD,,,,,,,,,
NI,NI_Kana,miikana,miikan,NONE,Dim,NONE,Pej,NONE,Pl,miikanenzhishan,<<miikan>>enzhishan,OPD,miikanaanzhishan,<<miikan>>aanzhishan,OPD,,,,,,
NI,NI_Kana,miikana,miikan,1SgPoss,NONE,NONE,NONE,NONE,Pl,nimiikanan,ni<<miikan>>an,OPD,,,,,,,,,
NI,NI_Kana,miikana,miikan,ExclPoss,NONE,NONE,NONE,NONE,Pl,nimiikanaanaanin,ni<<miikan>>aanaanin,OPD,,,,,,,,,
NI,NI_Kana,miikana,miikan,InclPoss,NONE,NONE,NONE,NONE,Pl,gimiikanaanaanin,gi<<miikan>>aanaanin,OPD,,,,,,,,,
NI,NI_Kana,miikana,miikan,2SgPoss,NONE,NONE,NONE,NONE,Pl,gimiikanan,gi<<miikan>>an,OPD,,,,,,,,,
NI,NI_Kana,miikana,miikan,2PlPoss,NONE,NONE,NONE,NONE,Pl,gimiikanaawaan,gi<<miikan>>aawaan,OPD,,,,,,,,,
NI,NI_Kana,miikana,miikan,3SgProxPoss,NONE,NONE,NONE,NONE,Pl,omiikanan,o<<miikan>>an,OPD,,,,,,,,,
NI,NI_Kana,miikana,miikan,3PlProxPoss,NONE,NONE,NONE,NONE,Pl,omiikanaawaan,o<<miikan>>aawaan,OPD,,,,,,,,,
NI,NI_Kana,miikana,miikan,3SgObvPoss,NONE,NONE,NONE,NONE,Pl,omiikanaani,o<<miikan>>aaniw1,OPD,,,,,,,,,
NI,NI_Kana,miikana,miikan,3PlObvPoss,NONE,NONE,NONE,NONE,Pl,omiikanaani,o<<miikan>>aaniw1,GUESS,,,,,,,,,
NI,NI_Kana,miikana,miikan,1SgPoss,NONE,Poss,NONE,NONE,Pl,nimiikanaaman,ni<<miikan>>aaman,OPD,,,,,,,,,
NI,NI_Kana,miikana,miikan,ExclPoss,NONE,Poss,NONE,NONE,Pl,nimiikanaaminaanin,ni<<miikan>>aaminaanin,OPD,,,,,,,,,
NI,NI_Kana,miikana,miikan,InclPoss,NONE,Poss,NONE,NONE,Pl,gimiikanaaminaanin,gi<<miikan>>aaminaanin,OPD,,,,,,,,,
NI,NI_Kana,miikana,miikan,2SgPoss,NONE,Poss,NONE,NONE,Pl,gimiikanaaman,gi<<miikan>>aaman,OPD,,,,,,,,,
NI,NI_Kana,miikana,miikan,2PlPoss,NONE,Poss,NONE,NONE,Pl,gimiikanaamiwaan,gi<<miikan>>aamiwaan,OPD,,,,,,,,,
NI,NI_Kana,miikana,miikan,3SgProxPoss,NONE,Poss,NONE,NONE,Pl,omiikanaaman,o<<miikan>>aaman,OPD,,,,,,,,,
NI,NI_Kana,miikana,miikan,3PlProxPoss,NONE,Poss,NONE,NONE,Pl,omiikanaamiwaan,o<<miikan>>aamiwaan,OPD,,,,,,,,,
NI,NI_Kana,miikana,miikan,3SgObvPoss,NONE,Poss,NONE,NONE,Pl,omiikanaamini,o<<miikan>>aaminiw1,OPD,,,,,,,,,
NI,NI_Kana,miikana,miikan,3PlObvPoss,NONE,Poss,NONE,NONE,Pl,omiikanaamini,o<<miikan>>aaminiw1,GUESS,,,,,,,,,
NI,NI_Kana,miikana,miikan,1SgPoss,Dim,NONE,NONE,NONE,Pl,nimiikanensan,ni<<miikan>>ensan,OPD,nimiikanaansan,ni<<miikan>>aansan,OPD,,,,,,
NI,NI_Kana,miikana,miikan,ExclPoss,Dim,NONE,NONE,NONE,Pl,nimiikanensinaanin,ni<<miikan>>ensinaanin,OPD,nimiikanaansinaanin,ni<<miikan>>aansinaanin,OPD,,,,,,
NI,NI_Kana,miikana,miikan,InclPoss,Dim,NONE,NONE,NONE,Pl,gimiikanensinaanin,gi<<miikan>>ensinaanin,OPD,gimiikanaansinaanin,gi<<miikan>>aansinaanin,OPD,,,,,,
NI,NI_Kana,miikana,miikan,2SgPoss,Dim,NONE,NONE,NONE,Pl,gimiikanensan,gi<<miikan>>ensan,OPD,gimiikanaansan,gi<<miikan>>aansan,OPD,,,,,,
NI,NI_Kana,miikana,miikan,2PlPoss,Dim,NONE,NONE,NONE,Pl,gimiikanensiwaan,gi<<miikan>>ensiwaan,OPD,gimiikanaansiwaan,gi<<miikan>>aansiwaan,OPD,,,,,,
NI,NI_Kana,miikana,miikan,3SgProxPoss,Dim,NONE,NONE,NONE,Pl,omiikanensan,o<<miikan>>ensan,OPD,omiikanaansan,o<<miikan>>aansan,OPD,,,,,,
NI,NI_Kana,miikana,miikan,3PlProxPoss,Dim,NONE,NONE,NONE,Pl,omiikanensiwaan,o<<miikan>>ensiwaan,OPD,omiikanaansiwaan,o<<miikan>>aansiwaan,OPD,,,,,,
NI,NI_Kana,miikana,miikan,3SgObvPoss,Dim,NONE,NONE,NONE,Pl,omiikanensini,o<<miikan>>ensiniw1,OPD,omiikanaansiniw1,o<<miikan>>aansiniw1,OPD,,,,,,
NI,NI_Kana,miikana,miikan,3PlObvPoss,Dim,NONE,NONE,NONE,Pl,omiikanensini,o<<miikan>>ensiniw1,GUESS,omiikanaansiniw1,o<<miikan>>aansiniw1,GUESS,,,,,,
NI,NI_Kana,miikana,miikan,1SgPoss,Dim,Poss,NONE,NONE,Pl,nimiikanensiman,ni<<miikan>>ensiman,OPD,nimiikanaansiman,ni<<miikan>>aansiman,OPD,,,,,,
NI,NI_Kana,miikana,miikan,ExclPoss,Dim,Poss,NONE,NONE,Pl,nimiikanensiminaanin,ni<<miikan>>ensiminaanin,OPD,nimiikanaansiminaanin,ni<<miikan>>aansiminaanin,OPD,,,,,,
NI,NI_Kana,miikana,miikan,InclPoss,Dim,Poss,NONE,NONE,Pl,gimiikanensiminaanin,gi<<miikan>>ensiminaanin,OPD,gimiikanaansiminaanin,gi<<miikan>>aansiminaanin,OPD,,,,,,
NI,NI_Kana,miikana,miikan,2SgPoss,Dim,Poss,NONE,NONE,Pl,gimiikanensiman,gi<<miikan>>ensiman,OPD,gimiikanaansiman,gi<<miikan>>aansiman,OPD,,,,,,
NI,NI_Kana,miikana,miikan,2PlPoss,Dim,Poss,NONE,NONE,Pl,gimiikanensimiwaan,gi<<miikan>>ensimiwaan,OPD,gimiikanaansimiwaan,gi<<miikan>>aansimiwaan,OPD,,,,,,
NI,NI_Kana,miikana,miikan,3SgProxPoss,Dim,Poss,NONE,NONE,Pl,omiikanensiman,o<<miikan>>ensiman,OPD,omiikanaansiman,o<<miikan>>aansiman,OPD,,,,,,
NI,NI_Kana,miikana,miikan,3PlProxPoss,Dim,Poss,NONE,NONE,Pl,omiikanensimiwaan,o<<miikan>>ensimiwaan,OPD,omiikanaansimiwaan,o<<miikan>>aansimiwaan,OPD,,,,,,
NI,NI_Kana,miikana,miikan,3SgObvPoss,Dim,Poss,NONE,NONE,Pl,omiikanensimini,o<<miikan>>ensiminiw1,OPD,omiikanaansiminiw1,o<<miikan>>aansiminiw1,OPD,,,,,,
NI,NI_Kana,miikana,miikan,3PlObvPoss,Dim,Poss,NONE,NONE,Pl,omiikanensimini,o<<miikan>>ensiminiw1,GUESS,omiikanaansiminiw1,o<<miikan>>aansiminiw1,GUESS,,,,,,
NI,NI_Kana,miikana,miikan,1SgPoss,NONE,NONE,Pej,NONE,Pl,nimiikanaashan,ni<<miikan>>aashan,OPD,,,,,,,,,
NI,NI_Kana,miikana,miikan,ExclPoss,NONE,NONE,Pej,NONE,Pl,nimiikanaashinaanin,ni<<miikan>>aashinaanin,OPD,,,,,,,,,
NI,NI_Kana,miikana,miikan,InclPoss,NONE,NONE,Pej,NONE,Pl,gimiikanaashinaanin,gi<<miikan>>aashinaanin,OPD,,,,,,,,,
NI,NI_Kana,miikana,miikan,2SgPoss,NONE,NONE,Pej,NONE,Pl,gimiikanaashan,gi<<miikan>>aashan,OPD,,,,,,,,,
NI,NI_Kana,miikana,miikan,2PlPoss,NONE,NONE,Pej,NONE,Pl,gimiikanaashiwaan,gi<<miikan>>aashiwaan,OPD,,,,,,,,,
NI,NI_Kana,miikana,miikan,3SgProxPoss,NONE,NONE,Pej,NONE,Pl,omiikanaashan,o<<miikan>>aashan,OPD,,,,,,,,,
NI,NI_Kana,miikana,miikan,3PlProxPoss,NONE,NONE,Pej,NONE,Pl,omiikanaashiwaan,o<<miikan>>aashiwaan,OPD,,,,,,,,,
NI,NI_Kana,miikana,miikan,3SgObvPoss,NONE,NONE,Pej,NONE,Pl,omiikanaashini,o<<miikan>>aashiniw1,OPD,,,,,,,,,
NI,NI_Kana,miikana,miikan,3PlObvPoss,NONE,NONE,Pej,NONE,Pl,omiikanaashini,o<<miikan>>aashiniw1,GUESS,,,,,,,,,
NI,NI_Kana,miikana,miikan,1SgPoss,NONE,Poss,Pej,NONE,Pl,nimiikanaamishan,ni<<miikan>>aamishan,OPD,,,,,,,,,
NI,NI_Kana,miikana,miikan,ExclPoss,NONE,Poss,Pej,NONE,Pl,nimiikanaamishinaanin,ni<<miikan>>aamishinaanin,OPD,,,,,,,,,
NI,NI_Kana,miikana,miikan,InclPoss,NONE,Poss,Pej,NONE,Pl,gimiikanaamishinaanin,gi<<miikan>>aamishinaanin,OPD,,,,,,,,,
NI,NI_Kana,miikana,miikan,2SgPoss,NONE,Poss,Pej,NONE,Pl,gimiikanaamishan,gi<<miikan>>aamishan,OPD,,,,,,,,,
NI,NI_Kana,miikana,miikan,2PlPoss,NONE,Poss,Pej,NONE,Pl,gimiikanaamishiwaan,gi<<miikan>>aamishiwaan,OPD,,,,,,,,,
NI,NI_Kana,miikana,miikan,3SgProxPoss,NONE,Poss,Pej,NONE,Pl,omiikanaamishan,o<<miikan>>aamishan,OPD,,,,,,,,,
NI,NI_Kana,miikana,miikan,3PlProxPoss,NONE,Poss,Pej,NONE,Pl,omiikanaamishiwaan,o<<miikan>>aamishiwaan,OPD,,,,,,,,,
NI,NI_Kana,miikana,miikan,3SgObvPoss,NONE,Poss,Pej,NONE,Pl,omiikanaamishini,o<<miikan>>aamishiniw1,OPD,,,,,,,,,
NI,NI_Kana,miikana,miikan,3PlObvPoss,NONE,Poss,Pej,NONE,Pl,omiikanaamishini,o<<miikan>>aamishiniw1,GUESS,,,,,,,,,
NI,NI_Kana,miikana,miikan,1SgPoss,Dim,NONE,Pej,NONE,Pl,nimiikanenzhishan,ni<<miikan>>enzhishan,OPD,nimiikanaanzhishan,ni<<miikan>>aanzhishan,OPD,,,,,,
NI,NI_Kana,miikana,miikan,ExclPoss,Dim,NONE,Pej,NONE,Pl,nimiikanenzhishinaanin,ni<<miikan>>enzhishinaanin,OPD,nimiikanaanzhishinaanin,ni<<miikan>>aanzhishinaanin,OPD,,,,,,
NI,NI_Kana,miikana,miikan,InclPoss,Dim,NONE,Pej,NONE,Pl,gimiikanenzhishinaanin,gi<<miikan>>enzhishinaanin,OPD,gimiikanaanzhishinaanin,gi<<miikan>>aanzhishinaanin,OPD,,,,,,
NI,NI_Kana,miikana,miikan,2SgPoss,Dim,NONE,Pej,NONE,Pl,gimiikanenzhishan,gi<<miikan>>enzhishan,OPD,gimiikanaanzhishan,gi<<miikan>>aanzhishan,OPD,,,,,,
NI,NI_Kana,miikana,miikan,2PlPoss,Dim,NONE,Pej,NONE,Pl,gimiikanenzhishiwaan,gi<<miikan>>enzhishiwaan,OPD,gimiikanaanzhishiwaan,gi<<miikan>>aanzhishiwaan,OPD,,,,,,
NI,NI_Kana,miikana,miikan,3SgProxPoss,Dim,NONE,Pej,NONE,Pl,omiikanenzhishan,o<<miikan>>enzhishan,OPD,omiikanaanzhishan,o<<miikan>>aanzhishan,OPD,,,,,,
NI,NI_Kana,miikana,miikan,3PlProxPoss,Dim,NONE,Pej,NONE,Pl,omiikanenzhishiwaan,o<<miikan>>enzhishiwaan,OPD,omiikanaanzhishiwaan,o<<miikan>>aanzhishiwaan,OPD,,,,,,
NI,NI_Kana,miikana,miikan,3SgObvPoss,Dim,NONE,Pej,NONE,Pl,omiikanenzhishini,o<<miikan>>enzhishiniw1,OPD,omiikanaanzhishiniw1,o<<miikan>>aanzhishiniw1,OPD,,,,,,
NI,NI_Kana,miikana,miikan,3PlObvPoss,Dim,NONE,Pej,NONE,Pl,omiikanenzhishini,o<<miikan>>enzhishiniw1,GUESS,omiikanaanzhishiniw1,o<<miikan>>aanzhishiniw1,GUESS,,,,,,
NI,NI_Kana,miikana,miikan,1SgPoss,Dim,Poss,Pej,NONE,Pl,nimiikanensimishan,ni<<miikan>>ensimishan,OPD,nimiikanaansimishan,ni<<miikan>>aansimishan,OPD,,,,,,
NI,NI_Kana,miikana,miikan,ExclPoss,Dim,Poss,Pej,NONE,Pl,nimiikanensimishinaanin,ni<<miikan>>ensimishinaanin,OPD,nimiikanaansimishinaanin,ni<<miikan>>aansimishinaanin,OPD,,,,,,
NI,NI_Kana,miikana,miikan,InclPoss,Dim,Poss,Pej,NONE,Pl,gimiikanensimishinaanin,gi<<miikan>>ensimishinaanin,OPD,gimiikanaansimishinaanin,gi<<miikan>>aansimishinaanin,OPD,,,,,,
NI,NI_Kana,miikana,miikan,2SgPoss,Dim,Poss,Pej,NONE,Pl,gimiikanensimishan,gi<<miikan>>ensimishan,OPD,gimiikanaansimishan,gi<<miikan>>aansimishan,OPD,,,,,,
NI,NI_Kana,miikana,miikan,2PlPoss,Dim,Poss,Pej,NONE,Pl,gimiikanensimishiwaan,gi<<miikan>>ensimishiwaan,OPD,gimiikanaansimishiwaan,gi<<miikan>>aansimishiwaan,OPD,,,,,,
NI,NI_Kana,miikana,miikan,3SgProxPoss,Dim,Poss,Pej,NONE,Pl,omiikanensimishan,o<<miikan>>ensimishan,OPD,omiikanaansimishan,o<<miikan>>aansimishan,OPD,,,,,,
NI,NI_Kana,miikana,miikan,3PlProxPoss,Dim,Poss,Pej,NONE,Pl,omiikanensimishiwaan,o<<miikan>>ensimishiwaan,OPD,omiikanaansimishiwaan,o<<miikan>>aansimishiwaan,OPD,,,,,,
NI,NI_Kana,miikana,miikan,3SgObvPoss,Dim,Poss,Pej,NONE,Pl,omiikanensimishini,o<<miikan>>ensimishiniw1,OPD,omiikanaansimishiniw1,o<<miikan>>aansimishiniw1,OPD,,,,,,
NI,NI_Kana,miikana,miikan,3PlObvPoss,Dim,Poss,Pej,NONE,Pl,omiikanensimishini,o<<miikan>>ensimishiniw1,GUESS,omiikanaansimishiniw1,o<<miikan>>aansimishiniw1,GUESS,,,,,,
NI,NI_Kana,miikana,miikan,NONE,NONE,NONE,NONE,NONE,Sg,miikana,<<miikan>>a1,OPD,,,,,,,,,
NI,NI_Kana,miikana,miikan,NONE,Dim,NONE,NONE,NONE,Sg,miikanens,<<miikan>>ens,OPD,miikanaans,<<miikan>>aans,OPD,,,,,,
NI,NI_Kana,miikana,miikan,NONE,NONE,NONE,Pej,NONE,Sg,miikanaash,<<miikan>>aash,OPD,,,,,,,,,
NI,NI_Kana,miikana,miikan,NONE,Dim,NONE,Pej,NONE,Sg,miikanenzhish,<<miikan>>enzhish,OPD,miikanaanzhish,<<miikan>>aanzhish,OPD,,,,,,
NI,NI_Kana,miikana,miikan,1SgPoss,NONE,NONE,NONE,NONE,Sg,nimiikana,ni<<miikan>>a1,OPD,,,,,,,,,
NI,NI_Kana,miikana,miikan,ExclPoss,NONE,NONE,NONE,NONE,Sg,nimiikanaanaan,ni<<miikan>>aanaan,OPD,,,,,,,,,
NI,NI_Kana,miikana,miikan,InclPoss,NONE,NONE,NONE,NONE,Sg,gimiikanaanaan,gi<<miikan>>aanaan,OPD,,,,,,,,,
NI,NI_Kana,miikana,miikan,2SgPoss,NONE,NONE,NONE,NONE,Sg,gimiikana,gi<<miikan>>a1,OPD,,,,,,,,,
NI,NI_Kana,miikana,miikan,2PlPoss,NONE,NONE,NONE,NONE,Sg,gimiikanaawaa,gi<<miikan>>aawaa,OPD,,,,,,,,,
NI,NI_Kana,miikana,miikan,3SgProxPoss,NONE,NONE,NONE,NONE,Sg,omiikana,o<<miikan>>a1,OPD,,,,,,,,,
NI,NI_Kana,miikana,miikan,3PlProxPoss,NONE,NONE,NONE,NONE,Sg,omiikanaawaa,o<<miikan>>aawaa,OPD,,,,,,,,,
NI,NI_Kana,miikana,miikan,3SgObvPoss,NONE,NONE,NONE,NONE,Sg,omiikanaani,o<<miikan>>aaniw1,OPD,,,,,,,,,
NI,NI_Kana,miikana,miikan,3PlObvPoss,NONE,NONE,NONE,NONE,Sg,omiikanaani,o<<miikan>>aaniw1,GUESS,,,,,,,,,
NI,NI_Kana,miikana,miikan,1SgPoss,NONE,Poss,NONE,NONE,Sg,nimiikanaam,ni<<miikan>>aam,OPD,,,,,,,,,
NI,NI_Kana,miikana,miikan,ExclPoss,NONE,Poss,NONE,NONE,Sg,nimiikanaaminaan,ni<<miikan>>aaminaan,OPD,,,,,,,,,
NI,NI_Kana,miikana,miikan,InclPoss,NONE,Poss,NONE,NONE,Sg,gimiikanaaminaan,gi<<miikan>>aaminaan,OPD,,,,,,,,,
NI,NI_Kana,miikana,miikan,2SgPoss,NONE,Poss,NONE,NONE,Sg,gimiikanaam,gi<<miikan>>aam,OPD,,,,,,,,,
NI,NI_Kana,miikana,miikan,2PlPoss,NONE,Poss,NONE,NONE,Sg,gimiikanaamiwaa,gi<<miikan>>aamiwaa,OPD,,,,,,,,,
NI,NI_Kana,miikana,miikan,3SgProxPoss,NONE,Poss,NONE,NONE,Sg,omiikanaam,o<<miikan>>aam,OPD,,,,,,,,,
NI,NI_Kana,miikana,miikan,3PlProxPoss,NONE,Poss,NONE,NONE,Sg,omiikanaamiwaa,o<<miikan>>aamiwaa,OPD,,,,,,,,,
NI,NI_Kana,miikana,miikan,3SgObvPoss,NONE,Poss,NONE,NONE,Sg,omiikanaamini,o<<miikan>>aaminiw1,OPD,,,,,,,,,
NI,NI_Kana,miikana,miikan,3PlObvPoss,NONE,Poss,NONE,NONE,Sg,omiikanaamini,o<<miikan>>aaminiw1,GUESS,,,,,,,,,
NI,NI_Kana,miikana,miikan,1SgPoss,Dim,NONE,NONE,NONE,Sg,nimiikanens,ni<<miikan>>ens,OPD,nimiikanaans,ni<<miikan>>aans,OPD,,,,,,
NI,NI_Kana,miikana,miikan,ExclPoss,Dim,NONE,NONE,NONE,Sg,nimiikanensinaan,ni<<miikan>>ensinaan,OPD,nimiikanaansinaan,ni<<miikan>>aansinaan,OPD,,,,,,
NI,NI_Kana,miikana,miikan,InclPoss,Dim,NONE,NONE,NONE,Sg,gimiikanensinaan,gi<<miikan>>ensinaan,OPD,gimiikanaansinaan,gi<<miikan>>aansinaan,OPD,,,,,,
NI,NI_Kana,miikana,miikan,2SgPoss,Dim,NONE,NONE,NONE,Sg,gimiikanens,gi<<miikan>>ens,OPD,gimiikanaans,gi<<miikan>>aans,OPD,,,,,,
NI,NI_Kana,miikana,miikan,2PlPoss,Dim,NONE,NONE,NONE,Sg,gimiikanensiwaa,gi<<miikan>>ensiwaa,OPD,gimiikanaansiwaa,gi<<miikan>>aansiwaa,OPD,,,,,,
NI,NI_Kana,miikana,miikan,3SgProxPoss,Dim,NONE,NONE,NONE,Sg,omiikanens,o<<miikan>>ens,OPD,omiikanaans,o<<miikan>>aans,OPD,,,,,,
NI,NI_Kana,miikana,miikan,3PlProxPoss,Dim,NONE,NONE,NONE,Sg,omiikanensiwaa,o<<miikan>>ensiwaa,OPD,omiikanaansiwaa,o<<miikan>>aansiwaa,OPD,,,,,,
NI,NI_Kana,miikana,miikan,3SgObvPoss,Dim,NONE,NONE,NONE,Sg,omiikanensini,o<<miikan>>ensiniw1,OPD,omiikanaansiniw1,o<<miikan>>aansiniw1,OPD,,,,,,
NI,NI_Kana,miikana,miikan,3PlObvPoss,Dim,NONE,NONE,NONE,Sg,omiikanensini,o<<miikan>>ensiniw1,GUESS,omiikanaansiniw1,o<<miikan>>aansiniw1,GUESS,,,,,,
NI,NI_Kana,miikana,miikan,1SgPoss,Dim,Poss,NONE,NONE,Sg,nimiikanensim,ni<<miikan>>ensim,OPD,nimiikanaansim,ni<<miikan>>aansim,OPD,,,,,,
NI,NI_Kana,miikana,miikan,ExclPoss,Dim,Poss,NONE,NONE,Sg,nimiikanensiminaan,ni<<miikan>>ensiminaan,OPD,nimiikanaansiminaan,ni<<miikan>>aansiminaan,OPD,,,,,,
NI,NI_Kana,miikana,miikan,InclPoss,Dim,Poss,NONE,NONE,Sg,gimiikanensiminaan,gi<<miikan>>ensiminaan,OPD,gimiikanaansiminaan,gi<<miikan>>aansiminaan,OPD,,,,,,
NI,NI_Kana,miikana,miikan,2SgPoss,Dim,Poss,NONE,NONE,Sg,gimiikanensim,gi<<miikan>>ensim,OPD,gimiikanaansim,gi<<miikan>>aansim,OPD,,,,,,
NI,NI_Kana,miikana,miikan,2PlPoss,Dim,Poss,NONE,NONE,Sg,gimiikanensimiwaa,gi<<miikan>>ensimiwaa,OPD,gimiikanaansimiwaa,gi<<miikan>>aansimiwaa,OPD,,,,,,
NI,NI_Kana,miikana,miikan,3SgProxPoss,Dim,Poss,NONE,NONE,Sg,omiikanensim,o<<miikan>>ensim,OPD,omiikanaansim,o<<miikan>>aansim,OPD,,,,,,
NI,NI_Kana,miikana,miikan,3PlProxPoss,Dim,Poss,NONE,NONE,Sg,omiikanensimiwaa,o<<miikan>>ensimiwaa,OPD,omiikanaansimiwaa,o<<miikan>>aansimiwaa,OPD,,,,,,
NI,NI_Kana,miikana,miikan,3SgObvPoss,Dim,Poss,NONE,NONE,Sg,omiikanensimini,o<<miikan>>ensiminiw1,OPD,omiikanaansiminiw1,o<<miikan>>aansiminiw1,OPD,,,,,,
NI,NI_Kana,miikana,miikan,3PlObvPoss,Dim,Poss,NONE,NONE,Sg,omiikanensimini,o<<miikan>>ensiminiw1,GUESS,omiikanaansiminiw1,o<<miikan>>aansiminiw1,GUESS,,,,,,
NI,NI_Kana,miikana,miikan,1SgPoss,NONE,NONE,Pej,NONE,Sg,nimiikanaash,ni<<miikan>>aash,OPD,,,,,,,,,
NI,NI_Kana,miikana,miikan,ExclPoss,NONE,NONE,Pej,NONE,Sg,nimiikanaashinaan,ni<<miikan>>aashinaan,OPD,,,,,,,,,
NI,NI_Kana,miikana,miikan,InclPoss,NONE,NONE,Pej,NONE,Sg,gimiikanaashinaan,gi<<miikan>>aashinaan,OPD,,,,,,,,,
NI,NI_Kana,miikana,miikan,2SgPoss,NONE,NONE,Pej,NONE,Sg,gimiikanaash,gi<<miikan>>aash,OPD,,,,,,,,,
NI,NI_Kana,miikana,miikan,2PlPoss,NONE,NONE,Pej,NONE,Sg,gimiikanaashiwaa,gi<<miikan>>aashiwaa,OPD,,,,,,,,,
NI,NI_Kana,miikana,miikan,3SgProxPoss,NONE,NONE,Pej,NONE,Sg,omiikanaash,o<<miikan>>aash,OPD,,,,,,,,,
NI,NI_Kana,miikana,miikan,3PlProxPoss,NONE,NONE,Pej,NONE,Sg,omiikanaashiwaa,o<<miikan>>aashiwaa,OPD,,,,,,,,,
NI,NI_Kana,miikana,miikan,3SgObvPoss,NONE,NONE,Pej,NONE,Sg,omiikanaashini,o<<miikan>>aashiniw1,OPD,,,,,,,,,
NI,NI_Kana,miikana,miikan,3PlObvPoss,NONE,NONE,Pej,NONE,Sg,omiikanaashini,o<<miikan>>aashiniw1,GUESS,,,,,,,,,
NI,NI_Kana,miikana,miikan,1SgPoss,NONE,Poss,Pej,NONE,Sg,nimiikanaamish,ni<<miikan>>aamish,OPD,,,,,,,,,
NI,NI_Kana,miikana,miikan,ExclPoss,NONE,Poss,Pej,NONE,Sg,nimiikanaamishinaan,ni<<miikan>>aamishinaan,OPD,,,,,,,,,
NI,NI_Kana,miikana,miikan,InclPoss,NONE,Poss,Pej,NONE,Sg,gimiikanaamishinaan,gi<<miikan>>aamishinaan,OPD,,,,,,,,,
NI,NI_Kana,miikana,miikan,2SgPoss,NONE,Poss,Pej,NONE,Sg,gimiikanaamish,gi<<miikan>>aamish,OPD,,,,,,,,,
NI,NI_Kana,miikana,miikan,2PlPoss,NONE,Poss,Pej,NONE,Sg,gimiikanaamishiwaa,gi<<miikan>>aamishiwaa,OPD,,,,,,,,,
NI,NI_Kana,miikana,miikan,3SgProxPoss,NONE,Poss,Pej,NONE,Sg,omiikanaamish,o<<miikan>>aamish,OPD,,,,,,,,,
NI,NI_Kana,miikana,miikan,3PlProxPoss,NONE,Poss,Pej,NONE,Sg,omiikanaamishiwaa,o<<miikan>>aamishiwaa,OPD,,,,,,,,,
NI,NI_Kana,miikana,miikan,3SgObvPoss,NONE,Poss,Pej,NONE,Sg,omiikanaamishini,o<<miikan>>aamishiniw1,OPD,,,,,,,,,
NI,NI_Kana,miikana,miikan,3PlObvPoss,NONE,Poss,Pej,NONE,Sg,omiikanaamishini,o<<miikan>>aamishiniw1,GUESS,,,,,,,,,
NI,NI_Kana,miikana,miikan,1SgPoss,Dim,NONE,Pej,NONE,Sg,nimiikanenzhish,ni<<miikan>>enzhish,OPD,nimiikanaanzhish,ni<<miikan>>aanzhish,OPD,,,,,,
NI,NI_Kana,miikana,miikan,ExclPoss,Dim,NONE,Pej,NONE,Sg,nimiikanenzhishinaan,ni<<miikan>>enzhishinaan,OPD,nimiikanaanzhishinaan,ni<<miikan>>aanzhishinaan,OPD,,,,,,
NI,NI_Kana,miikana,miikan,InclPoss,Dim,NONE,Pej,NONE,Sg,gimiikanenzhishinaan,gi<<miikan>>enzhishinaan,OPD,gimiikanaanzhishinaan,gi<<miikan>>aanzhishinaan,OPD,,,,,,
NI,NI_Kana,miikana,miikan,2SgPoss,Dim,NONE,Pej,NONE,Sg,gimiikanenzhish,gi<<miikan>>enzhish,OPD,gimiikanaanzhish,gi<<miikan>>aanzhish,OPD,,,,,,
NI,NI_Kana,miikana,miikan,2PlPoss,Dim,NONE,Pej,NONE,Sg,gimiikanenzhishiwaa,gi<<miikan>>enzhishiwaa,OPD,gimiikanaanzhishiwaa,gi<<miikan>>aanzhishiwaa,OPD,,,,,,
NI,NI_Kana,miikana,miikan,3SgProxPoss,Dim,NONE,Pej,NONE,Sg,omiikanenzhish,o<<miikan>>enzhish,OPD,omiikanaanzhish,o<<miikan>>aanzhish,OPD,,,,,,
NI,NI_Kana,miikana,miikan,3PlProxPoss,Dim,NONE,Pej,NONE,Sg,omiikanenzhishiwaa,o<<miikan>>enzhishiwaa,OPD,omiikanaanzhishiwaa,o<<miikan>>aanzhishiwaa,OPD,,,,,,
NI,NI_Kana,miikana,miikan,3SgObvPoss,Dim,NONE,Pej,NONE,Sg,omiikanenzhishini,o<<miikan>>enzhishiniw1,OPD,omiikanaanzhishiniw1,o<<miikan>>aanzhishiniw1,OPD,,,,,,
NI,NI_Kana,miikana,miikan,3PlObvPoss,Dim,NONE,Pej,NONE,Sg,omiikanenzhishini,o<<miikan>>enzhishiniw1,GUESS,omiikanaanzhishiniw1,o<<miikan>>aanzhishiniw1,GUESS,,,,,,
NI,NI_Kana,miikana,miikan,1SgPoss,Dim,Poss,Pej,NONE,Sg,nimiikanensimish,ni<<miikan>>ensimish,OPD,nimiikanaansimish,ni<<miikan>>aansimish,OPD,,,,,,
NI,NI_Kana,miikana,miikan,ExclPoss,Dim,Poss,Pej,NONE,Sg,nimiikanensimishinaan,ni<<miikan>>ensimishinaan,OPD,nimiikanaansimishinaan,ni<<miikan>>aansimishinaan,OPD,,,,,,
NI,NI_Kana,miikana,miikan,InclPoss,Dim,Poss,Pej,NONE,Sg,gimiikanensimishinaan,gi<<miikan>>ensimishinaan,OPD,gimiikanaansimishinaan,gi<<miikan>>aansimishinaan,OPD,,,,,,
NI,NI_Kana,miikana,miikan,2SgPoss,Dim,Poss,Pej,NONE,Sg,gimiikanensimish,gi<<miikan>>ensimish,OPD,gimiikanaansimish,gi<<miikan>>aansimish,OPD,,,,,,
NI,NI_Kana,miikana,miikan,2PlPoss,Dim,Poss,Pej,NONE,Sg,gimiikanensimishiwaa,gi<<miikan>>ensimishiwaa,OPD,gimiikanaansimishiwaa,gi<<miikan>>aansimishiwaa,OPD,,,,,,
NI,NI_Kana,miikana,miikan,3SgProxPoss,Dim,Poss,Pej,NONE,Sg,omiikanensimish,o<<miikan>>ensimish,OPD,omiikanaansimish,o<<miikan>>aansimish,OPD,,,,,,
NI,NI_Kana,miikana,miikan,3PlProxPoss,Dim,Poss,Pej,NONE,Sg,omiikanensimishiwaa,o<<miikan>>ensimishiwaa,OPD,omiikanaansimishiwaa,o<<miikan>>aansimishiwaa,OPD,,,,,,
NI,NI_Kana,miikana,miikan,3SgObvPoss,Dim,Poss,Pej,NONE,Sg,omiikanensimishini,o<<miikan>>ensimishiniw1,OPD,omiikanaansimishiniw1,o<<miikan>>aansimishiniw1,OPD,,,,,,
NI,NI_Kana,miikana,miikan,3PlObvPoss,Dim,Poss,Pej,NONE,Sg,omiikanensimishini,o<<miikan>>ensimishiniw1,GUESS,omiikanaansimishiniw1,o<<miikan>>aansimishiniw1,GUESS,,,,,,
NI,NI_Kana,miikana,miikan,NONE,NONE,NONE,NONE,NONE,LocDist,miikanaakaang,<<miikan>>aakaang,GUESS,,,,,,,,,
NI,NI_Kana,miikana,miikan,NONE,Dim,NONE,NONE,NONE,LocDist,miikanensikaang,<<miikan>>ensikaang,GUESS,miikanaansikaang,<<miikan>>aansikaang,GUESS,,,,,,
NI,NI_Kana,miikana,miikan,NONE,NONE,NONE,Pej,NONE,LocDist,miikanaashikaang,<<miikan>>aashikaang,GUESS,,,,,,,,,
NI,NI_Kana,miikana,miikan,NONE,Dim,NONE,Pej,NONE,LocDist,miikanenzhishikaang,<<miikan>>enzhishikaang,GUESS,miikanaanzhishikaang,<<miikan>>aanzhishikaang,GUESS,,,,,,
NI,NI_Kana,miikana,miikan,1SgPoss,NONE,NONE,NONE,NONE,LocDist,nimiikanaakaang,ni<<miikan>>aakaang,GUESS,,,,,,,,,
NI,NI_Kana,miikana,miikan,ExclPoss,NONE,NONE,NONE,NONE,LocDist,nimiikanaanaakaang,ni<<miikan>>aanaakaang,GUESS,,,,,,,,,
NI,NI_Kana,miikana,miikan,InclPoss,NONE,NONE,NONE,NONE,LocDist,gimiikanaanaakaang,gi<<miikan>>aanaakaang,GUESS,,,,,,,,,
NI,NI_Kana,miikana,miikan,2SgPoss,NONE,NONE,NONE,NONE,LocDist,gimiikanaakaang,gi<<miikan>>aakaang,GUESS,,,,,,,,,
NI,NI_Kana,miikana,miikan,2PlPoss,NONE,NONE,NONE,NONE,LocDist,gimiikanaawaakaang,gi<<miikan>>aawaakaang,GUESS,,,,,,,,,
NI,NI_Kana,miikana,miikan,3SgProxPoss,NONE,NONE,NONE,NONE,LocDist,omiikanaakaang,o<<miikan>>aakaang,GUESS,,,,,,,,,
NI,NI_Kana,miikana,miikan,3PlProxPoss,NONE,NONE,NONE,NONE,LocDist,omiikanaawaakaang,o<<miikan>>aawaakaang,GUESS,,,,,,,,,
NI,NI_Kana,miikana,miikan,3SgObvPoss,NONE,NONE,NONE,NONE,LocDist,omiikanaanikaang,o<<miikan>>aanikaang,GUESS,,,,,,,,,
NI,NI_Kana,miikana,miikan,3PlObvPoss,NONE,NONE,NONE,NONE,LocDist,omiikanaanikaang,o<<miikan>>aanikaang,GUESS,,,,,,,,,
NI,NI_Kana,miikana,miikan,1SgPoss,NONE,Poss,NONE,NONE,LocDist,nimiikanaamikaang,ni<<miikan>>aamikaang,GUESS,,,,,,,,,
NI,NI_Kana,miikana,miikan,ExclPoss,NONE,Poss,NONE,NONE,LocDist,nimiikanaaminaakaang,ni<<miikan>>aaminaakaang,GUESS,,,,,,,,,
NI,NI_Kana,miikana,miikan,InclPoss,NONE,Poss,NONE,NONE,LocDist,gimiikanaaminaakaang,gi<<miikan>>aaminaakaang,GUESS,,,,,,,,,
NI,NI_Kana,miikana,miikan,2SgPoss,NONE,Poss,NONE,NONE,LocDist,gimiikanaamikaang,gi<<miikan>>aamikaang,GUESS,,,,,,,,,
NI,NI_Kana,miikana,miikan,2PlPoss,NONE,Poss,NONE,NONE,LocDist,gimiikanaamiwaakaang,gi<<miikan>>aamiwaakaang,GUESS,,,,,,,,,
NI,NI_Kana,miikana,miikan,3SgProxPoss,NONE,Poss,NONE,NONE,LocDist,omiikanaamikaang,o<<miikan>>aamikaang,GUESS,,,,,,,,,
NI,NI_Kana,miikana,miikan,3PlProxPoss,NONE,Poss,NONE,NONE,LocDist,omiikanaamiwaakaang,o<<miikan>>aamiwaakaang,GUESS,,,,,,,,,
NI,NI_Kana,miikana,miikan,3SgObvPoss,NONE,Poss,NONE,NONE,LocDist,omiikanaaminikaang,o<<miikan>>aaminikaang,GUESS,,,,,,,,,
NI,NI_Kana,miikana,miikan,3PlObvPoss,NONE,Poss,NONE,NONE,LocDist,omiikanaaminikaang,o<<miikan>>aaminikaang,GUESS,,,,,,,,,
NI,NI_Kana,miikana,miikan,1SgPoss,Dim,NONE,NONE,NONE,LocDist,nimiikanensikaang,ni<<miikan>>ensikaang,GUESS,nimiikanaansikaang,ni<<miikan>>aansikaang,GUESS,,,,,,
NI,NI_Kana,miikana,miikan,ExclPoss,Dim,NONE,NONE,NONE,LocDist,nimiikanensinaakaang,ni<<miikan>>ensinaakaang,GUESS,nimiikanaansinaakaang,ni<<miikan>>aansinaakaang,GUESS,,,,,,
NI,NI_Kana,miikana,miikan,InclPoss,Dim,NONE,NONE,NONE,LocDist,gimiikanensinaakaang,gi<<miikan>>ensinaakaang,GUESS,gimiikanaansinaakaang,gi<<miikan>>aansinaakaang,GUESS,,,,,,
NI,NI_Kana,miikana,miikan,2SgPoss,Dim,NONE,NONE,NONE,LocDist,gimiikanensikaang,gi<<miikan>>ensikaang,GUESS,gimiikanaansikaang,gi<<miikan>>aansikaang,GUESS,,,,,,
NI,NI_Kana,miikana,miikan,2PlPoss,Dim,NONE,NONE,NONE,LocDist,gimiikanensiwaakaang,gi<<miikan>>ensiwaakaang,GUESS,gimiikanaansiwaakaang,gi<<miikan>>aansiwaakaang,GUESS,,,,,,
NI,NI_Kana,miikana,miikan,3SgProxPoss,Dim,NONE,NONE,NONE,LocDist,omiikanensikaang,o<<miikan>>ensikaang,GUESS,omiikanaansikaang,o<<miikan>>aansikaang,GUESS,,,,,,
NI,NI_Kana,miikana,miikan,3PlProxPoss,Dim,NONE,NONE,NONE,LocDist,omiikanensiwaakaang,o<<miikan>>ensiwaakaang,GUESS,omiikanaansiwaakaang,o<<miikan>>aansiwaakaang,GUESS,,,,,,
NI,NI_Kana,miikana,miikan,3SgObvPoss,Dim,NONE,NONE,NONE,LocDist,omiikanensinikaang,o<<miikan>>ensinikaang,GUESS,omiikanaansinikaang,o<<miikan>>aansinikaang,GUESS,,,,,,
NI,NI_Kana,miikana,miikan,3PlObvPoss,Dim,NONE,NONE,NONE,LocDist,omiikanensinikaang,o<<miikan>>ensinikaang,GUESS,omiikanaansinikaang,o<<miikan>>aansinikaang,GUESS,,,,,,
NI,NI_Kana,miikana,miikan,1SgPoss,Dim,Poss,NONE,NONE,LocDist,nimiikanensimikaang,ni<<miikan>>ensimikaang,GUESS,nimiikanaansimikaang,ni<<miikan>>aansimikaang,GUESS,,,,,,
NI,NI_Kana,miikana,miikan,ExclPoss,Dim,Poss,NONE,NONE,LocDist,nimiikanensiminaakaang,ni<<miikan>>ensiminaakaang,GUESS,nimiikanaansiminaakaang,ni<<miikan>>aansiminaakaang,GUESS,,,,,,
NI,NI_Kana,miikana,miikan,InclPoss,Dim,Poss,NONE,NONE,LocDist,gimiikanensiminaakaang,gi<<miikan>>ensiminaakaang,GUESS,gimiikanaansiminaakaang,gi<<miikan>>aansiminaakaang,GUESS,,,,,,
NI,NI_Kana,miikana,miikan,2SgPoss,Dim,Poss,NONE,NONE,LocDist,gimiikanensimikaang,gi<<miikan>>ensimikaang,GUESS,gimiikanaansimikaang,gi<<miikan>>aansimikaang,GUESS,,,,,,
NI,NI_Kana,miikana,miikan,2PlPoss,Dim,Poss,NONE,NONE,LocDist,gimiikanensimiwaakaang,gi<<miikan>>ensimiwaakaang,GUESS,gimiikanaansimiwaakaang,gi<<miikan>>aansimiwaakaang,GUESS,,,,,,
NI,NI_Kana,miikana,miikan,3SgProxPoss,Dim,Poss,NONE,NONE,LocDist,omiikanensimikaang,o<<miikan>>ensimikaang,GUESS,omiikanaansimikaang,o<<miikan>>aansimikaang,GUESS,,,,,,
NI,NI_Kana,miikana,miikan,3PlProxPoss,Dim,Poss,NONE,NONE,LocDist,omiikanensimiwaakaang,o<<miikan>>ensimiwaakaang,GUESS,omiikanaansimiwaakaang,o<<miikan>>aansimiwaakaang,GUESS,,,,,,
NI,NI_Kana,miikana,miikan,3SgObvPoss,Dim,Poss,NONE,NONE,LocDist,omiikanensiminikaang,o<<miikan>>ensiminikaang,GUESS,omiikanaansiminikaang,o<<miikan>>aansiminikaang,GUESS,,,,,,
NI,NI_Kana,miikana,miikan,3PlObvPoss,Dim,Poss,NONE,NONE,LocDist,omiikanensiminikaang,o<<miikan>>ensiminikaang,GUESS,omiikanaansiminikaang,o<<miikan>>aansiminikaang,GUESS,,,,,,
NI,NI_Kana,miikana,miikan,1SgPoss,NONE,NONE,Pej,NONE,LocDist,nimiikanaashikaang,ni<<miikan>>aashikaang,GUESS,,,,,,,,,
NI,NI_Kana,miikana,miikan,ExclPoss,NONE,NONE,Pej,NONE,LocDist,nimiikanaashinaakaang,ni<<miikan>>aashinaakaang,GUESS,,,,,,,,,
NI,NI_Kana,miikana,miikan,InclPoss,NONE,NONE,Pej,NONE,LocDist,gimiikanaashinaakaang,gi<<miikan>>aashinaakaang,GUESS,,,,,,,,,
NI,NI_Kana,miikana,miikan,2SgPoss,NONE,NONE,Pej,NONE,LocDist,gimiikanaashikaang,gi<<miikan>>aashikaang,GUESS,,,,,,,,,
NI,NI_Kana,miikana,miikan,2PlPoss,NONE,NONE,Pej,NONE,LocDist,gimiikanaashiwaakaang,gi<<miikan>>aashiwaakaang,GUESS,,,,,,,,,
NI,NI_Kana,miikana,miikan,3SgProxPoss,NONE,NONE,Pej,NONE,LocDist,omiikanaashikaang,o<<miikan>>aashikaang,GUESS,,,,,,,,,
NI,NI_Kana,miikana,miikan,3PlProxPoss,NONE,NONE,Pej,NONE,LocDist,omiikanaashiwaakaang,o<<miikan>>aashiwaakaang,GUESS,,,,,,,,,
NI,NI_Kana,miikana,miikan,3SgObvPoss,NONE,NONE,Pej,NONE,LocDist,omiikanaashinikaang,o<<miikan>>aashinikaang,GUESS,,,,,,,,,
NI,NI_Kana,miikana,miikan,3PlObvPoss,NONE,NONE,Pej,NONE,LocDist,omiikanaashinikaang,o<<miikan>>aashinikaang,GUESS,,,,,,,,,
NI,NI_Kana,miikana,miikan,1SgPoss,NONE,Poss,Pej,NONE,LocDist,nimiikanaamishikaang,ni<<miikan>>aamishikaang,GUESS,,,,,,,,,
NI,NI_Kana,miikana,miikan,ExclPoss,NONE,Poss,Pej,NONE,LocDist,nimiikanaamishinaakaang,ni<<miikan>>aamishinaakaang,GUESS,,,,,,,,,
NI,NI_Kana,miikana,miikan,InclPoss,NONE,Poss,Pej,NONE,LocDist,gimiikanaamishinaakaang,gi<<miikan>>aamishinaakaang,GUESS,,,,,,,,,
NI,NI_Kana,miikana,miikan,2SgPoss,NONE,Poss,Pej,NONE,LocDist,gimiikanaamishikaang,gi<<miikan>>aamishikaang,GUESS,,,,,,,,,
NI,NI_Kana,miikana,miikan,2PlPoss,NONE,Poss,Pej,NONE,LocDist,gimiikanaamishiwaakaang,gi<<miikan>>aamishiwaakaang,GUESS,,,,,,,,,
NI,NI_Kana,miikana,miikan,3SgProxPoss,NONE,Poss,Pej,NONE,LocDist,omiikanaamishikaang,o<<miikan>>aamishikaang,GUESS,,,,,,,,,
NI,NI_Kana,miikana,miikan,3PlProxPoss,NONE,Poss,Pej,NONE,LocDist,omiikanaamishiwaakaang,o<<miikan>>aamishiwaakaang,GUESS,,,,,,,,,
NI,NI_Kana,miikana,miikan,3SgObvPoss,NONE,Poss,Pej,NONE,LocDist,omiikanaamishinikaang,o<<miikan>>aamishinikaang,GUESS,,,,,,,,,
NI,NI_Kana,miikana,miikan,3PlObvPoss,NONE,Poss,Pej,NONE,LocDist,omiikanaamishinikaang,o<<miikan>>aamishinikaang,GUESS,,,,,,,,,
NI,NI_Kana,miikana,miikan,1SgPoss,Dim,NONE,Pej,NONE,LocDist,nimiikanenzhishikaang,ni<<miikan>>enzhishikaang,GUESS,nimiikanaanzhishikaang,ni<<miikan>>aanzhishikaang,GUESS,,,,,,
NI,NI_Kana,miikana,miikan,ExclPoss,Dim,NONE,Pej,NONE,LocDist,nimiikanenzhishinaakaang,ni<<miikan>>enzhishinaakaang,GUESS,nimiikanaanzhishinaakaang,ni<<miikan>>aanzhishinaakaang,GUESS,,,,,,
NI,NI_Kana,miikana,miikan,InclPoss,Dim,NONE,Pej,NONE,LocDist,gimiikanenzhishinaakaang,gi<<miikan>>enzhishinaakaang,GUESS,gimiikanaanzhishinaakaang,gi<<miikan>>aanzhishinaakaang,GUESS,,,,,,
NI,NI_Kana,miikana,miikan,2SgPoss,Dim,NONE,Pej,NONE,LocDist,gimiikanenzhishikaang,gi<<miikan>>enzhishikaang,GUESS,gimiikanaanzhishikaang,gi<<miikan>>aanzhishikaang,GUESS,,,,,,
NI,NI_Kana,miikana,miikan,2PlPoss,Dim,NONE,Pej,NONE,LocDist,gimiikanenzhishiwaakaang,gi<<miikan>>enzhishiwaakaang,GUESS,gimiikanaanzhishiwaakaang,gi<<miikan>>aanzhishiwaakaang,GUESS,,,,,,
NI,NI_Kana,miikana,miikan,3SgProxPoss,Dim,NONE,Pej,NONE,LocDist,omiikanenzhishikaang,o<<miikan>>enzhishikaang,GUESS,omiikanaanzhishikaang,o<<miikan>>aanzhishikaang,GUESS,,,,,,
NI,NI_Kana,miikana,miikan,3PlProxPoss,Dim,NONE,Pej,NONE,LocDist,omiikanenzhishiwaakaang,o<<miikan>>enzhishiwaakaang,GUESS,omiikanaanzhishiwaakaang,o<<miikan>>aanzhishiwaakaang,GUESS,,,,,,
NI,NI_Kana,miikana,miikan,3SgObvPoss,Dim,NONE,Pej,NONE,LocDist,omiikanenzhishinikaang,o<<miikan>>enzhishinikaang,GUESS,omiikanaanzhishinikaang,o<<miikan>>aanzhishinikaang,GUESS,,,,,,
NI,NI_Kana,miikana,miikan,3PlObvPoss,Dim,NONE,Pej,NONE,LocDist,omiikanenzhishinikaang,o<<miikan>>enzhishinikaang,GUESS,omiikanaanzhishinikaang,o<<miikan>>aanzhishinikaang,GUESS,,,,,,
NI,NI_Kana,miikana,miikan,1SgPoss,Dim,Poss,Pej,NONE,LocDist,nimiikanensimishikaang,ni<<miikan>>ensimishikaang,GUESS,nimiikanaansimishikaang,ni<<miikan>>aansimishikaang,GUESS,,,,,,
NI,NI_Kana,miikana,miikan,ExclPoss,Dim,Poss,Pej,NONE,LocDist,nimiikanensimishinaakaang,ni<<miikan>>ensimishinaakaang,GUESS,nimiikanaansimishinaakaang,ni<<miikan>>aansimishinaakaang,GUESS,,,,,,
NI,NI_Kana,miikana,miikan,InclPoss,Dim,Poss,Pej,NONE,LocDist,gimiikanensimishinaakaang,gi<<miikan>>ensimishinaakaang,GUESS,gimiikanaansimishinaakaang,gi<<miikan>>aansimishinaakaang,GUESS,,,,,,
NI,NI_Kana,miikana,miikan,2SgPoss,Dim,Poss,Pej,NONE,LocDist,gimiikanensimishikaang,gi<<miikan>>ensimishikaang,GUESS,gimiikanaansimishikaang,gi<<miikan>>aansimishikaang,GUESS,,,,,,
NI,NI_Kana,miikana,miikan,2PlPoss,Dim,Poss,Pej,NONE,LocDist,gimiikanensimishiwaakaang,gi<<miikan>>ensimishiwaakaang,GUESS,gimiikanaansimishiwaakaang,gi<<miikan>>aansimishiwaakaang,GUESS,,,,,,
NI,NI_Kana,miikana,miikan,3SgProxPoss,Dim,Poss,Pej,NONE,LocDist,omiikanensimishikaang,o<<miikan>>ensimishikaang,GUESS,omiikanaansimishikaang,o<<miikan>>aansimishikaang,GUESS,,,,,,
NI,NI_Kana,miikana,miikan,3PlProxPoss,Dim,Poss,Pej,NONE,LocDist,omiikanensimishiwaakaang,o<<miikan>>ensimishiwaakaang,GUESS,omiikanaansimishiwaakaang,o<<miikan>>aansimishiwaakaang,GUESS,,,,,,
NI,NI_Kana,miikana,miikan,3SgObvPoss,Dim,Poss,Pej,NONE,LocDist,omiikanensimishinikaang,o<<miikan>>ensimishinikaang,GUESS,omiikanaansimishinikaang,o<<miikan>>aansimishinikaang,GUESS,,,,,,
NI,NI_Kana,miikana,miikan,3PlObvPoss,Dim,Poss,Pej,NONE,LocDist,omiikanensimishinikaang,o<<miikan>>ensimishinikaang,GUESS,omiikanaansimishinikaang,o<<miikan>>aansimishinikaang,GUESS,,,,,,
NI,NI_Kana,miikana,miikan,NONE,NONE,NONE,NONE,Pret,Loc,miikanaabaning,<<miikan>>aabaning,OPD,,,,,,,,,
NI,NI_Kana,miikana,miikan,NONE,Dim,NONE,NONE,Pret,Loc,miikanensibaning,<<miikan>>ensibaning,OPD,miikanaansibaning,<<miikan>>aansibaning,OPD,,,,,,
NI,NI_Kana,miikana,miikan,NONE,NONE,NONE,NONE,Pret,Pl,miikanaabaniin,<<miikan>>aabaniin,OPD,miikanaabanen,<<miikan>>aabanen,GUESS,,,,,,
NI,NI_Kana,miikana,miikan,NONE,Dim,NONE,NONE,Pret,Pl,miikanensibaniin,<<miikan>>ensibaniin,OPD,miikanaansibaniin,<<miikan>>aansibaniin,OPD,miikanensibanen,<<miikan>>ensibanen,GUESS,miikanaansibanen,<<miikan>>aansibanen,GUESS
NI,NI_Kana,miikana,miikan,1SgPoss,NONE,NONE,NONE,Pret,Pl,nimiikanaabaniin,ni<<miikan>>aabaniin,OPD,nimiikanaabanen,ni<<miikan>>aabanen,GUESS,,,,,,
NI,NI_Kana,miikana,miikan,ExclPoss,NONE,NONE,NONE,Pret,Pl,nimiikanaanaabaniin,ni<<miikan>>aanaabaniin,OPD,nimiikanaanaabanen,ni<<miikan>>aanaabanen,GUESS,,,,,,
NI,NI_Kana,miikana,miikan,InclPoss,NONE,NONE,NONE,Pret,Pl,gimiikanaanaabaniin,gi<<miikan>>aanaabaniin,OPD,gimiikanaanaabanen,gi<<miikan>>aanaabanen,GUESS,,,,,,
NI,NI_Kana,miikana,miikan,2SgPoss,NONE,NONE,NONE,Pret,Pl,gimiikanaabaniin,gi<<miikan>>aabaniin,OPD,gimiikanaabanen,gi<<miikan>>aabanen,GUESS,,,,,,
NI,NI_Kana,miikana,miikan,2PlPoss,NONE,NONE,NONE,Pret,Pl,gimiikanaawaabaniin,gi<<miikan>>aawaabaniin,OPD,gimiikanaawaabanen,gi<<miikan>>aawaabanen,GUESS,,,,,,
NI,NI_Kana,miikana,miikan,3SgProxPoss,NONE,NONE,NONE,Pret,Pl,omiikanaabaniin,o<<miikan>>aabaniin,OPD,omiikanaabanen,o<<miikan>>aabanen,GUESS,,,,,,
NI,NI_Kana,miikana,miikan,3PlProxPoss,NONE,NONE,NONE,Pret,Pl,omiikanaawaabaniin,o<<miikan>>aawaabaniin,OPD,omiikanaawaabanen,o<<miikan>>aawaabanen,GUESS,,,,,,
NI,NI_Kana,miikana,miikan,3SgObvPoss,NONE,NONE,NONE,Pret,Pl,omiikanaaniban,o<<miikan>>aaniban,OPD,,,,,,,,,
NI,NI_Kana,miikana,miikan,3PlObvPoss,NONE,NONE,NONE,Pret,Pl,omiikanaaniban,o<<miikan>>aaniban,GUESS,,,,,,,,,
NI,NI_Kana,miikana,miikan,1SgPoss,NONE,Poss,NONE,Pret,Pl,nimiikanaamibaniin,ni<<miikan>>aamibaniin,OPD,nimiikanaamibanen,ni<<miikan>>aamibanen,GUESS,,,,,,
NI,NI_Kana,miikana,miikan,ExclPoss,NONE,Poss,NONE,Pret,Pl,nimiikanaaminaabaniin,ni<<miikan>>aaminaabaniin,OPD,nimiikanaaminaabanen,ni<<miikan>>aaminaabanen,GUESS,,,,,,
NI,NI_Kana,miikana,miikan,InclPoss,NONE,Poss,NONE,Pret,Pl,gimiikanaaminaabaniin,gi<<miikan>>aaminaabaniin,OPD,gimiikanaaminaabanen,gi<<miikan>>aaminaabanen,GUESS,,,,,,
NI,NI_Kana,miikana,miikan,2SgPoss,NONE,Poss,NONE,Pret,Pl,gimiikanaamibaniin,gi<<miikan>>aamibaniin,OPD,gimiikanaamibanen,gi<<miikan>>aamibanen,GUESS,,,,,,
NI,NI_Kana,miikana,miikan,2PlPoss,NONE,Poss,NONE,Pret,Pl,gimiikanaamiwaabaniin,gi<<miikan>>aamiwaabaniin,OPD,gimiikanaamiwaabanen,gi<<miikan>>aamiwaabanen,GUESS,,,,,,
NI,NI_Kana,miikana,miikan,3SgProxPoss,NONE,Poss,NONE,Pret,Pl,omiikanaamibaniin,o<<miikan>>aamibaniin,OPD,omiikanaamibanen,o<<miikan>>aamibanen,GUESS,,,,,,
NI,NI_Kana,miikana,miikan,3PlProxPoss,NONE,Poss,NONE,Pret,Pl,omiikanaamiwaabaniin,o<<miikan>>aamiwaabaniin,OPD,omiikanaamiwaabanen,o<<miikan>>aamiwaabanen,GUESS,,,,,,
NI,NI_Kana,miikana,miikan,3SgObvPoss,NONE,Poss,NONE,Pret,Pl,omiikanaaminiban,o<<miikan>>aaminiban,OPD,,,,,,,,,
NI,NI_Kana,miikana,miikan,3PlObvPoss,NONE,Poss,NONE,Pret,Pl,omiikanaaminiban,o<<miikan>>aaminiban,GUESS,,,,,,,,,
NI,NI_Kana,miikana,miikan,1SgPoss,Dim,NONE,NONE,Pret,Pl,nimiikanensibaniin,ni<<miikan>>ensibaniin,OPD,nimiikanaansibaniin,ni<<miikan>>aansibaniin,OPD,nimiikanensibanen,ni<<miikan>>ensibanen,GUESS,nimiikanaansibanen,ni<<miikan>>aansibanen,GUESS
NI,NI_Kana,miikana,miikan,ExclPoss,Dim,NONE,NONE,Pret,Pl,nimiikanensinaabaniin,ni<<miikan>>ensinaabaniin,OPD,nimiikanaansinaabaniin,ni<<miikan>>aansinaabaniin,OPD,nimiikanensinaabanen,ni<<miikan>>ensinaabanen,GUESS,nimiikanaansinaabanen,ni<<miikan>>aansinaabanen,GUESS
NI,NI_Kana,miikana,miikan,InclPoss,Dim,NONE,NONE,Pret,Pl,gimiikanensinaabaniin,gi<<miikan>>ensinaabaniin,OPD,gimiikanaansinaabaniin,gi<<miikan>>aansinaabaniin,OPD,gimiikanensinaabanen,gi<<miikan>>ensinaabanen,GUESS,gimiikanaansinaabanen,gi<<miikan>>aansinaabanen,GUESS
NI,NI_Kana,miikana,miikan,2SgPoss,Dim,NONE,NONE,Pret,Pl,gimiikanensibaniin,gi<<miikan>>ensibaniin,OPD,gimiikanaansibaniin,gi<<miikan>>aansibaniin,OPD,gimiikanensibanen,gi<<miikan>>ensibanen,GUESS,gimiikanaansibanen,gi<<miikan>>aansibanen,GUESS
NI,NI_Kana,miikana,miikan,2PlPoss,Dim,NONE,NONE,Pret,Pl,gimiikanensiwaabaniin,gi<<miikan>>ensiwaabaniin,OPD,gimiikanaansiwaabaniin,gi<<miikan>>aansiwaabaniin,OPD,gimiikanensiwaabanen,gi<<miikan>>ensiwaabanen,GUESS,gimiikanaansiwaabanen,gi<<miikan>>aansiwaabanen,GUESS
NI,NI_Kana,miikana,miikan,3SgProxPoss,Dim,NONE,NONE,Pret,Pl,omiikanensibaniin,o<<miikan>>ensibaniin,OPD,omiikanaansibaniin,o<<miikan>>aansibaniin,OPD,omiikanensibanen,o<<miikan>>ensibanen,GUESS,omiikanaansibanen,o<<miikan>>aansibanen,GUESS
NI,NI_Kana,miikana,miikan,3PlProxPoss,Dim,NONE,NONE,Pret,Pl,omiikanensiwaabaniin,o<<miikan>>ensiwaabaniin,OPD,omiikanaansiwaabaniin,o<<miikan>>aansiwaabaniin,OPD,omiikanensiwaabanen,o<<miikan>>ensiwaabanen,GUESS,omiikanaansiwaabanen,o<<miikan>>aansiwaabanen,GUESS
NI,NI_Kana,miikana,miikan,3SgObvPoss,Dim,NONE,NONE,Pret,Pl,omiikanensiniban,o<<miikan>>ensiniban,OPD,omiikanaansiniban,o<<miikan>>aansiniban,OPD,,,,,,
NI,NI_Kana,miikana,miikan,3PlObvPoss,Dim,NONE,NONE,Pret,Pl,omiikanensiniban,o<<miikan>>ensiniban,GUESS,omiikanaansiniban,o<<miikan>>aansiniban,GUESS,,,,,,
NI,NI_Kana,miikana,miikan,1SgPoss,Dim,Poss,NONE,Pret,Pl,nimiikanensimibaniin,ni<<miikan>>ensimibaniin,OPD,nimiikanaansimibaniin,ni<<miikan>>aansimibaniin,OPD,nimiikanensimibanen,ni<<miikan>>ensimibanen,GUESS,nimiikanaansimibanen,ni<<miikan>>aansimibanen,GUESS
NI,NI_Kana,miikana,miikan,ExclPoss,Dim,Poss,NONE,Pret,Pl,nimiikanensiminaabaniin,ni<<miikan>>ensiminaabaniin,OPD,nimiikanaansiminaabaniin,ni<<miikan>>aansiminaabaniin,OPD,nimiikanensiminaabanen,ni<<miikan>>ensiminaabanen,GUESS,nimiikanaansiminaabanen,ni<<miikan>>aansiminaabanen,GUESS
NI,NI_Kana,miikana,miikan,InclPoss,Dim,Poss,NONE,Pret,Pl,gimiikanensiminaabaniin,gi<<miikan>>ensiminaabaniin,OPD,gimiikanaansiminaabaniin,gi<<miikan>>aansiminaabaniin,OPD,gimiikanensiminaabanen,gi<<miikan>>ensiminaabanen,GUESS,gimiikanaansiminaabanen,gi<<miikan>>aansiminaabanen,GUESS
NI,NI_Kana,miikana,miikan,2SgPoss,Dim,Poss,NONE,Pret,Pl,gimiikanensimibaniin,gi<<miikan>>ensimibaniin,OPD,gimiikanaansimibaniin,gi<<miikan>>aansimibaniin,OPD,gimiikanensimibanen,gi<<miikan>>ensimibanen,GUESS,gimiikanaansimibanen,gi<<miikan>>aansimibanen,GUESS
NI,NI_Kana,miikana,miikan,2PlPoss,Dim,Poss,NONE,Pret,Pl,gimiikanensimiwaabaniin,gi<<miikan>>ensimiwaabaniin,OPD,gimiikanaansimiwaabaniin,gi<<miikan>>aansimiwaabaniin,OPD,gimiikanensimiwaabanen,gi<<miikan>>ensimiwaabanen,GUESS,gimiikanaansimiwaabanen,gi<<miikan>>aansimiwaabanen,GUESS
NI,NI_Kana,miikana,miikan,3SgProxPoss,Dim,Poss,NONE,Pret,Pl,omiikanensimibaniin,o<<miikan>>ensimibaniin,OPD,omiikanaansimibaniin,o<<miikan>>aansimibaniin,OPD,omiikanensimibanen,o<<miikan>>ensimibanen,GUESS,omiikanaansimibanen,o<<miikan>>aansimibanen,GUESS
NI,NI_Kana,miikana,miikan,3PlProxPoss,Dim,Poss,NONE,Pret,Pl,omiikanensimiwaabaniin,o<<miikan>>ensimiwaabaniin,OPD,omiikanaansimiwaabaniin,o<<miikan>>aansimiwaabaniin,OPD,omiikanensimiwaabanen,o<<miikan>>ensimiwaabanen,GUESS,omiikanaansimiwaabanen,o<<miikan>>aansimiwaabanen,GUESS
NI,NI_Kana,miikana,miikan,3SgObvPoss,Dim,Poss,NONE,Pret,Pl,omiikanensiminiban,o<<miikan>>ensiminiban,OPD,omiikanaansiminiban,o<<miikan>>aansiminiban,OPD,,,,,,
NI,NI_Kana,miikana,miikan,3PlObvPoss,Dim,Poss,NONE,Pret,Pl,omiikanensiminiban,o<<miikan>>ensiminiban,GUESS,omiikanaansiminiban,o<<miikan>>aansiminiban,GUESS,,,,,,
NI,NI_Kana,miikana,miikan,NONE,NONE,NONE,NONE,Pret,Sg,miikanaaban,<<miikan>>aaban,OPD,miikanaaban,<<miikan>>aaban,GUESS,,,,,,
NI,NI_Kana,miikana,miikan,NONE,Dim,NONE,NONE,Pret,Sg,miikanensiban,<<miikan>>ensiban,OPD,miikanaansiban,<<miikan>>aansiban,OPD,miikanensiban,<<miikan>>ensiban,GUESS,miikanaansiban,<<miikan>>aansiban,GUESS
NI,NI_Kana,miikana,miikan,1SgPoss,NONE,NONE,NONE,Pret,Sg,nimiikanaaban,ni<<miikan>>aaban,OPD,nimiikanaaban,ni<<miikan>>aaban,GUESS,,,,,,
NI,NI_Kana,miikana,miikan,ExclPoss,NONE,NONE,NONE,Pret,Sg,nimiikanaanaaban,ni<<miikan>>aanaaban,OPD,nimiikanaanaaban,ni<<miikan>>aanaaban,GUESS,,,,,,
NI,NI_Kana,miikana,miikan,InclPoss,NONE,NONE,NONE,Pret,Sg,gimiikanaanaaban,gi<<miikan>>aanaaban,OPD,gimiikanaanaaban,gi<<miikan>>aanaaban,GUESS,,,,,,
NI,NI_Kana,miikana,miikan,2SgPoss,NONE,NONE,NONE,Pret,Sg,gimiikanaaban,gi<<miikan>>aaban,OPD,gimiikanaaban,gi<<miikan>>aaban,GUESS,,,,,,
NI,NI_Kana,miikana,miikan,2PlPoss,NONE,NONE,NONE,Pret,Sg,gimiikanaawaaban,gi<<miikan>>aawaaban,OPD,gimiikanaawaaban,gi<<miikan>>aawaaban,GUESS,,,,,,
NI,NI_Kana,miikana,miikan,3SgProxPoss,NONE,NONE,NONE,Pret,Sg,omiikanaaban,o<<miikan>>aaban,OPD,omiikanaaban,o<<miikan>>aaban,GUESS,,,,,,
NI,NI_Kana,miikana,miikan,3PlProxPoss,NONE,NONE,NONE,Pret,Sg,omiikanaawaaban,o<<miikan>>aawaaban,OPD,omiikanaawaaban,o<<miikan>>aawaaban,GUESS,,,,,,
NI,NI_Kana,miikana,miikan,3SgObvPoss,NONE,NONE,NONE,Pret,Sg,omiikanaaniban,o<<miikan>>aaniban,OPD,,,,,,,,,
NI,NI_Kana,miikana,miikan,3PlObvPoss,NONE,NONE,NONE,Pret,Sg,omiikanaaniban,o<<miikan>>aaniban,GUESS,,,,,,,,,
NI,NI_Kana,miikana,miikan,1SgPoss,NONE,Poss,NONE,Pret,Sg,nimiikanaamiban,ni<<miikan>>aamiban,OPD,nimiikanaamiban,ni<<miikan>>aamiban,GUESS,,,,,,
NI,NI_Kana,miikana,miikan,ExclPoss,NONE,Poss,NONE,Pret,Sg,nimiikanaaminaaban,ni<<miikan>>aaminaaban,OPD,nimiikanaaminaaban,ni<<miikan>>aaminaaban,GUESS,,,,,,
NI,NI_Kana,miikana,miikan,InclPoss,NONE,Poss,NONE,Pret,Sg,gimiikanaaminaaban,gi<<miikan>>aaminaaban,OPD,gimiikanaaminaaban,gi<<miikan>>aaminaaban,GUESS,,,,,,
NI,NI_Kana,miikana,miikan,2SgPoss,NONE,Poss,NONE,Pret,Sg,gimiikanaamiban,gi<<miikan>>aamiban,OPD,gimiikanaamiban,gi<<miikan>>aamiban,GUESS,,,,,,
NI,NI_Kana,miikana,miikan,2PlPoss,NONE,Poss,NONE,Pret,Sg,gimiikanaamiwaaban,gi<<miikan>>aamiwaaban,OPD,gimiikanaamiwaaban,gi<<miikan>>aamiwaaban,GUESS,,,,,,
NI,NI_Kana,miikana,miikan,3SgProxPoss,NONE,Poss,NONE,Pret,Sg,omiikanaamiban,o<<miikan>>aamiban,OPD,omiikanaamiban,o<<miikan>>aamiban,GUESS,,,,,,
NI,NI_Kana,miikana,miikan,3PlProxPoss,NONE,Poss,NONE,Pret,Sg,omiikanaamiwaaban,o<<miikan>>aamiwaaban,OPD,omiikanaamiwaaban,o<<miikan>>aamiwaaban,GUESS,,,,,,
NI,NI_Kana,miikana,miikan,3SgObvPoss,NONE,Poss,NONE,Pret,Sg,omiikanaaminiban,o<<miikan>>aaminiban,OPD,,,,,,,,,
NI,NI_Kana,miikana,miikan,3PlObvPoss,NONE,Poss,NONE,Pret,Sg,omiikanaaminiban,o<<miikan>>aaminiban,GUESS,,,,,,,,,
NI,NI_Kana,miikana,miikan,1SgPoss,Dim,NONE,NONE,Pret,Sg,nimiikanensiban,ni<<miikan>>ensiban,OPD,nimiikanaansiban,ni<<miikan>>aansiban,OPD,nimiikanensiban,ni<<miikan>>ensiban,GUESS,nimiikanaansiban,ni<<miikan>>aansiban,GUESS
NI,NI_Kana,miikana,miikan,ExclPoss,Dim,NONE,NONE,Pret,Sg,nimiikanensinaaban,ni<<miikan>>ensinaaban,OPD,nimiikanaansinaaban,ni<<miikan>>aansinaaban,OPD,nimiikanensinaaban,ni<<miikan>>ensinaaban,GUESS,nimiikanaansinaaban,ni<<miikan>>aansinaaban,GUESS
NI,NI_Kana,miikana,miikan,InclPoss,Dim,NONE,NONE,Pret,Sg,gimiikanensinaaban,gi<<miikan>>ensinaaban,OPD,gimiikanaansinaaban,gi<<miikan>>aansinaaban,OPD,gimiikanensinaaban,gi<<miikan>>ensinaaban,GUESS,gimiikanaansinaaban,gi<<miikan>>aansinaaban,GUESS
NI,NI_Kana,miikana,miikan,2SgPoss,Dim,NONE,NONE,Pret,Sg,gimiikanensiban,gi<<miikan>>ensiban,OPD,gimiikanaansiban,gi<<miikan>>aansiban,OPD,gimiikanensiban,gi<<miikan>>ensiban,GUESS,gimiikanaansiban,gi<<miikan>>aansiban,GUESS
NI,NI_Kana,miikana,miikan,2PlPoss,Dim,NONE,NONE,Pret,Sg,gimiikanensiwaaban,gi<<miikan>>ensiwaaban,OPD,gimiikanaansiwaaban,gi<<miikan>>aansiwaaban,OPD,gimiikanensiwaaban,gi<<miikan>>ensiwaaban,GUESS,gimiikanaansiwaaban,gi<<miikan>>aansiwaaban,GUESS
NI,NI_Kana,miikana,miikan,3SgProxPoss,Dim,NONE,NONE,Pret,Sg,omiikanensiban,o<<miikan>>ensiban,OPD,omiikanaansiban,o<<miikan>>aansiban,OPD,omiikanensiban,o<<miikan>>ensiban,GUESS,omiikanaansiban,o<<miikan>>aansiban,GUESS
NI,NI_Kana,miikana,miikan,3PlProxPoss,Dim,NONE,NONE,Pret,Sg,omiikanensiwaaban,o<<miikan>>ensiwaaban,OPD,omiikanaansiwaaban,o<<miikan>>aansiwaaban,OPD,omiikanensiwaaban,o<<miikan>>ensiwaaban,GUESS,omiikanaansiwaaban,o<<miikan>>aansiwaaban,GUESS
NI,NI_Kana,miikana,miikan,3SgObvPoss,Dim,NONE,NONE,Pret,Sg,omiikanensiniban,o<<miikan>>ensiniban,OPD,omiikanaansiniban,o<<miikan>>aansiniban,OPD,,,,,,
NI,NI_Kana,miikana,miikan,3PlObvPoss,Dim,NONE,NONE,Pret,Sg,omiikanensiniban,o<<miikan>>ensiniban,GUESS,omiikanaansiniban,o<<miikan>>aansiniban,GUESS,,,,,,
NI,NI_Kana,miikana,miikan,1SgPoss,Dim,Poss,NONE,Pret,Sg,nimiikanensimiban,ni<<miikan>>ensimiban,OPD,nimiikanaansimiban,ni<<miikan>>aansimiban,OPD,nimiikanensimiban,ni<<miikan>>ensimiban,GUESS,nimiikanaansimiban,ni<<miikan>>aansimiban,GUESS
NI,NI_Kana,miikana,miikan,ExclPoss,Dim,Poss,NONE,Pret,Sg,nimiikanensiminaaban,ni<<miikan>>ensiminaaban,OPD,nimiikanaansiminaaban,ni<<miikan>>aansiminaaban,OPD,nimiikanensiminaaban,ni<<miikan>>ensiminaaban,GUESS,nimiikanaansiminaaban,ni<<miikan>>aansiminaaban,GUESS
NI,NI_Kana,miikana,miikan,InclPoss,Dim,Poss,NONE,Pret,Sg,gimiikanensiminaaban,gi<<miikan>>ensiminaaban,OPD,gimiikanaansiminaaban,gi<<miikan>>aansiminaaban,OPD,gimiikanensiminaaban,gi<<miikan>>ensiminaaban,GUESS,gimiikanaansiminaaban,gi<<miikan>>aansiminaaban,GUESS
NI,NI_Kana,miikana,miikan,2SgPoss,Dim,Poss,NONE,Pret,Sg,gimiikanensimiban,gi<<miikan>>ensimiban,OPD,gimiikanaansimiban,gi<<miikan>>aansimiban,OPD,gimiikanensimiban,gi<<miikan>>ensimiban,GUESS,gimiikanaansimiban,gi<<miikan>>aansimiban,GUESS
NI,NI_Kana,miikana,miikan,2PlPoss,Dim,Poss,NONE,Pret,Sg,gimiikanensimiwaaban,gi<<miikan>>ensimiwaaban,OPD,gimiikanaansimiwaaban,gi<<miikan>>aansimiwaaban,OPD,gimiikanensimiwaaban,gi<<miikan>>ensimiwaaban,GUESS,gimiikanaansimiwaaban,gi<<miikan>>aansimiwaaban,GUESS
NI,NI_Kana,miikana,miikan,3SgProxPoss,Dim,Poss,NONE,Pret,Sg,omiikanensimiban,o<<miikan>>ensimiban,OPD,omiikanaansimiban,o<<miikan>>aansimiban,OPD,omiikanensimiban,o<<miikan>>ensimiban,GUESS,omiikanaansimiban,o<<miikan>>aansimiban,GUESS
NI,NI_Kana,miikana,miikan,3PlProxPoss,Dim,Poss,NONE,Pret,Sg,omiikanensimiwaaban,o<<miikan>>ensimiwaaban,OPD,omiikanaansimiwaaban,o<<miikan>>aansimiwaaban,OPD,omiikanensimiwaaban,o<<miikan>>ensimiwaaban,GUESS,omiikanaansimiwaaban,o<<miikan>>aansimiwaaban,GUESS
NI,NI_Kana,miikana,miikan,3SgObvPoss,Dim,Poss,NONE,Pret,Sg,omiikanensiminiban,o<<miikan>>ensiminiban,OPD,omiikanaansiminiban,o<<miikan>>aansiminiban,OPD,,,,,,
NI,NI_Kana,miikana,miikan,3PlObvPoss,Dim,Poss,NONE,Pret,Sg,omiikanensiminiban,o<<miikan>>ensiminiban,GUESS,omiikanaansiminiban,o<<miikan>>aansiminiban,GUESS,,,,,,
NI,NI_Kana,miikana,miikan,NONE,NONE,NONE,NONE,Pret,LocDist,miikanaabanikaang,<<miikan>>aabanikaang,GUESS,miikanaabanikaang,<<miikan>>aabanikaang,GUESS,,,,,,
NI,NI_Kana,miikana,miikan,NONE,Dim,NONE,NONE,Pret,LocDist,miikanensibanikaang,<<miikan>>ensibanikaang,GUESS,miikanaansibanikaang,<<miikan>>aansibanikaang,GUESS,miikanensibanikaang,<<miikan>>ensibanikaang,GUESS,miikanaansibanikaang,<<miikan>>aansibanikaang,GUESS