Paradigm,Class,Lemma,Stem,PersPoss,Dim,Poss,Pej,Pret,Basic,Form1Surface,Form1Split,Form1Source,Form2Surface,Form2Split,Form2Source
NI,NI_Vw,mashkiki,mashkikiw2,NONE,NONE,NONE,NONE,NONE,Loc,mashkikiing,<<mashkikiw2>>V1ng,JDN-2010-Nouns,,,
NI,NI_Vw,mashkiki,mashkikiw2,NONE,Dim,NONE,NONE,NONE,Loc,mashkikiinsing,<<mashkikiw2>>V1nsing,JDN-2010-Nouns,mashkikiwensing,<<mashkikiw2>>ensing,GUESS
NI,NI_Vw,mashkiki,mashkikiw2,NONE,NONE,NONE,Pej,NONE,Loc,mashkikiwishing,<<mashkikiw2>>ishing,JDN-2010-Nouns,,,
NI,NI_Vw,mashkiki,mashkikiw2,NONE,NONE,NONE,NONE,Pret,Loc,mashkikiwibaning,<<mashkikiw2>>ibaning,JDN-2010-Nouns,,,
NI,NI_Vw,mashkiki,mashkikiw2,NONE,Dim,NONE,Pej,NONE,Loc,mashkikiinzhishing,<<mashkikiw2>>V1nzhishing,JDN-2010-Nouns,mashkikiwenzhishing,<<mashkikiw2>>enzhishing,GUESS
NI,NI_Vw,mashkiki,mashkikiw2,NONE,Dim,NONE,NONE,Pret,Loc,mashkikiinsibaning,<<mashkikiw2>>V1nsibaning,JDN-2010-Nouns,mashkikiwensibaning,<<mashkikiw2>>ensibaning,GUESS
NI,NI_Vw,mashkiki,mashkikiw2,1SgPoss,NONE,NONE,NONE,NONE,Loc,nimashkikiing,ni<<mashkikiw2>>V1ng,JDN-2010-Nouns,,,
NI,NI_Vw,mashkiki,mashkikiw2,ExclPoss,NONE,NONE,NONE,NONE,Loc,nimashkikiinaang,ni<<mashkikiw2>>V1naang,JDN-2010-Nouns,,,
NI,NI_Vw,mashkiki,mashkikiw2,InclPoss,NONE,NONE,NONE,NONE,Loc,gimashkikiinaang,gi<<mashkikiw2>>V1naang,JDN-2010-Nouns,,,
NI,NI_Vw,mashkiki,mashkikiw2,2SgPoss,NONE,NONE,NONE,NONE,Loc,gimashkikiing,gi<<mashkikiw2>>V1ng,JDN-2010-Nouns,,,
NI,NI_Vw,mashkiki,mashkikiw2,2PlPoss,NONE,NONE,NONE,NONE,Loc,gimashkikiiwaang,gi<<mashkikiw2>>V1waang,JDN-2010-Nouns,,,
NI,NI_Vw,mashkiki,mashkikiw2,3SgProxPoss,NONE,NONE,NONE,NONE,Loc,omashkikiing,o<<mashkikiw2>>V1ng,JDN-2010-Nouns,,,
NI,NI_Vw,mashkiki,mashkikiw2,3PlProxPoss,NONE,NONE,NONE,NONE,Loc,omashkikiiwaang,o<<mashkikiw2>>V1waang,JDN-2010-Nouns,,,
NI,NI_Vw,mashkiki,mashkikiw2,3SgObvPoss,NONE,NONE,NONE,NONE,Loc,omashkikiining,o<<mashkikiw2>>V1ning,JDN-2010-Nouns,,,
NI,NI_Vw,mashkiki,mashkikiw2,3PlObvPoss,NONE,NONE,NONE,NONE,Loc,omashkikiining,o<<mashkikiw2>>V1ning,GUESS,,,
NI,NI_Vw,mashkiki,mashkikiw2,1SgPoss,NONE,Poss,NONE,NONE,Loc,nimashkikiiming,ni<<mashkikiw2>>V1ming,JDN-2010-Nouns,,,
NI,NI_Vw,mashkiki,mashkikiw2,ExclPoss,NONE,Poss,NONE,NONE,Loc,nimashkikiiminaang,ni<<mashkikiw2>>V1minaang,JDN-2010-Nouns,,,
NI,NI_Vw,mashkiki,mashkikiw2,InclPoss,NONE,Poss,NONE,NONE,Loc,gimashkikiiminaang,gi<<mashkikiw2>>V1minaang,JDN-2010-Nouns,,,
NI,NI_Vw,mashkiki,mashkikiw2,2SgPoss,NONE,Poss,NONE,NONE,Loc,gimashkikiiming,gi<<mashkikiw2>>V1ming,JDN-2010-Nouns,,,
NI,NI_Vw,mashkiki,mashkikiw2,2PlPoss,NONE,Poss,NONE,NONE,Loc,gimashkikiimiwaang,gi<<mashkikiw2>>V1miwaang,JDN-2010-Nouns,,,
NI,NI_Vw,mashkiki,mashkikiw2,3SgProxPoss,NONE,Poss,NONE,NONE,Loc,omashkikiiming,o<<mashkikiw2>>V1ming,JDN-2010-Nouns,,,
NI,NI_Vw,mashkiki,mashkikiw2,3PlProxPoss,NONE,Poss,NONE,NONE,Loc,omashkikiimiwaang,o<<mashkikiw2>>V1miwaang,JDN-2010-Nouns,,,
NI,NI_Vw,mashkiki,mashkikiw2,3SgObvPoss,NONE,Poss,NONE,NONE,Loc,omashkikiimining,o<<mashkikiw2>>V1mining,JDN-2010-Nouns,,,
NI,NI_Vw,mashkiki,mashkikiw2,3PlObvPoss,NONE,Poss,NONE,NONE,Loc,omashkikiimining,o<<mashkikiw2>>V1mining,GUESS,,,
NI,NI_Vw,mashkiki,mashkikiw2,1SgPoss,Dim,NONE,NONE,NONE,Loc,nimashkikiinsing,ni<<mashkikiw2>>V1nsing,JDN-2010-Nouns,nimashkikiwensing,ni<<mashkikiw2>>ensing,GUESS
NI,NI_Vw,mashkiki,mashkikiw2,ExclPoss,Dim,NONE,NONE,NONE,Loc,nimashkikiinsinaang,ni<<mashkikiw2>>V1nsinaang,JDN-2010-Nouns,nimashkikiwensinaang,ni<<mashkikiw2>>ensinaang,GUESS
NI,NI_Vw,mashkiki,mashkikiw2,InclPoss,Dim,NONE,NONE,NONE,Loc,gimashkikiinsinaang,gi<<mashkikiw2>>V1nsinaang,JDN-2010-Nouns,gimashkikiwensinaang,gi<<mashkikiw2>>ensinaang,GUESS
NI,NI_Vw,mashkiki,mashkikiw2,2SgPoss,Dim,NONE,NONE,NONE,Loc,gimashkikiinsing,gi<<mashkikiw2>>V1nsing,JDN-2010-Nouns,gimashkikiwensing,gi<<mashkikiw2>>ensing,GUESS
NI,NI_Vw,mashkiki,mashkikiw2,2PlPoss,Dim,NONE,NONE,NONE,Loc,gimashkikiinsiwaang,gi<<mashkikiw2>>V1nsiwaang,JDN-2010-Nouns,gimashkikiwensiwaang,gi<<mashkikiw2>>ensiwaang,GUESS
NI,NI_Vw,mashkiki,mashkikiw2,3SgProxPoss,Dim,NONE,NONE,NONE,Loc,omashkikiinsing,o<<mashkikiw2>>V1nsing,JDN-2010-Nouns,omashkikiwensing,o<<mashkikiw2>>ensing,GUESS
NI,NI_Vw,mashkiki,mashkikiw2,3PlProxPoss,Dim,NONE,NONE,NONE,Loc,omashkikiinsiwaang,o<<mashkikiw2>>V1nsiwaang,JDN-2010-Nouns,omashkikiwensiwaang,o<<mashkikiw2>>ensiwaang,GUESS
NI,NI_Vw,mashkiki,mashkikiw2,3SgObvPoss,Dim,NONE,NONE,NONE,Loc,omashkikiinsining,o<<mashkikiw2>>V1nsining,JDN-2010-Nouns,omashkikiwensining,o<<mashkikiw2>>ensining,GUESS
NI,NI_Vw,mashkiki,mashkikiw2,3PlObvPoss,Dim,NONE,NONE,NONE,Loc,omashkikiinsining,o<<mashkikiw2>>V1nsining,GUESS,omashkikiwensining,o<<mashkikiw2>>ensining,GUESS
NI,NI_Vw,mashkiki,mashkikiw2,1SgPoss,Dim,Poss,NONE,NONE,Loc,nimashkikiinsiming,ni<<mashkikiw2>>V1nsiming,JDN-2010-Nouns,nimashkikiwensiming,ni<<mashkikiw2>>ensiming,GUESS
NI,NI_Vw,mashkiki,mashkikiw2,ExclPoss,Dim,Poss,NONE,NONE,Loc,nimashkikiinsiminaang,ni<<mashkikiw2>>V1nsiminaang,JDN-2010-Nouns,nimashkikiwensiminaang,ni<<mashkikiw2>>ensiminaang,GUESS
NI,NI_Vw,mashkiki,mashkikiw2,InclPoss,Dim,Poss,NONE,NONE,Loc,gimashkikiinsiminaang,gi<<mashkikiw2>>V1nsiminaang,JDN-2010-Nouns,gimashkikiwensiminaang,gi<<mashkikiw2>>ensiminaang,GUESS
NI,NI_Vw,mashkiki,mashkikiw2,2SgPoss,Dim,Poss,NONE,NONE,Loc,gimashkikiinsiming,gi<<mashkikiw2>>V1nsiming,JDN-2010-Nouns,gimashkikiwensiming,gi<<mashkikiw2>>ensiming,GUESS
NI,NI_Vw,mashkiki,mashkikiw2,2PlPoss,Dim,Poss,NONE,NONE,Loc,gimashkikiinsimiwaang,gi<<mashkikiw2>>V1nsimiwaang,JDN-2010-Nouns,gimashkikiwensimiwaang,gi<<mashkikiw2>>ensimiwaang,GUESS
NI,NI_Vw,mashkiki,mashkikiw2,3SgProxPoss,Dim,Poss,NONE,NONE,Loc,omashkikiinsiming,o<<mashkikiw2>>V1nsiming,JDN-2010-Nouns,omashkikiwensiming,o<<mashkikiw2>>ensiming,GUESS
NI,NI_Vw,mashkiki,mashkikiw2,3PlProxPoss,Dim,Poss,NONE,NONE,Loc,omashkikiinsimiwaang,o<<mashkikiw2>>V1nsimiwaang,JDN-2010-Nouns,omashkikiwensimiwaang,o<<mashkikiw2>>ensimiwaang,GUESS
NI,NI_Vw,mashkiki,mashkikiw2,3SgObvPoss,Dim,Poss,NONE,NONE,Loc,omashkikiinsimining,o<<mashkikiw2>>V1nsimining,JDN-2010-Nouns,omashkikiwensimining,o<<mashkikiw2>>ensimining,GUESS
NI,NI_Vw,mashkiki,mashkikiw2,3PlObvPoss,Dim,Poss,NONE,NONE,Loc,omashkikiinsimining,o<<mashkikiw2>>V1nsimining,GUESS,omashkikiwensimining,o<<mashkikiw2>>ensimining,GUESS
NI,NI_Vw,mashkiki,mashkikiw2,1SgPoss,NONE,NONE,Pej,NONE,Loc,nimashkikiwishing,ni<<mashkikiw2>>ishing,JDN-2010-Nouns,,,
NI,NI_Vw,mashkiki,mashkikiw2,ExclPoss,NONE,NONE,Pej,NONE,Loc,nimashkikiwishinaang,ni<<mashkikiw2>>ishinaang,JDN-2010-Nouns,,,
NI,NI_Vw,mashkiki,mashkikiw2,InclPoss,NONE,NONE,Pej,NONE,Loc,gimashkikiwishinaang,gi<<mashkikiw2>>ishinaang,JDN-2010-Nouns,,,
NI,NI_Vw,mashkiki,mashkikiw2,2SgPoss,NONE,NONE,Pej,NONE,Loc,gimashkikiwishing,gi<<mashkikiw2>>ishing,JDN-2010-Nouns,,,
NI,NI_Vw,mashkiki,mashkikiw2,2PlPoss,NONE,NONE,Pej,NONE,Loc,gimashkikiwishiwaang,gi<<mashkikiw2>>ishiwaang,JDN-2010-Nouns,,,
NI,NI_Vw,mashkiki,mashkikiw2,3SgProxPoss,NONE,NONE,Pej,NONE,Loc,omashkikiwishing,o<<mashkikiw2>>ishing,JDN-2010-Nouns,,,
NI,NI_Vw,mashkiki,mashkikiw2,3PlProxPoss,NONE,NONE,Pej,NONE,Loc,omashkikiwishiwaang,o<<mashkikiw2>>ishiwaang,JDN-2010-Nouns,,,
NI,NI_Vw,mashkiki,mashkikiw2,3SgObvPoss,NONE,NONE,Pej,NONE,Loc,omashkikiwishining,o<<mashkikiw2>>ishining,JDN-2010-Nouns,,,
NI,NI_Vw,mashkiki,mashkikiw2,3PlObvPoss,NONE,NONE,Pej,NONE,Loc,omashkikiwishining,o<<mashkikiw2>>ishining,GUESS,,,
NI,NI_Vw,mashkiki,mashkikiw2,1SgPoss,NONE,Poss,Pej,NONE,Loc,nimashkikiimishing,ni<<mashkikiw2>>V1mishing,JDN-2010-Nouns,,,
NI,NI_Vw,mashkiki,mashkikiw2,ExclPoss,NONE,Poss,Pej,NONE,Loc,nimashkikiimishinaang,ni<<mashkikiw2>>V1mishinaang,JDN-2010-Nouns,,,
NI,NI_Vw,mashkiki,mashkikiw2,InclPoss,NONE,Poss,Pej,NONE,Loc,gimashkikiimishinaang,gi<<mashkikiw2>>V1mishinaang,JDN-2010-Nouns,,,
NI,NI_Vw,mashkiki,mashkikiw2,2SgPoss,NONE,Poss,Pej,NONE,Loc,gimashkikiimishing,gi<<mashkikiw2>>V1mishing,JDN-2010-Nouns,,,
NI,NI_Vw,mashkiki,mashkikiw2,2PlPoss,NONE,Poss,Pej,NONE,Loc,gimashkikiimishiwaang,gi<<mashkikiw2>>V1mishiwaang,JDN-2010-Nouns,,,
NI,NI_Vw,mashkiki,mashkikiw2,3SgProxPoss,NONE,Poss,Pej,NONE,Loc,omashkikiimishing,o<<mashkikiw2>>V1mishing,JDN-2010-Nouns,,,
NI,NI_Vw,mashkiki,mashkikiw2,3PlProxPoss,NONE,Poss,Pej,NONE,Loc,omashkikiimishiwaang,o<<mashkikiw2>>V1mishiwaang,JDN-2010-Nouns,,,
NI,NI_Vw,mashkiki,mashkikiw2,3SgObvPoss,NONE,Poss,Pej,NONE,Loc,omashkikiimishining,o<<mashkikiw2>>V1mishining,JDN-2010-Nouns,,,
NI,NI_Vw,mashkiki,mashkikiw2,3PlObvPoss,NONE,Poss,Pej,NONE,Loc,omashkikiimishining,o<<mashkikiw2>>V1mishining,GUESS,,,
NI,NI_Vw,mashkiki,mashkikiw2,1SgPoss,Dim,NONE,Pej,NONE,Loc,nimashkikiinzhishing,ni<<mashkikiw2>>V1nzhishing,JDN-2010-Nouns,nimashkikiwenzhishing,ni<<mashkikiw2>>enzhishing,GUESS
NI,NI_Vw,mashkiki,mashkikiw2,ExclPoss,Dim,NONE,Pej,NONE,Loc,nimashkikiinzhishinaang,ni<<mashkikiw2>>V1nzhishinaang,JDN-2010-Nouns,nimashkikiwenzhishinaang,ni<<mashkikiw2>>enzhishinaang,GUESS
NI,NI_Vw,mashkiki,mashkikiw2,InclPoss,Dim,NONE,Pej,NONE,Loc,gimashkikiinzhishinaang,gi<<mashkikiw2>>V1nzhishinaang,JDN-2010-Nouns,gimashkikiwenzhishinaang,gi<<mashkikiw2>>enzhishinaang,GUESS
NI,NI_Vw,mashkiki,mashkikiw2,2SgPoss,Dim,NONE,Pej,NONE,Loc,gimashkikiinzhishing,gi<<mashkikiw2>>V1nzhishing,JDN-2010-Nouns,gimashkikiwenzhishing,gi<<mashkikiw2>>enzhishing,GUESS
NI,NI_Vw,mashkiki,mashkikiw2,2PlPoss,Dim,NONE,Pej,NONE,Loc,gimashkikiinzhishiwaang,gi<<mashkikiw2>>V1nzhishiwaang,JDN-2010-Nouns,gimashkikiwenzhishiwaang,gi<<mashkikiw2>>enzhishiwaang,GUESS
NI,NI_Vw,mashkiki,mashkikiw2,3SgProxPoss,Dim,NONE,Pej,NONE,Loc,omashkikiinzhishing,o<<mashkikiw2>>V1nzhishing,JDN-2010-Nouns,omashkikiwenzhishing,o<<mashkikiw2>>enzhishing,GUESS
NI,NI_Vw,mashkiki,mashkikiw2,3PlProxPoss,Dim,NONE,Pej,NONE,Loc,omashkikiinzhishiwaang,o<<mashkikiw2>>V1nzhishiwaang,JDN-2010-Nouns,omashkikiwenzhishiwaang,o<<mashkikiw2>>enzhishiwaang,GUESS
NI,NI_Vw,mashkiki,mashkikiw2,3SgObvPoss,Dim,NONE,Pej,NONE,Loc,omashkikiinzhishining,o<<mashkikiw2>>V1nzhishining,JDN-2010-Nouns,omashkikiwenzhishining,o<<mashkikiw2>>enzhishining,GUESS
NI,NI_Vw,mashkiki,mashkikiw2,3PlObvPoss,Dim,NONE,Pej,NONE,Loc,omashkikiinzhishining,o<<mashkikiw2>>V1nzhishining,GUESS,omashkikiwenzhishining,o<<mashkikiw2>>enzhishining,GUESS
NI,NI_Vw,mashkiki,mashkikiw2,1SgPoss,Dim,Poss,Pej,NONE,Loc,nimashkikiinsimishing,ni<<mashkikiw2>>V1nsimishing,JDN-2010-Nouns,nimashkikiwensimishing,ni<<mashkikiw2>>ensimishing,GUESS
NI,NI_Vw,mashkiki,mashkikiw2,ExclPoss,Dim,Poss,Pej,NONE,Loc,nimashkikiinsimishinaang,ni<<mashkikiw2>>V1nsimishinaang,JDN-2010-Nouns,nimashkikiwensimishinaang,ni<<mashkikiw2>>ensimishinaang,GUESS
NI,NI_Vw,mashkiki,mashkikiw2,InclPoss,Dim,Poss,Pej,NONE,Loc,gimashkikiinsimishinaang,gi<<mashkikiw2>>V1nsimishinaang,JDN-2010-Nouns,gimashkikiwensimishinaang,gi<<mashkikiw2>>ensimishinaang,GUESS
NI,NI_Vw,mashkiki,mashkikiw2,2SgPoss,Dim,Poss,Pej,NONE,Loc,gimashkikiinsimishing,gi<<mashkikiw2>>V1nsimishing,JDN-2010-Nouns,gimashkikiwensimishing,gi<<mashkikiw2>>ensimishing,GUESS
NI,NI_Vw,mashkiki,mashkikiw2,2PlPoss,Dim,Poss,Pej,NONE,Loc,gimashkikiinsimishiwaang,gi<<mashkikiw2>>V1nsimishiwaang,JDN-2010-Nouns,gimashkikiwensimishiwaang,gi<<mashkikiw2>>ensimishiwaang,GUESS
NI,NI_Vw,mashkiki,mashkikiw2,3SgProxPoss,Dim,Poss,Pej,NONE,Loc,omashkikiinsimishing,o<<mashkikiw2>>V1nsimishing,JDN-2010-Nouns,omashkikiwensimishing,o<<mashkikiw2>>ensimishing,GUESS
NI,NI_Vw,mashkiki,mashkikiw2,3PlProxPoss,Dim,Poss,Pej,NONE,Loc,omashkikiinsimishiwaang,o<<mashkikiw2>>V1nsimishiwaang,JDN-2010-Nouns,omashkikiwensimishiwaang,o<<mashkikiw2>>ensimishiwaang,GUESS
NI,NI_Vw,mashkiki,mashkikiw2,3SgObvPoss,Dim,Poss,Pej,NONE,Loc,omashkikiinsimishining,o<<mashkikiw2>>V1nsimishining,JDN-2010-Nouns,omashkikiwensimishining,o<<mashkikiw2>>ensimishining,GUESS
NI,NI_Vw,mashkiki,mashkikiw2,3PlObvPoss,Dim,Poss,Pej,NONE,Loc,omashkikiinsimishining,o<<mashkikiw2>>V1nsimishining,GUESS,omashkikiwensimishining,o<<mashkikiw2>>ensimishining,GUESS
NI,NI_Vw,mashkiki,mashkikiw2,NONE,NONE,NONE,NONE,NONE,Pl,mashkikiwan,<<mashkikiw2>>an,JDN-2010-Nouns,mashkikiin,<<mashkikiw2>>V1n,OPD-Forms
NI,NI_Vw,mashkiki,mashkikiw2,NONE,Dim,NONE,NONE,NONE,Pl,mashkikiinsan,<<mashkikiw2>>V1nsan,JDN-2010-Nouns,mashkikiwensan,<<mashkikiw2>>ensan,GUESS
NI,NI_Vw,mashkiki,mashkikiw2,NONE,NONE,NONE,Pej,NONE,Pl,mashkikiwishan,<<mashkikiw2>>ishan,JDN-2010-Nouns,,,
NI,NI_Vw,mashkiki,mashkikiw2,NONE,NONE,NONE,NONE,Pret,Pl,mashkikiwibaniin,<<mashkikiw2>>ibaniin,JDN-2010-Nouns,,,
NI,NI_Vw,mashkiki,mashkikiw2,NONE,Dim,NONE,Pej,NONE,Pl,mashkikiinzhishan,<<mashkikiw2>>V1nzhishan,JDN-2010-Nouns,mashkikiwenzhishan,<<mashkikiw2>>enzhishan,GUESS
NI,NI_Vw,mashkiki,mashkikiw2,NONE,Dim,NONE,NONE,Pret,Pl,mashkikiinsibaniin,<<mashkikiw2>>V1nsibaniin,JDN-2010-Nouns,mashkikiwensibaniin,<<mashkikiw2>>ensibaniin,GUESS
NI,NI_Vw,mashkiki,mashkikiw2,1SgPoss,NONE,NONE,NONE,NONE,Pl,nimashkikiwan,ni<<mashkikiw2>>an,JDN-2010-Nouns,nimashkikiin,ni<<mashkikiw2>>V1n,GUESS
NI,NI_Vw,mashkiki,mashkikiw2,ExclPoss,NONE,NONE,NONE,NONE,Pl,nimashkikiinaanin,ni<<mashkikiw2>>V1naanin,JDN-2010-Nouns,,,
NI,NI_Vw,mashkiki,mashkikiw2,InclPoss,NONE,NONE,NONE,NONE,Pl,gimashkikiinaanin,gi<<mashkikiw2>>V1naanin,JDN-2010-Nouns,,,
NI,NI_Vw,mashkiki,mashkikiw2,2SgPoss,NONE,NONE,NONE,NONE,Pl,gimashkikiwan,gi<<mashkikiw2>>an,JDN-2010-Nouns,gimashkikiin,gi<<mashkikiw2>>V1n,
NI,NI_Vw,mashkiki,mashkikiw2,2PlPoss,NONE,NONE,NONE,NONE,Pl,gimashkikiiwaan,gi<<mashkikiw2>>V1waan,JDN-2010-Nouns,,,
NI,NI_Vw,mashkiki,mashkikiw2,3SgProxPoss,NONE,NONE,NONE,NONE,Pl,omashkikiwan,o<<mashkikiw2>>an,JDN-2010-Nouns,omashkikiin,o<<mashkikiw2>>V1n,
NI,NI_Vw,mashkiki,mashkikiw2,3PlProxPoss,NONE,NONE,NONE,NONE,Pl,omashkikiiwaan,o<<mashkikiw2>>V1waan,JDN-2010-Nouns,,,
NI,NI_Vw,mashkiki,mashkikiw2,3SgObvPoss,NONE,NONE,NONE,NONE,Pl,omashkikiini,o<<mashkikiw2>>V1niw1,JDN-2010-Nouns,,,
NI,NI_Vw,mashkiki,mashkikiw2,3PlObvPoss,NONE,NONE,NONE,NONE,Pl,omashkikiini,o<<mashkikiw2>>V1niw1,GUESS,,,
NI,NI_Vw,mashkiki,mashkikiw2,1SgPoss,NONE,Poss,NONE,NONE,Pl,nimashkikiiman,ni<<mashkikiw2>>V1man,JDN-2010-Nouns,,,
NI,NI_Vw,mashkiki,mashkikiw2,ExclPoss,NONE,Poss,NONE,NONE,Pl,nimashkikiiminaanin,ni<<mashkikiw2>>V1minaanin,JDN-2010-Nouns,,,
NI,NI_Vw,mashkiki,mashkikiw2,InclPoss,NONE,Poss,NONE,NONE,Pl,gimashkikiiminaanin,gi<<mashkikiw2>>V1minaanin,JDN-2010-Nouns,,,
NI,NI_Vw,mashkiki,mashkikiw2,2SgPoss,NONE,Poss,NONE,NONE,Pl,gimashkikiiman,gi<<mashkikiw2>>V1man,JDN-2010-Nouns,,,
NI,NI_Vw,mashkiki,mashkikiw2,2PlPoss,NONE,Poss,NONE,NONE,Pl,gimashkikiimiwaan,gi<<mashkikiw2>>V1miwaan,JDN-2010-Nouns,,,
NI,NI_Vw,mashkiki,mashkikiw2,3SgProxPoss,NONE,Poss,NONE,NONE,Pl,omashkikiiman,o<<mashkikiw2>>V1man,JDN-2010-Nouns,,,
NI,NI_Vw,mashkiki,mashkikiw2,3PlProxPoss,NONE,Poss,NONE,NONE,Pl,omashkikiimiwaan,o<<mashkikiw2>>V1miwaan,JDN-2010-Nouns,,,
NI,NI_Vw,mashkiki,mashkikiw2,3SgObvPoss,NONE,Poss,NONE,NONE,Pl,omashkikiimini,o<<mashkikiw2>>V1miniw1,JDN-2010-Nouns,,,
NI,NI_Vw,mashkiki,mashkikiw2,3PlObvPoss,NONE,Poss,NONE,NONE,Pl,omashkikiimini,o<<mashkikiw2>>V1miniw1,GUESS,,,
NI,NI_Vw,mashkiki,mashkikiw2,1SgPoss,Dim,NONE,NONE,NONE,Pl,nimashkikiinsan,ni<<mashkikiw2>>V1nsan,JDN-2010-Nouns,nimashkikiwensan,ni<<mashkikiw2>>ensan,GUESS
NI,NI_Vw,mashkiki,mashkikiw2,ExclPoss,Dim,NONE,NONE,NONE,Pl,nimashkikiinsinaanin,ni<<mashkikiw2>>V1nsinaanin,JDN-2010-Nouns,nimashkikiwensinaanin,ni<<mashkikiw2>>ensinaanin,GUESS
NI,NI_Vw,mashkiki,mashkikiw2,InclPoss,Dim,NONE,NONE,NONE,Pl,gimashkikiinsinaanin,gi<<mashkikiw2>>V1nsinaanin,JDN-2010-Nouns,gimashkikiwensinaanin,gi<<mashkikiw2>>ensinaanin,GUESS
NI,NI_Vw,mashkiki,mashkikiw2,2SgPoss,Dim,NONE,NONE,NONE,Pl,gimashkikiinsan,gi<<mashkikiw2>>V1nsan,JDN-2010-Nouns,gimashkikiwensan,gi<<mashkikiw2>>ensan,GUESS
NI,NI_Vw,mashkiki,mashkikiw2,2PlPoss,Dim,NONE,NONE,NONE,Pl,gimashkikiinsiwaan,gi<<mashkikiw2>>V1nsiwaan,JDN-2010-Nouns,gimashkikiwensiwaan,gi<<mashkikiw2>>ensiwaan,GUESS
NI,NI_Vw,mashkiki,mashkikiw2,3SgProxPoss,Dim,NONE,NONE,NONE,Pl,omashkikiinsan,o<<mashkikiw2>>V1nsan,JDN-2010-Nouns,omashkikiwensan,o<<mashkikiw2>>ensan,GUESS
NI,NI_Vw,mashkiki,mashkikiw2,3PlProxPoss,Dim,NONE,NONE,NONE,Pl,omashkikiinsiwaan,o<<mashkikiw2>>V1nsiwaan,JDN-2010-Nouns,omashkikiwensiwaan,o<<mashkikiw2>>ensiwaan,GUESS
NI,NI_Vw,mashkiki,mashkikiw2,3SgObvPoss,Dim,NONE,NONE,NONE,Pl,omashkikiinsini,o<<mashkikiw2>>V1nsiniw1,JDN-2010-Nouns,omashkikiwensini,o<<mashkikiw2>>ensiniw1,GUESS
NI,NI_Vw,mashkiki,mashkikiw2,3PlObvPoss,Dim,NONE,NONE,NONE,Pl,omashkikiinsini,o<<mashkikiw2>>V1nsiniw1,GUESS,omashkikiwensini,o<<mashkikiw2>>ensiniw1,GUESS
NI,NI_Vw,mashkiki,mashkikiw2,1SgPoss,Dim,Poss,NONE,NONE,Pl,nimashkikiinsiman,ni<<mashkikiw2>>V1nsiman,JDN-2010-Nouns,nimashkikiwensiman,ni<<mashkikiw2>>ensiman,GUESS
NI,NI_Vw,mashkiki,mashkikiw2,ExclPoss,Dim,Poss,NONE,NONE,Pl,nimashkikiinsiminaanin,ni<<mashkikiw2>>V1nsiminaanin,JDN-2010-Nouns,nimashkikiwensiminaanin,ni<<mashkikiw2>>ensiminaanin,GUESS
NI,NI_Vw,mashkiki,mashkikiw2,InclPoss,Dim,Poss,NONE,NONE,Pl,gimashkikiinsiminaanin,gi<<mashkikiw2>>V1nsiminaanin,JDN-2010-Nouns,gimashkikiwensiminaanin,gi<<mashkikiw2>>ensiminaanin,GUESS
NI,NI_Vw,mashkiki,mashkikiw2,2SgPoss,Dim,Poss,NONE,NONE,Pl,gimashkikiinsiman,gi<<mashkikiw2>>V1nsiman,JDN-2010-Nouns,gimashkikiwensiman,gi<<mashkikiw2>>ensiman,GUESS
NI,NI_Vw,mashkiki,mashkikiw2,2PlPoss,Dim,Poss,NONE,NONE,Pl,gimashkikiinsimiwaan,gi<<mashkikiw2>>V1nsimiwaan,JDN-2010-Nouns,gimashkikiwensimiwaan,gi<<mashkikiw2>>ensimiwaan,GUESS
NI,NI_Vw,mashkiki,mashkikiw2,3SgProxPoss,Dim,Poss,NONE,NONE,Pl,omashkikiinsiman,o<<mashkikiw2>>V1nsiman,JDN-2010-Nouns,omashkikiwensiman,o<<mashkikiw2>>ensiman,GUESS
NI,NI_Vw,mashkiki,mashkikiw2,3PlProxPoss,Dim,Poss,NONE,NONE,Pl,omashkikiinsimiwaan,o<<mashkikiw2>>V1nsimiwaan,JDN-2010-Nouns,omashkikiwensimiwaan,o<<mashkikiw2>>ensimiwaan,GUESS
NI,NI_Vw,mashkiki,mashkikiw2,3SgObvPoss,Dim,Poss,NONE,NONE,Pl,omashkikiinsimini,o<<mashkikiw2>>V1nsiminiw1,JDN-2010-Nouns,omashkikiwensimini,o<<mashkikiw2>>ensiminiw1,GUESS
NI,NI_Vw,mashkiki,mashkikiw2,3PlObvPoss,Dim,Poss,NONE,NONE,Pl,omashkikiinsimini,o<<mashkikiw2>>V1nsiminiw1,GUESS,omashkikiwensimini,o<<mashkikiw2>>ensiminiw1,GUESS
NI,NI_Vw,mashkiki,mashkikiw2,1SgPoss,NONE,NONE,Pej,NONE,Pl,nimashkikiwishan,ni<<mashkikiw2>>ishan,JDN-2010-Nouns,,,
NI,NI_Vw,mashkiki,mashkikiw2,ExclPoss,NONE,NONE,Pej,NONE,Pl,nimashkikiwishinaanin,ni<<mashkikiw2>>ishinaanin,JDN-2010-Nouns,,,
NI,NI_Vw,mashkiki,mashkikiw2,InclPoss,NONE,NONE,Pej,NONE,Pl,gimashkikiwishinaanin,gi<<mashkikiw2>>ishinaanin,JDN-2010-Nouns,,,
NI,NI_Vw,mashkiki,mashkikiw2,2SgPoss,NONE,NONE,Pej,NONE,Pl,gimashkikiwishan,gi<<mashkikiw2>>ishan,JDN-2010-Nouns,,,
NI,NI_Vw,mashkiki,mashkikiw2,2PlPoss,NONE,NONE,Pej,NONE,Pl,gimashkikiwishiwaan,gi<<mashkikiw2>>ishiwaan,JDN-2010-Nouns,,,
NI,NI_Vw,mashkiki,mashkikiw2,3SgProxPoss,NONE,NONE,Pej,NONE,Pl,omashkikiwishan,o<<mashkikiw2>>ishan,JDN-2010-Nouns,,,
NI,NI_Vw,mashkiki,mashkikiw2,3PlProxPoss,NONE,NONE,Pej,NONE,Pl,omashkikiwishiwaan,o<<mashkikiw2>>ishiwaan,JDN-2010-Nouns,,,
NI,NI_Vw,mashkiki,mashkikiw2,3SgObvPoss,NONE,NONE,Pej,NONE,Pl,omashkikiwishini,o<<mashkikiw2>>ishiniw1,JDN-2010-Nouns,,,
NI,NI_Vw,mashkiki,mashkikiw2,3PlObvPoss,NONE,NONE,Pej,NONE,Pl,omashkikiwishini,o<<mashkikiw2>>ishiniw1,GUESS,,,
NI,NI_Vw,mashkiki,mashkikiw2,1SgPoss,NONE,Poss,Pej,NONE,Pl,nimashkikiimishan,ni<<mashkikiw2>>V1mishan,JDN-2010-Nouns,,,
NI,NI_Vw,mashkiki,mashkikiw2,ExclPoss,NONE,Poss,Pej,NONE,Pl,nimashkikiimishinaanin,ni<<mashkikiw2>>V1mishinaanin,JDN-2010-Nouns,,,
NI,NI_Vw,mashkiki,mashkikiw2,InclPoss,NONE,Poss,Pej,NONE,Pl,gimashkikiimishinaanin,gi<<mashkikiw2>>V1mishinaanin,JDN-2010-Nouns,,,
NI,NI_Vw,mashkiki,mashkikiw2,2SgPoss,NONE,Poss,Pej,NONE,Pl,gimashkikiimishan,gi<<mashkikiw2>>V1mishan,JDN-2010-Nouns,,,
NI,NI_Vw,mashkiki,mashkikiw2,2PlPoss,NONE,Poss,Pej,NONE,Pl,gimashkikiimishiwaan,gi<<mashkikiw2>>V1mishiwaan,JDN-2010-Nouns,,,
NI,NI_Vw,mashkiki,mashkikiw2,3SgProxPoss,NONE,Poss,Pej,NONE,Pl,omashkikiimishan,o<<mashkikiw2>>V1mishan,JDN-2010-Nouns,,,
NI,NI_Vw,mashkiki,mashkikiw2,3PlProxPoss,NONE,Poss,Pej,NONE,Pl,omashkikiimishiwaan,o<<mashkikiw2>>V1mishiwaan,JDN-2010-Nouns,,,
NI,NI_Vw,mashkiki,mashkikiw2,3SgObvPoss,NONE,Poss,Pej,NONE,Pl,omashkikiimishini,o<<mashkikiw2>>V1mishiniw1,JDN-2010-Nouns,,,
NI,NI_Vw,mashkiki,mashkikiw2,3PlObvPoss,NONE,Poss,Pej,NONE,Pl,omashkikiimishini,o<<mashkikiw2>>V1mishiniw1,GUESS,,,
NI,NI_Vw,mashkiki,mashkikiw2,1SgPoss,NONE,NONE,NONE,Pret,Pl,nimashkikiwibaniin,ni<<mashkikiw2>>ibaniin,JDN-2010-Nouns,,,
NI,NI_Vw,mashkiki,mashkikiw2,ExclPoss,NONE,NONE,NONE,Pret,Pl,nimashkikiinaabaniin,ni<<mashkikiw2>>V1naabaniin,JDN-2010-Nouns,,,
NI,NI_Vw,mashkiki,mashkikiw2,InclPoss,NONE,NONE,NONE,Pret,Pl,gimashkikiinaabaniin,gi<<mashkikiw2>>V1naabaniin,JDN-2010-Nouns,,,
NI,NI_Vw,mashkiki,mashkikiw2,2SgPoss,NONE,NONE,NONE,Pret,Pl,gimashkikiwibaniin,gi<<mashkikiw2>>ibaniin,JDN-2010-Nouns,,,
NI,NI_Vw,mashkiki,mashkikiw2,2PlPoss,NONE,NONE,NONE,Pret,Pl,gimashkikiiwaabaniin,gi<<mashkikiw2>>V1waabaniin,JDN-2010-Nouns,,,
NI,NI_Vw,mashkiki,mashkikiw2,3SgProxPoss,NONE,NONE,NONE,Pret,Pl,omashkikiwibaniin,o<<mashkikiw2>>ibaniin,JDN-2010-Nouns,,,
NI,NI_Vw,mashkiki,mashkikiw2,3PlProxPoss,NONE,NONE,NONE,Pret,Pl,omashkikiiwaabaniin,o<<mashkikiw2>>V1waabaniin,JDN-2010-Nouns,,,
NI,NI_Vw,mashkiki,mashkikiw2,3SgObvPoss,NONE,NONE,NONE,Pret,Pl,omashkikiiniban,o<<mashkikiw2>>V1niban,JDN-2010-Nouns,,,
NI,NI_Vw,mashkiki,mashkikiw2,3PlObvPoss,NONE,NONE,NONE,Pret,Pl,omashkikiiniban,o<<mashkikiw2>>V1niban,GUESS,,,
NI,NI_Vw,mashkiki,mashkikiw2,1SgPoss,NONE,Poss,NONE,Pret,Pl,nimashkikiimibaniin,ni<<mashkikiw2>>V1mibaniin,JDN-2010-Nouns,,,
NI,NI_Vw,mashkiki,mashkikiw2,ExclPoss,NONE,Poss,NONE,Pret,Pl,nimashkikiiminaabaniin,ni<<mashkikiw2>>V1minaabaniin,JDN-2010-Nouns,,,
NI,NI_Vw,mashkiki,mashkikiw2,InclPoss,NONE,Poss,NONE,Pret,Pl,gimashkikiiminaabaniin,gi<<mashkikiw2>>V1minaabaniin,JDN-2010-Nouns,,,
NI,NI_Vw,mashkiki,mashkikiw2,2SgPoss,NONE,Poss,NONE,Pret,Pl,gimashkikiimibaniin,gi<<mashkikiw2>>V1mibaniin,JDN-2010-Nouns,,,
NI,NI_Vw,mashkiki,mashkikiw2,2PlPoss,NONE,Poss,NONE,Pret,Pl,gimashkikiimiwaabaniin,gi<<mashkikiw2>>V1miwaabaniin,JDN-2010-Nouns,,,
NI,NI_Vw,mashkiki,mashkikiw2,3SgProxPoss,NONE,Poss,NONE,Pret,Pl,omashkikiimibaniin,o<<mashkikiw2>>V1mibaniin,JDN-2010-Nouns,,,
NI,NI_Vw,mashkiki,mashkikiw2,3PlProxPoss,NONE,Poss,NONE,Pret,Pl,omashkikiimiwaabaniin,o<<mashkikiw2>>V1miwaabaniin,JDN-2010-Nouns,,,
NI,NI_Vw,mashkiki,mashkikiw2,3SgObvPoss,NONE,Poss,NONE,Pret,Pl,omashkikiiminiban,o<<mashkikiw2>>V1miniban,JDN-2010-Nouns,,,
NI,NI_Vw,mashkiki,mashkikiw2,3PlObvPoss,NONE,Poss,NONE,Pret,Pl,omashkikiiminiban,o<<mashkikiw2>>V1miniban,GUESS,,,
NI,NI_Vw,mashkiki,mashkikiw2,1SgPoss,Dim,NONE,NONE,Pret,Pl,nimashkikiinsibaniin,ni<<mashkikiw2>>V1nsibaniin,JDN-2010-Nouns,nimashkikiwensibaniin,ni<<mashkikiw2>>ensibaniin,GUESS
NI,NI_Vw,mashkiki,mashkikiw2,ExclPoss,Dim,NONE,NONE,Pret,Pl,nimashkikiinsinaabaniin,ni<<mashkikiw2>>V1nsinaabaniin,JDN-2010-Nouns,nimashkikiwensinaabaniin,ni<<mashkikiw2>>ensinaabaniin,GUESS
NI,NI_Vw,mashkiki,mashkikiw2,InclPoss,Dim,NONE,NONE,Pret,Pl,gimashkikiinsinaabaniin,gi<<mashkikiw2>>V1nsinaabaniin,JDN-2010-Nouns,gimashkikiwensinaabaniin,gi<<mashkikiw2>>ensinaabaniin,GUESS
NI,NI_Vw,mashkiki,mashkikiw2,2SgPoss,Dim,NONE,NONE,Pret,Pl,gimashkikiinsibaniin,gi<<mashkikiw2>>V1nsibaniin,JDN-2010-Nouns,gimashkikiwensibaniin,gi<<mashkikiw2>>ensibaniin,GUESS
NI,NI_Vw,mashkiki,mashkikiw2,2PlPoss,Dim,NONE,NONE,Pret,Pl,gimashkikiinsiwaabaniin,gi<<mashkikiw2>>V1nsiwaabaniin,JDN-2010-Nouns,gimashkikiwensiwaabaniin,gi<<mashkikiw2>>ensiwaabaniin,GUESS
NI,NI_Vw,mashkiki,mashkikiw2,3SgProxPoss,Dim,NONE,NONE,Pret,Pl,omashkikiinsibaniin,o<<mashkikiw2>>V1nsibaniin,JDN-2010-Nouns,omashkikiwensibaniin,o<<mashkikiw2>>ensibaniin,GUESS
NI,NI_Vw,mashkiki,mashkikiw2,3PlProxPoss,Dim,NONE,NONE,Pret,Pl,omashkikiinsiwaabaniin,o<<mashkikiw2>>V1nsiwaabaniin,JDN-2010-Nouns,omashkikiwensiwaabaniin,o<<mashkikiw2>>ensiwaabaniin,GUESS
NI,NI_Vw,mashkiki,mashkikiw2,3SgObvPoss,Dim,NONE,NONE,Pret,Pl,omashkikiinsiniban,o<<mashkikiw2>>V1nsiniban,JDN-2010-Nouns,omashkikiwensiniban,o<<mashkikiw2>>ensiniban,GUESS
NI,NI_Vw,mashkiki,mashkikiw2,3PlObvPoss,Dim,NONE,NONE,Pret,Pl,omashkikiinsiniban,o<<mashkikiw2>>V1nsiniban,GUESS,omashkikiwensiniban,o<<mashkikiw2>>ensiniban,GUESS
NI,NI_Vw,mashkiki,mashkikiw2,1SgPoss,Dim,Poss,NONE,Pret,Pl,nimashkikiinsimibaniin,ni<<mashkikiw2>>V1nsimibaniin,JDN-2010-Nouns,nimashkikiwensimibaniin,ni<<mashkikiw2>>ensimibaniin,GUESS
NI,NI_Vw,mashkiki,mashkikiw2,ExclPoss,Dim,Poss,NONE,Pret,Pl,nimashkikiinsiminaabaniin,ni<<mashkikiw2>>V1nsiminaabaniin,JDN-2010-Nouns,nimashkikiwensiminaabaniin,ni<<mashkikiw2>>ensiminaabaniin,GUESS
NI,NI_Vw,mashkiki,mashkikiw2,InclPoss,Dim,Poss,NONE,Pret,Pl,gimashkikiinsiminaabaniin,gi<<mashkikiw2>>V1nsiminaabaniin,JDN-2010-Nouns,gimashkikiwensiminaabaniin,gi<<mashkikiw2>>ensiminaabaniin,GUESS
NI,NI_Vw,mashkiki,mashkikiw2,2SgPoss,Dim,Poss,NONE,Pret,Pl,gimashkikiinsimibaniin,gi<<mashkikiw2>>V1nsimibaniin,JDN-2010-Nouns,gimashkikiwensimibaniin,gi<<mashkikiw2>>ensimibaniin,GUESS
NI,NI_Vw,mashkiki,mashkikiw2,2PlPoss,Dim,Poss,NONE,Pret,Pl,gimashkikiinsimiwaabaniin,gi<<mashkikiw2>>V1nsimiwaabaniin,JDN-2010-Nouns,gimashkikiwensimiwaabaniin,gi<<mashkikiw2>>ensimiwaabaniin,GUESS
NI,NI_Vw,mashkiki,mashkikiw2,3SgProxPoss,Dim,Poss,NONE,Pret,Pl,omashkikiinsimibaniin,o<<mashkikiw2>>V1nsimibaniin,JDN-2010-Nouns,omashkikiwensimibaniin,o<<mashkikiw2>>ensimibaniin,GUESS
NI,NI_Vw,mashkiki,mashkikiw2,3PlProxPoss,Dim,Poss,NONE,Pret,Pl,omashkikiinsimiwaabaniin,o<<mashkikiw2>>V1nsimiwaabaniin,JDN-2010-Nouns,omashkikiwensimiwaabaniin,o<<mashkikiw2>>ensimiwaabaniin,GUESS
NI,NI_Vw,mashkiki,mashkikiw2,3SgObvPoss,Dim,Poss,NONE,Pret,Pl,omashkikiinsiminiban,o<<mashkikiw2>>V1nsiminiban,JDN-2010-Nouns,omashkikiwensiminiban,o<<mashkikiw2>>ensiminiban,GUESS
NI,NI_Vw,mashkiki,mashkikiw2,3PlObvPoss,Dim,Poss,NONE,Pret,Pl,omashkikiinsiminiban,o<<mashkikiw2>>V1nsiminiban,GUESS,omashkikiwensiminiban,o<<mashkikiw2>>ensiminiban,GUESS
NI,NI_Vw,mashkiki,mashkikiw2,1SgPoss,Dim,NONE,Pej,NONE,Pl,nimashkikiinzhishan,ni<<mashkikiw2>>V1nzhishan,JDN-2010-Nouns,nimashkikiwenzhishan,ni<<mashkikiw2>>enzhishan,GUESS
NI,NI_Vw,mashkiki,mashkikiw2,ExclPoss,Dim,NONE,Pej,NONE,Pl,nimashkikiinzhishinaanin,ni<<mashkikiw2>>V1nzhishinaanin,JDN-2010-Nouns,nimashkikiwenzhishinaanin,ni<<mashkikiw2>>enzhishinaanin,GUESS
NI,NI_Vw,mashkiki,mashkikiw2,InclPoss,Dim,NONE,Pej,NONE,Pl,gimashkikiinzhishinaanin,gi<<mashkikiw2>>V1nzhishinaanin,JDN-2010-Nouns,gimashkikiwenzhishinaanin,gi<<mashkikiw2>>enzhishinaanin,GUESS
NI,NI_Vw,mashkiki,mashkikiw2,2SgPoss,Dim,NONE,Pej,NONE,Pl,gimashkikiinzhishan,gi<<mashkikiw2>>V1nzhishan,JDN-2010-Nouns,gimashkikiwenzhishan,gi<<mashkikiw2>>enzhishan,GUESS
NI,NI_Vw,mashkiki,mashkikiw2,2PlPoss,Dim,NONE,Pej,NONE,Pl,gimashkikiinzhishiwaan,gi<<mashkikiw2>>V1nzhishiwaan,JDN-2010-Nouns,gimashkikiwenzhishiwaan,gi<<mashkikiw2>>enzhishiwaan,GUESS
NI,NI_Vw,mashkiki,mashkikiw2,3SgProxPoss,Dim,NONE,Pej,NONE,Pl,omashkikiinzhishan,o<<mashkikiw2>>V1nzhishan,JDN-2010-Nouns,omashkikiwenzhishan,o<<mashkikiw2>>enzhishan,GUESS
NI,NI_Vw,mashkiki,mashkikiw2,3PlProxPoss,Dim,NONE,Pej,NONE,Pl,omashkikiinzhishiwaan,o<<mashkikiw2>>V1nzhishiwaan,JDN-2010-Nouns,omashkikiwenzhishiwaan,o<<mashkikiw2>>enzhishiwaan,GUESS
NI,NI_Vw,mashkiki,mashkikiw2,3SgObvPoss,Dim,NONE,Pej,NONE,Pl,omashkikiinzhishini,o<<mashkikiw2>>V1nzhishiniw1,JDN-2010-Nouns,omashkikiwenzhishini,o<<mashkikiw2>>enzhishiniw1,GUESS
NI,NI_Vw,mashkiki,mashkikiw2,3PlObvPoss,Dim,NONE,Pej,NONE,Pl,omashkikiinzhishini,o<<mashkikiw2>>V1nzhishiniw1,GUESS,omashkikiwenzhishini,o<<mashkikiw2>>enzhishiniw1,GUESS
NI,NI_Vw,mashkiki,mashkikiw2,1SgPoss,Dim,Poss,Pej,NONE,Pl,nimashkikiinsimishan,ni<<mashkikiw2>>V1nsimishan,JDN-2010-Nouns,nimashkikiwensimishan,ni<<mashkikiw2>>ensimishan,GUESS
NI,NI_Vw,mashkiki,mashkikiw2,ExclPoss,Dim,Poss,Pej,NONE,Pl,nimashkikiinsimishinaanin,ni<<mashkikiw2>>V1nsimishinaanin,JDN-2010-Nouns,nimashkikiwensimishinaanin,ni<<mashkikiw2>>ensimishinaanin,GUESS
NI,NI_Vw,mashkiki,mashkikiw2,InclPoss,Dim,Poss,Pej,NONE,Pl,gimashkikiinsimishinaanin,gi<<mashkikiw2>>V1nsimishinaanin,JDN-2010-Nouns,gimashkikiwensimishinaanin,gi<<mashkikiw2>>ensimishinaanin,GUESS
NI,NI_Vw,mashkiki,mashkikiw2,2SgPoss,Dim,Poss,Pej,NONE,Pl,gimashkikiinsimishan,gi<<mashkikiw2>>V1nsimishan,JDN-2010-Nouns,gimashkikiwensimishan,gi<<mashkikiw2>>ensimishan,GUESS
NI,NI_Vw,mashkiki,mashkikiw2,2PlPoss,Dim,Poss,Pej,NONE,Pl,gimashkikiinsimishiwaan,gi<<mashkikiw2>>V1nsimishiwaan,JDN-2010-Nouns,gimashkikiwensimishiwaan,gi<<mashkikiw2>>ensimishiwaan,GUESS
NI,NI_Vw,mashkiki,mashkikiw2,3SgProxPoss,Dim,Poss,Pej,NONE,Pl,omashkikiinsimishan,o<<mashkikiw2>>V1nsimishan,JDN-2010-Nouns,omashkikiwensimishan,o<<mashkikiw2>>ensimishan,GUESS
NI,NI_Vw,mashkiki,mashkikiw2,3PlProxPoss,Dim,Poss,Pej,NONE,Pl,omashkikiinsimishiwaan,o<<mashkikiw2>>V1nsimishiwaan,JDN-2010-Nouns,omashkikiwensimishiwaan,o<<mashkikiw2>>ensimishiwaan,GUESS
NI,NI_Vw,mashkiki,mashkikiw2,3SgObvPoss,Dim,Poss,Pej,NONE,Pl,omashkikiinsimishini,o<<mashkikiw2>>V1nsimishiniw1,JDN-2010-Nouns,omashkikiwensimishini,o<<mashkikiw2>>ensimishiniw1,GUESS
NI,NI_Vw,mashkiki,mashkikiw2,3PlObvPoss,Dim,Poss,Pej,NONE,Pl,omashkikiinsimishini,o<<mashkikiw2>>V1nsimishiniw1,GUESS,omashkikiwensimishini,o<<mashkikiw2>>ensimishiniw1,GUESS
NI,NI_Vw,mashkiki,mashkikiw2,NONE,NONE,NONE,NONE,NONE,Sg,mashkiki,<<mashkikiw2>>,JDN-2010-Nouns,,,
NI,NI_Vw,mashkiki,mashkikiw2,NONE,Dim,NONE,NONE,NONE,Sg,mashkikiins,<<mashkikiw2>>V1ns,JDN-2010-Nouns,mashkikiwens,<<mashkikiw2>>ens,OPD-Forms
NI,NI_Vw,mashkiki,mashkikiw2,NONE,NONE,NONE,Pej,NONE,Sg,mashkikiwish,<<mashkikiw2>>ish,JDN-2010-Nouns,,,
NI,NI_Vw,mashkiki,mashkikiw2,NONE,NONE,NONE,NONE,Pret,Sg,mashkikiwiban,<<mashkikiw2>>iban,JDN-2010-Nouns,,,
NI,NI_Vw,mashkiki,mashkikiw2,NONE,Dim,NONE,Pej,NONE,Sg,mashkikiinzhish,<<mashkikiw2>>V1nzhish,JDN-2010-Nouns,mashkikiwenzhish,<<mashkikiw2>>enzhish,GUESS
NI,NI_Vw,mashkiki,mashkikiw2,NONE,Dim,NONE,NONE,Pret,Sg,mashkikiinsiban,<<mashkikiw2>>V1nsiban,JDN-2010-Nouns,mashkikiwensiban,<<mashkikiw2>>ensiban,GUESS
NI,NI_Vw,mashkiki,mashkikiw2,1SgPoss,NONE,NONE,NONE,NONE,Sg,nimashkiki,ni<<mashkikiw2>>,JDN-2010-Nouns,,,
NI,NI_Vw,mashkiki,mashkikiw2,ExclPoss,NONE,NONE,NONE,NONE,Sg,nimashkikiinaan,ni<<mashkikiw2>>V1naan,JDN-2010-Nouns,,,
NI,NI_Vw,mashkiki,mashkikiw2,InclPoss,NONE,NONE,NONE,NONE,Sg,gimashkikiinaan,gi<<mashkikiw2>>V1naan,JDN-2010-Nouns,,,
NI,NI_Vw,mashkiki,mashkikiw2,2SgPoss,NONE,NONE,NONE,NONE,Sg,gimashkiki,gi<<mashkikiw2>>,JDN-2010-Nouns,,,
NI,NI_Vw,mashkiki,mashkikiw2,2PlPoss,NONE,NONE,NONE,NONE,Sg,gimashkikiiwaa,gi<<mashkikiw2>>V1waa,JDN-2010-Nouns,,,
NI,NI_Vw,mashkiki,mashkikiw2,3SgProxPoss,NONE,NONE,NONE,NONE,Sg,omashkiki,o<<mashkikiw2>>,JDN-2010-Nouns,,,
NI,NI_Vw,mashkiki,mashkikiw2,3PlProxPoss,NONE,NONE,NONE,NONE,Sg,omashkikiiwaa,o<<mashkikiw2>>V1waa,JDN-2010-Nouns,,,
NI,NI_Vw,mashkiki,mashkikiw2,3SgObvPoss,NONE,NONE,NONE,NONE,Sg,omashkikiini,o<<mashkikiw2>>V1niw1,JDN-2010-Nouns,,,
NI,NI_Vw,mashkiki,mashkikiw2,3PlObvPoss,NONE,NONE,NONE,NONE,Sg,omashkikiini,o<<mashkikiw2>>V1niw1,GUESS,,,
NI,NI_Vw,mashkiki,mashkikiw2,1SgPoss,NONE,Poss,NONE,NONE,Sg,nimashkikiim,ni<<mashkikiw2>>V1m,JDN-2010-Nouns,,,
NI,NI_Vw,mashkiki,mashkikiw2,ExclPoss,NONE,Poss,NONE,NONE,Sg,nimashkikiiminaan,ni<<mashkikiw2>>V1minaan,JDN-2010-Nouns,,,
NI,NI_Vw,mashkiki,mashkikiw2,InclPoss,NONE,Poss,NONE,NONE,Sg,gimashkikiiminaan,gi<<mashkikiw2>>V1minaan,JDN-2010-Nouns,,,
NI,NI_Vw,mashkiki,mashkikiw2,2SgPoss,NONE,Poss,NONE,NONE,Sg,gimashkikiim,gi<<mashkikiw2>>V1m,JDN-2010-Nouns,,,
NI,NI_Vw,mashkiki,mashkikiw2,2PlPoss,NONE,Poss,NONE,NONE,Sg,gimashkikiimiwaa,gi<<mashkikiw2>>V1miwaa,JDN-2010-Nouns,,,
NI,NI_Vw,mashkiki,mashkikiw2,3SgProxPoss,NONE,Poss,NONE,NONE,Sg,omashkikiim,o<<mashkikiw2>>V1m,JDN-2010-Nouns,,,
NI,NI_Vw,mashkiki,mashkikiw2,3PlProxPoss,NONE,Poss,NONE,NONE,Sg,omashkikiimiwaa,o<<mashkikiw2>>V1miwaa,JDN-2010-Nouns,,,
NI,NI_Vw,mashkiki,mashkikiw2,3SgObvPoss,NONE,Poss,NONE,NONE,Sg,omashkikiimini,o<<mashkikiw2>>V1miniw1,JDN-2010-Nouns,,,
NI,NI_Vw,mashkiki,mashkikiw2,3PlObvPoss,NONE,Poss,NONE,NONE,Sg,omashkikiimini,o<<mashkikiw2>>V1miniw1,GUESS,,,
NI,NI_Vw,mashkiki,mashkikiw2,1SgPoss,Dim,NONE,NONE,NONE,Sg,nimashkikiins,ni<<mashkikiw2>>V1ns,JDN-2010-Nouns,nimashkikiwens,ni<<mashkikiw2>>ens,GUESS
NI,NI_Vw,mashkiki,mashkikiw2,ExclPoss,Dim,NONE,NONE,NONE,Sg,nimashkikiinsinaan,ni<<mashkikiw2>>V1nsinaan,JDN-2010-Nouns,nimashkikiwensinaan,ni<<mashkikiw2>>ensinaan,GUESS
NI,NI_Vw,mashkiki,mashkikiw2,InclPoss,Dim,NONE,NONE,NONE,Sg,gimashkikiinsinaan,gi<<mashkikiw2>>V1nsinaan,JDN-2010-Nouns,gimashkikiwensinaan,gi<<mashkikiw2>>ensinaan,GUESS
NI,NI_Vw,mashkiki,mashkikiw2,2SgPoss,Dim,NONE,NONE,NONE,Sg,gimashkikiins,gi<<mashkikiw2>>V1ns,JDN-2010-Nouns,gimashkikiwens,gi<<mashkikiw2>>ens,GUESS
NI,NI_Vw,mashkiki,mashkikiw2,2PlPoss,Dim,NONE,NONE,NONE,Sg,gimashkikiinsiwaa,gi<<mashkikiw2>>V1nsiwaa,JDN-2010-Nouns,gimashkikiwensiwaa,gi<<mashkikiw2>>ensiwaa,GUESS
NI,NI_Vw,mashkiki,mashkikiw2,3SgProxPoss,Dim,NONE,NONE,NONE,Sg,omashkikiins,o<<mashkikiw2>>V1ns,JDN-2010-Nouns,omashkikiwens,o<<mashkikiw2>>ens,GUESS
NI,NI_Vw,mashkiki,mashkikiw2,3PlProxPoss,Dim,NONE,NONE,NONE,Sg,omashkikiinsiwaa,o<<mashkikiw2>>V1nsiwaa,JDN-2010-Nouns,omashkikiwensiwaa,o<<mashkikiw2>>ensiwaa,GUESS
NI,NI_Vw,mashkiki,mashkikiw2,3SgObvPoss,Dim,NONE,NONE,NONE,Sg,omashkikiinsini,o<<mashkikiw2>>V1nsiniw1,JDN-2010-Nouns,omashkikiwensini,o<<mashkikiw2>>ensiniw1,GUESS
NI,NI_Vw,mashkiki,mashkikiw2,3PlObvPoss,Dim,NONE,NONE,NONE,Sg,omashkikiinsini,o<<mashkikiw2>>V1nsiniw1,GUESS,omashkikiwensini,o<<mashkikiw2>>ensiniw1,GUESS
NI,NI_Vw,mashkiki,mashkikiw2,1SgPoss,Dim,Poss,NONE,NONE,Sg,nimashkikiinsim,ni<<mashkikiw2>>V1nsim,JDN-2010-Nouns,nimashkikiwensim,ni<<mashkikiw2>>ensim,GUESS
NI,NI_Vw,mashkiki,mashkikiw2,ExclPoss,Dim,Poss,NONE,NONE,Sg,nimashkikiinsiminaan,ni<<mashkikiw2>>V1nsiminaan,JDN-2010-Nouns,nimashkikiwensiminaan,ni<<mashkikiw2>>ensiminaan,GUESS
NI,NI_Vw,mashkiki,mashkikiw2,InclPoss,Dim,Poss,NONE,NONE,Sg,gimashkikiinsiminaan,gi<<mashkikiw2>>V1nsiminaan,JDN-2010-Nouns,gimashkikiwensiminaan,gi<<mashkikiw2>>ensiminaan,GUESS
NI,NI_Vw,mashkiki,mashkikiw2,2SgPoss,Dim,Poss,NONE,NONE,Sg,gimashkikiinsim,gi<<mashkikiw2>>V1nsim,JDN-2010-Nouns,gimashkikiwensim,gi<<mashkikiw2>>ensim,GUESS
NI,NI_Vw,mashkiki,mashkikiw2,2PlPoss,Dim,Poss,NONE,NONE,Sg,gimashkikiinsimiwaa,gi<<mashkikiw2>>V1nsimiwaa,JDN-2010-Nouns,gimashkikiwensimiwaa,gi<<mashkikiw2>>ensimiwaa,GUESS
NI,NI_Vw,mashkiki,mashkikiw2,3SgProxPoss,Dim,Poss,NONE,NONE,Sg,omashkikiinsim,o<<mashkikiw2>>V1nsim,JDN-2010-Nouns,omashkikiwensim,o<<mashkikiw2>>ensim,GUESS
NI,NI_Vw,mashkiki,mashkikiw2,3PlProxPoss,Dim,Poss,NONE,NONE,Sg,omashkikiinsimiwaa,o<<mashkikiw2>>V1nsimiwaa,JDN-2010-Nouns,omashkikiwensimiwaa,o<<mashkikiw2>>ensimiwaa,GUESS
NI,NI_Vw,mashkiki,mashkikiw2,3SgObvPoss,Dim,Poss,NONE,NONE,Sg,omashkikiinsimini,o<<mashkikiw2>>V1nsiminiw1,JDN-2010-Nouns,omashkikiwensimini,o<<mashkikiw2>>ensiminiw1,GUESS
NI,NI_Vw,mashkiki,mashkikiw2,3PlObvPoss,Dim,Poss,NONE,NONE,Sg,omashkikiinsimini,o<<mashkikiw2>>V1nsiminiw1,GUESS,omashkikiwensimini,o<<mashkikiw2>>ensiminiw1,GUESS
NI,NI_Vw,mashkiki,mashkikiw2,1SgPoss,NONE,NONE,Pej,NONE,Sg,nimashkikiwish,ni<<mashkikiw2>>ish,JDN-2010-Nouns,,,
NI,NI_Vw,mashkiki,mashkikiw2,ExclPoss,NONE,NONE,Pej,NONE,Sg,nimashkikiwishinaan,ni<<mashkikiw2>>ishinaan,JDN-2010-Nouns,,,
NI,NI_Vw,mashkiki,mashkikiw2,InclPoss,NONE,NONE,Pej,NONE,Sg,gimashkikiwishinaan,gi<<mashkikiw2>>ishinaan,JDN-2010-Nouns,,,
NI,NI_Vw,mashkiki,mashkikiw2,2SgPoss,NONE,NONE,Pej,NONE,Sg,gimashkikiwish,gi<<mashkikiw2>>ish,JDN-2010-Nouns,,,
NI,NI_Vw,mashkiki,mashkikiw2,2PlPoss,NONE,NONE,Pej,NONE,Sg,gimashkikiwishiwaa,gi<<mashkikiw2>>ishiwaa,JDN-2010-Nouns,,,
NI,NI_Vw,mashkiki,mashkikiw2,3SgProxPoss,NONE,NONE,Pej,NONE,Sg,omashkikiwish,o<<mashkikiw2>>ish,JDN-2010-Nouns,,,
NI,NI_Vw,mashkiki,mashkikiw2,3PlProxPoss,NONE,NONE,Pej,NONE,Sg,omashkikiwishiwaa,o<<mashkikiw2>>ishiwaa,JDN-2010-Nouns,,,
NI,NI_Vw,mashkiki,mashkikiw2,3SgObvPoss,NONE,NONE,Pej,NONE,Sg,omashkikiwishini,o<<mashkikiw2>>ishiniw1,JDN-2010-Nouns,,,
NI,NI_Vw,mashkiki,mashkikiw2,3PlObvPoss,NONE,NONE,Pej,NONE,Sg,omashkikiwishini,o<<mashkikiw2>>ishiniw1,GUESS,,,
NI,NI_Vw,mashkiki,mashkikiw2,1SgPoss,NONE,Poss,Pej,NONE,Sg,nimashkikiimish,ni<<mashkikiw2>>V1mish,JDN-2010-Nouns,,,
NI,NI_Vw,mashkiki,mashkikiw2,ExclPoss,NONE,Poss,Pej,NONE,Sg,nimashkikiimishinaan,ni<<mashkikiw2>>V1mishinaan,JDN-2010-Nouns,,,
NI,NI_Vw,mashkiki,mashkikiw2,InclPoss,NONE,Poss,Pej,NONE,Sg,gimashkikiimishinaan,gi<<mashkikiw2>>V1mishinaan,JDN-2010-Nouns,,,
NI,NI_Vw,mashkiki,mashkikiw2,2SgPoss,NONE,Poss,Pej,NONE,Sg,gimashkikiimish,gi<<mashkikiw2>>V1mish,JDN-2010-Nouns,,,
NI,NI_Vw,mashkiki,mashkikiw2,2PlPoss,NONE,Poss,Pej,NONE,Sg,gimashkikiimishiwaa,gi<<mashkikiw2>>V1mishiwaa,JDN-2010-Nouns,,,
NI,NI_Vw,mashkiki,mashkikiw2,3SgProxPoss,NONE,Poss,Pej,NONE,Sg,omashkikiimish,o<<mashkikiw2>>V1mish,JDN-2010-Nouns,,,
NI,NI_Vw,mashkiki,mashkikiw2,3PlProxPoss,NONE,Poss,Pej,NONE,Sg,omashkikiimishiwaa,o<<mashkikiw2>>V1mishiwaa,JDN-2010-Nouns,,,
NI,NI_Vw,mashkiki,mashkikiw2,3SgObvPoss,NONE,Poss,Pej,NONE,Sg,omashkikiimishini,o<<mashkikiw2>>V1mishiniw1,JDN-2010-Nouns,,,
NI,NI_Vw,mashkiki,mashkikiw2,3PlObvPoss,NONE,Poss,Pej,NONE,Sg,omashkikiimishini,o<<mashkikiw2>>V1mishiniw1,GUESS,,,
NI,NI_Vw,mashkiki,mashkikiw2,1SgPoss,NONE,NONE,NONE,Pret,Sg,nimashkikiwiban,ni<<mashkikiw2>>iban,JDN-2010-Nouns,,,
NI,NI_Vw,mashkiki,mashkikiw2,ExclPoss,NONE,NONE,NONE,Pret,Sg,nimashkikiinaaban,ni<<mashkikiw2>>V1naaban,JDN-2010-Nouns,,,
NI,NI_Vw,mashkiki,mashkikiw2,InclPoss,NONE,NONE,NONE,Pret,Sg,gimashkikiinaaban,gi<<mashkikiw2>>V1naaban,JDN-2010-Nouns,,,
NI,NI_Vw,mashkiki,mashkikiw2,2SgPoss,NONE,NONE,NONE,Pret,Sg,gimashkikiwiban,gi<<mashkikiw2>>iban,JDN-2010-Nouns,,,
NI,NI_Vw,mashkiki,mashkikiw2,2PlPoss,NONE,NONE,NONE,Pret,Sg,gimashkikiiwaaban,gi<<mashkikiw2>>V1waaban,JDN-2010-Nouns,,,
NI,NI_Vw,mashkiki,mashkikiw2,3SgProxPoss,NONE,NONE,NONE,Pret,Sg,omashkikiwiban,o<<mashkikiw2>>iban,JDN-2010-Nouns,,,
NI,NI_Vw,mashkiki,mashkikiw2,3PlProxPoss,NONE,NONE,NONE,Pret,Sg,omashkikiiwaaban,o<<mashkikiw2>>V1waaban,JDN-2010-Nouns,,,
NI,NI_Vw,mashkiki,mashkikiw2,3SgObvPoss,NONE,NONE,NONE,Pret,Sg,omashkikiiniban,o<<mashkikiw2>>V1niban,JDN-2010-Nouns,,,
NI,NI_Vw,mashkiki,mashkikiw2,3PlObvPoss,NONE,NONE,NONE,Pret,Sg,omashkikiiniban,o<<mashkikiw2>>V1niban,GUESS,,,
NI,NI_Vw,mashkiki,mashkikiw2,1SgPoss,NONE,Poss,NONE,Pret,Sg,nimashkikiimiban,ni<<mashkikiw2>>V1miban,JDN-2010-Nouns,,,
NI,NI_Vw,mashkiki,mashkikiw2,ExclPoss,NONE,Poss,NONE,Pret,Sg,nimashkikiiminaaban,ni<<mashkikiw2>>V1minaaban,JDN-2010-Nouns,,,
NI,NI_Vw,mashkiki,mashkikiw2,InclPoss,NONE,Poss,NONE,Pret,Sg,gimashkikiiminaaban,gi<<mashkikiw2>>V1minaaban,JDN-2010-Nouns,,,
NI,NI_Vw,mashkiki,mashkikiw2,2SgPoss,NONE,Poss,NONE,Pret,Sg,gimashkikiimiban,gi<<mashkikiw2>>V1miban,JDN-2010-Nouns,,,
NI,NI_Vw,mashkiki,mashkikiw2,2PlPoss,NONE,Poss,NONE,Pret,Sg,gimashkikiimiwaaban,gi<<mashkikiw2>>V1miwaaban,JDN-2010-Nouns,,,
NI,NI_Vw,mashkiki,mashkikiw2,3SgProxPoss,NONE,Poss,NONE,Pret,Sg,omashkikiimiban,o<<mashkikiw2>>V1miban,JDN-2010-Nouns,,,
NI,NI_Vw,mashkiki,mashkikiw2,3PlProxPoss,NONE,Poss,NONE,Pret,Sg,omashkikiimiwaaban,o<<mashkikiw2>>V1miwaaban,JDN-2010-Nouns,,,
NI,NI_Vw,mashkiki,mashkikiw2,3SgObvPoss,NONE,Poss,NONE,Pret,Sg,omashkikiiminiban,o<<mashkikiw2>>V1miniban,JDN-2010-Nouns,,,
NI,NI_Vw,mashkiki,mashkikiw2,3PlObvPoss,NONE,Poss,NONE,Pret,Sg,omashkikiiminiban,o<<mashkikiw2>>V1miniban,GUESS,,,
NI,NI_Vw,mashkiki,mashkikiw2,1SgPoss,Dim,NONE,NONE,Pret,Sg,nimashkikiinsiban,ni<<mashkikiw2>>V1nsiban,JDN-2010-Nouns,nimashkikiwensiban,ni<<mashkikiw2>>ensiban,GUESS
NI,NI_Vw,mashkiki,mashkikiw2,ExclPoss,Dim,NONE,NONE,Pret,Sg,nimashkikiinsinaaban,ni<<mashkikiw2>>V1nsinaaban,JDN-2010-Nouns,nimashkikiwensinaaban,ni<<mashkikiw2>>ensinaaban,GUESS
NI,NI_Vw,mashkiki,mashkikiw2,InclPoss,Dim,NONE,NONE,Pret,Sg,gimashkikiinsinaaban,gi<<mashkikiw2>>V1nsinaaban,JDN-2010-Nouns,gimashkikiwensinaaban,gi<<mashkikiw2>>ensinaaban,GUESS
NI,NI_Vw,mashkiki,mashkikiw2,2SgPoss,Dim,NONE,NONE,Pret,Sg,gimashkikiinsiban,gi<<mashkikiw2>>V1nsiban,JDN-2010-Nouns,gimashkikiwensiban,gi<<mashkikiw2>>ensiban,GUESS
NI,NI_Vw,mashkiki,mashkikiw2,2PlPoss,Dim,NONE,NONE,Pret,Sg,gimashkikiinsiwaaban,gi<<mashkikiw2>>V1nsiwaaban,JDN-2010-Nouns,gimashkikiwensiwaaban,gi<<mashkikiw2>>ensiwaaban,GUESS
NI,NI_Vw,mashkiki,mashkikiw2,3SgProxPoss,Dim,NONE,NONE,Pret,Sg,omashkikiinsiban,o<<mashkikiw2>>V1nsiban,JDN-2010-Nouns,omashkikiwensiban,o<<mashkikiw2>>ensiban,GUESS
NI,NI_Vw,mashkiki,mashkikiw2,3PlProxPoss,Dim,NONE,NONE,Pret,Sg,omashkikiinsiwaaban,o<<mashkikiw2>>V1nsiwaaban,JDN-2010-Nouns,omashkikiwensiwaaban,o<<mashkikiw2>>ensiwaaban,GUESS
NI,NI_Vw,mashkiki,mashkikiw2,3SgObvPoss,Dim,NONE,NONE,Pret,Sg,omashkikiinsiniban,o<<mashkikiw2>>V1nsiniban,JDN-2010-Nouns,omashkikiwensiniban,o<<mashkikiw2>>ensiniban,GUESS
NI,NI_Vw,mashkiki,mashkikiw2,3PlObvPoss,Dim,NONE,NONE,Pret,Sg,omashkikiinsiniban,o<<mashkikiw2>>V1nsiniban,GUESS,omashkikiwensiniban,o<<mashkikiw2>>ensiniban,GUESS
NI,NI_Vw,mashkiki,mashkikiw2,1SgPoss,Dim,Poss,NONE,Pret,Sg,nimashkikiinsimiban,ni<<mashkikiw2>>V1nsimiban,JDN-2010-Nouns,nimashkikiwensimiban,ni<<mashkikiw2>>ensimiban,GUESS
NI,NI_Vw,mashkiki,mashkikiw2,ExclPoss,Dim,Poss,NONE,Pret,Sg,nimashkikiinsiminaaban,ni<<mashkikiw2>>V1nsiminaaban,JDN-2010-Nouns,nimashkikiwensiminaaban,ni<<mashkikiw2>>ensiminaaban,GUESS
NI,NI_Vw,mashkiki,mashkikiw2,InclPoss,Dim,Poss,NONE,Pret,Sg,gimashkikiinsiminaaban,gi<<mashkikiw2>>V1nsiminaaban,JDN-2010-Nouns,gimashkikiwensiminaaban,gi<<mashkikiw2>>ensiminaaban,GUESS
NI,NI_Vw,mashkiki,mashkikiw2,2SgPoss,Dim,Poss,NONE,Pret,Sg,gimashkikiinsimiban,gi<<mashkikiw2>>V1nsimiban,JDN-2010-Nouns,gimashkikiwensimiban,gi<<mashkikiw2>>ensimiban,GUESS
NI,NI_Vw,mashkiki,mashkikiw2,2PlPoss,Dim,Poss,NONE,Pret,Sg,gimashkikiinsimiwaaban,gi<<mashkikiw2>>V1nsimiwaaban,JDN-2010-Nouns,gimashkikiwensimiwaaban,gi<<mashkikiw2>>ensimiwaaban,GUESS
NI,NI_Vw,mashkiki,mashkikiw2,3SgProxPoss,Dim,Poss,NONE,Pret,Sg,omashkikiinsimiban,o<<mashkikiw2>>V1nsimiban,JDN-2010-Nouns,omashkikiwensimiban,o<<mashkikiw2>>ensimiban,GUESS
NI,NI_Vw,mashkiki,mashkikiw2,3PlProxPoss,Dim,Poss,NONE,Pret,Sg,omashkikiinsimiwaaban,o<<mashkikiw2>>V1nsimiwaaban,JDN-2010-Nouns,omashkikiwensimiwaaban,o<<mashkikiw2>>ensimiwaaban,GUESS
NI,NI_Vw,mashkiki,mashkikiw2,3SgObvPoss,Dim,Poss,NONE,Pret,Sg,omashkikiinsiminiban,o<<mashkikiw2>>V1nsiminiban,JDN-2010-Nouns,omashkikiwensiminiban,o<<mashkikiw2>>ensiminiban,GUESS
NI,NI_Vw,mashkiki,mashkikiw2,3PlObvPoss,Dim,Poss,NONE,Pret,Sg,omashkikiinsiminiban,o<<mashkikiw2>>V1nsiminiban,GUESS,omashkikiwensiminiban,o<<mashkikiw2>>ensiminiban,GUESS
NI,NI_Vw,mashkiki,mashkikiw2,1SgPoss,Dim,NONE,Pej,NONE,Sg,nimashkikiinzhish,ni<<mashkikiw2>>V1nzhish,JDN-2010-Nouns,nimashkikiwenzhish,ni<<mashkikiw2>>enzhish,GUESS
NI,NI_Vw,mashkiki,mashkikiw2,ExclPoss,Dim,NONE,Pej,NONE,Sg,nimashkikiinzhishinaan,ni<<mashkikiw2>>V1nzhishinaan,JDN-2010-Nouns,nimashkikiwenzhishinaan,ni<<mashkikiw2>>enzhishinaan,GUESS
NI,NI_Vw,mashkiki,mashkikiw2,InclPoss,Dim,NONE,Pej,NONE,Sg,gimashkikiinzhishinaan,gi<<mashkikiw2>>V1nzhishinaan,JDN-2010-Nouns,gimashkikiwenzhishinaan,gi<<mashkikiw2>>enzhishinaan,GUESS
NI,NI_Vw,mashkiki,mashkikiw2,2SgPoss,Dim,NONE,Pej,NONE,Sg,gimashkikiinzhish,gi<<mashkikiw2>>V1nzhish,JDN-2010-Nouns,gimashkikiwenzhish,gi<<mashkikiw2>>enzhish,GUESS
NI,NI_Vw,mashkiki,mashkikiw2,2PlPoss,Dim,NONE,Pej,NONE,Sg,gimashkikiinzhishiwaa,gi<<mashkikiw2>>V1nzhishiwaa,JDN-2010-Nouns,gimashkikiwenzhishiwaa,gi<<mashkikiw2>>enzhishiwaa,GUESS
NI,NI_Vw,mashkiki,mashkikiw2,3SgProxPoss,Dim,NONE,Pej,NONE,Sg,omashkikiinzhish,o<<mashkikiw2>>V1nzhish,JDN-2010-Nouns,omashkikiwenzhish,o<<mashkikiw2>>enzhish,GUESS
NI,NI_Vw,mashkiki,mashkikiw2,3PlProxPoss,Dim,NONE,Pej,NONE,Sg,omashkikiinzhishiwaa,o<<mashkikiw2>>V1nzhishiwaa,JDN-2010-Nouns,omashkikiwenzhishiwaa,o<<mashkikiw2>>enzhishiwaa,GUESS
NI,NI_Vw,mashkiki,mashkikiw2,3SgObvPoss,Dim,NONE,Pej,NONE,Sg,omashkikiinzhishini,o<<mashkikiw2>>V1nzhishiniw1,JDN-2010-Nouns,omashkikiwenzhishini,o<<mashkikiw2>>enzhishiniw1,GUESS
NI,NI_Vw,mashkiki,mashkikiw2,3PlObvPoss,Dim,NONE,Pej,NONE,Sg,omashkikiinzhishini,o<<mashkikiw2>>V1nzhishiniw1,GUESS,omashkikiwenzhishini,o<<mashkikiw2>>enzhishiniw1,GUESS
NI,NI_Vw,mashkiki,mashkikiw2,1SgPoss,Dim,Poss,Pej,NONE,Sg,nimashkikiinsimish,ni<<mashkikiw2>>V1nsimish,JDN-2010-Nouns,nimashkikiwensimish,ni<<mashkikiw2>>ensimish,GUESS
NI,NI_Vw,mashkiki,mashkikiw2,ExclPoss,Dim,Poss,Pej,NONE,Sg,nimashkikiinsimishinaan,ni<<mashkikiw2>>V1nsimishinaan,JDN-2010-Nouns,nimashkikiwensimishinaan,ni<<mashkikiw2>>ensimishinaan,GUESS
NI,NI_Vw,mashkiki,mashkikiw2,InclPoss,Dim,Poss,Pej,NONE,Sg,gimashkikiinsimishinaan,gi<<mashkikiw2>>V1nsimishinaan,JDN-2010-Nouns,gimashkikiwensimishinaan,gi<<mashkikiw2>>ensimishinaan,GUESS
NI,NI_Vw,mashkiki,mashkikiw2,2SgPoss,Dim,Poss,Pej,NONE,Sg,gimashkikiinsimish,gi<<mashkikiw2>>V1nsimish,JDN-2010-Nouns,gimashkikiwensimish,gi<<mashkikiw2>>ensimish,GUESS
NI,NI_Vw,mashkiki,mashkikiw2,2PlPoss,Dim,Poss,Pej,NONE,Sg,gimashkikiinsimishiwaa,gi<<mashkikiw2>>V1nsimishiwaa,JDN-2010-Nouns,gimashkikiwensimishiwaa,gi<<mashkikiw2>>ensimishiwaa,GUESS
NI,NI_Vw,mashkiki,mashkikiw2,3SgProxPoss,Dim,Poss,Pej,NONE,Sg,omashkikiinsimish,o<<mashkikiw2>>V1nsimish,JDN-2010-Nouns,omashkikiwensimish,o<<mashkikiw2>>ensimish,GUESS
NI,NI_Vw,mashkiki,mashkikiw2,3PlProxPoss,Dim,Poss,Pej,NONE,Sg,omashkikiinsimishiwaa,o<<mashkikiw2>>V1nsimishiwaa,JDN-2010-Nouns,omashkikiwensimishiwaa,o<<mashkikiw2>>ensimishiwaa,GUESS
NI,NI_Vw,mashkiki,mashkikiw2,3SgObvPoss,Dim,Poss,Pej,NONE,Sg,omashkikiinsimishini,o<<mashkikiw2>>V1nsimishiniw1,JDN-2010-Nouns,omashkikiwensimishini,o<<mashkikiw2>>ensimishiniw1,GUESS
NI,NI_Vw,mashkiki,mashkikiw2,3PlObvPoss,Dim,Poss,Pej,NONE,Sg,omashkikiinsimishini,o<<mashkikiw2>>V1nsimishiniw1,GUESS,omashkikiwensimishini,o<<mashkikiw2>>ensimishiniw1,GUESS
NI,NI_Vw,mashkiki,mashkikiw2,NONE,NONE,NONE,NONE,NONE,LocDist,mashkikiikaang,<<mashkikiw2>>V1kaang,GUESS,,,
NI,NI_Vw,mashkiki,mashkikiw2,NONE,Dim,NONE,NONE,NONE,LocDist,mashkikiinsikaang,<<mashkikiw2>>V1nsikaang,GUESS,mashkikiwensikaang,<<mashkikiw2>>ensikaang,GUESS
NI,NI_Vw,mashkiki,mashkikiw2,NONE,NONE,NONE,Pej,NONE,LocDist,mashkikiwishikaang,<<mashkikiw2>>ishikaang,GUESS,,,
NI,NI_Vw,mashkiki,mashkikiw2,NONE,NONE,NONE,NONE,Pret,LocDist,mashkikiwibanikaang,<<mashkikiw2>>ibanikaang,GUESS,,,
NI,NI_Vw,mashkiki,mashkikiw2,NONE,Dim,NONE,Pej,NONE,LocDist,mashkikiinzhishikaang,<<mashkikiw2>>V1nzhishikaang,GUESS,mashkikiwenzhishikaang,<<mashkikiw2>>enzhishikaang,GUESS
NI,NI_Vw,mashkiki,mashkikiw2,NONE,Dim,NONE,NONE,Pret,LocDist,mashkikiinsibanikaang,<<mashkikiw2>>V1nsibanikaang,GUESS,mashkikiwensibanikaang,<<mashkikiw2>>ensibanikaang,GUESS
NI,NI_Vw,mashkiki,mashkikiw2,1SgPoss,NONE,NONE,NONE,NONE,LocDist,nimashkikiikaang,ni<<mashkikiw2>>V1kaang,GUESS,,,
NI,NI_Vw,mashkiki,mashkikiw2,ExclPoss,NONE,NONE,NONE,NONE,LocDist,nimashkikiinaakaang,ni<<mashkikiw2>>V1naakaang,GUESS,,,
NI,NI_Vw,mashkiki,mashkikiw2,InclPoss,NONE,NONE,NONE,NONE,LocDist,gimashkikiinaakaang,gi<<mashkikiw2>>V1naakaang,GUESS,,,
NI,NI_Vw,mashkiki,mashkikiw2,2SgPoss,NONE,NONE,NONE,NONE,LocDist,gimashkikiikaang,gi<<mashkikiw2>>V1kaang,GUESS,,,
NI,NI_Vw,mashkiki,mashkikiw2,2PlPoss,NONE,NONE,NONE,NONE,LocDist,gimashkikiiwaakaang,gi<<mashkikiw2>>V1waakaang,GUESS,,,
NI,NI_Vw,mashkiki,mashkikiw2,3SgProxPoss,NONE,NONE,NONE,NONE,LocDist,omashkikiikaang,o<<mashkikiw2>>V1kaang,GUESS,,,
NI,NI_Vw,mashkiki,mashkikiw2,3PlProxPoss,NONE,NONE,NONE,NONE,LocDist,omashkikiiwaakaang,o<<mashkikiw2>>V1waakaang,GUESS,,,
NI,NI_Vw,mashkiki,mashkikiw2,3SgObvPoss,NONE,NONE,NONE,NONE,LocDist,omashkikiinikaang,o<<mashkikiw2>>V1nikaang,GUESS,,,
NI,NI_Vw,mashkiki,mashkikiw2,3PlObvPoss,NONE,NONE,NONE,NONE,LocDist,omashkikiinikaang,o<<mashkikiw2>>V1nikaang,GUESS,,,
NI,NI_Vw,mashkiki,mashkikiw2,1SgPoss,NONE,Poss,NONE,NONE,LocDist,nimashkikiimikaang,ni<<mashkikiw2>>V1mikaang,GUESS,,,
NI,NI_Vw,mashkiki,mashkikiw2,ExclPoss,NONE,Poss,NONE,NONE,LocDist,nimashkikiiminaakaang,ni<<mashkikiw2>>V1minaakaang,GUESS,,,
NI,NI_Vw,mashkiki,mashkikiw2,InclPoss,NONE,Poss,NONE,NONE,LocDist,gimashkikiiminaakaang,gi<<mashkikiw2>>V1minaakaang,GUESS,,,
NI,NI_Vw,mashkiki,mashkikiw2,2SgPoss,NONE,Poss,NONE,NONE,LocDist,gimashkikiimikaang,gi<<mashkikiw2>>V1mikaang,GUESS,,,
NI,NI_Vw,mashkiki,mashkikiw2,2PlPoss,NONE,Poss,NONE,NONE,LocDist,gimashkikiimiwaakaang,gi<<mashkikiw2>>V1miwaakaang,GUESS,,,
NI,NI_Vw,mashkiki,mashkikiw2,3SgProxPoss,NONE,Poss,NONE,NONE,LocDist,omashkikiimikaang,o<<mashkikiw2>>V1mikaang,GUESS,,,
NI,NI_Vw,mashkiki,mashkikiw2,3PlProxPoss,NONE,Poss,NONE,NONE,LocDist,omashkikiimiwaakaang,o<<mashkikiw2>>V1miwaakaang,GUESS,,,
NI,NI_Vw,mashkiki,mashkikiw2,3SgObvPoss,NONE,Poss,NONE,NONE,LocDist,omashkikiiminikaang,o<<mashkikiw2>>V1minikaang,GUESS,,,
NI,NI_Vw,mashkiki,mashkikiw2,3PlObvPoss,NONE,Poss,NONE,NONE,LocDist,omashkikiiminikaang,o<<mashkikiw2>>V1minikaang,GUESS,,,
NI,NI_Vw,mashkiki,mashkikiw2,1SgPoss,Dim,NONE,NONE,NONE,LocDist,nimashkikiinsikaang,ni<<mashkikiw2>>V1nsikaang,GUESS,nimashkikiwensikaang,ni<<mashkikiw2>>ensikaang,GUESS
NI,NI_Vw,mashkiki,mashkikiw2,ExclPoss,Dim,NONE,NONE,NONE,LocDist,nimashkikiinsinaakaang,ni<<mashkikiw2>>V1nsinaakaang,GUESS,nimashkikiwensinaakaang,ni<<mashkikiw2>>ensinaakaang,GUESS
NI,NI_Vw,mashkiki,mashkikiw2,InclPoss,Dim,NONE,NONE,NONE,LocDist,gimashkikiinsinaakaang,gi<<mashkikiw2>>V1nsinaakaang,GUESS,gimashkikiwensinaakaang,gi<<mashkikiw2>>ensinaakaang,GUESS
NI,NI_Vw,mashkiki,mashkikiw2,2SgPoss,Dim,NONE,NONE,NONE,LocDist,gimashkikiinsikaang,gi<<mashkikiw2>>V1nsikaang,GUESS,gimashkikiwensikaang,gi<<mashkikiw2>>ensikaang,GUESS
NI,NI_Vw,mashkiki,mashkikiw2,2PlPoss,Dim,NONE,NONE,NONE,LocDist,gimashkikiinsiwaakaang,gi<<mashkikiw2>>V1nsiwaakaang,GUESS,gimashkikiwensiwaakaang,gi<<mashkikiw2>>ensiwaakaang,GUESS
NI,NI_Vw,mashkiki,mashkikiw2,3SgProxPoss,Dim,NONE,NONE,NONE,LocDist,omashkikiinsikaang,o<<mashkikiw2>>V1nsikaang,GUESS,omashkikiwensikaang,o<<mashkikiw2>>ensikaang,GUESS
NI,NI_Vw,mashkiki,mashkikiw2,3PlProxPoss,Dim,NONE,NONE,NONE,LocDist,omashkikiinsiwaakaang,o<<mashkikiw2>>V1nsiwaakaang,GUESS,omashkikiwensiwaakaang,o<<mashkikiw2>>ensiwaakaang,GUESS
NI,NI_Vw,mashkiki,mashkikiw2,3SgObvPoss,Dim,NONE,NONE,NONE,LocDist,omashkikiinsinikaang,o<<mashkikiw2>>V1nsinikaang,GUESS,omashkikiwensinikaang,o<<mashkikiw2>>ensinikaang,GUESS
NI,NI_Vw,mashkiki,mashkikiw2,3PlObvPoss,Dim,NONE,NONE,NONE,LocDist,omashkikiinsinikaang,o<<mashkikiw2>>V1nsinikaang,GUESS,omashkikiwensinikaang,o<<mashkikiw2>>ensinikaang,GUESS
NI,NI_Vw,mashkiki,mashkikiw2,1SgPoss,Dim,Poss,NONE,NONE,LocDist,nimashkikiinsimikaang,ni<<mashkikiw2>>V1nsimikaang,GUESS,nimashkikiwensimikaang,ni<<mashkikiw2>>ensimikaang,GUESS
NI,NI_Vw,mashkiki,mashkikiw2,ExclPoss,Dim,Poss,NONE,NONE,LocDist,nimashkikiinsiminaakaang,ni<<mashkikiw2>>V1nsiminaakaang,GUESS,nimashkikiwensiminaakaang,ni<<mashkikiw2>>ensiminaakaang,GUESS
NI,NI_Vw,mashkiki,mashkikiw2,InclPoss,Dim,Poss,NONE,NONE,LocDist,gimashkikiinsiminaakaang,gi<<mashkikiw2>>V1nsiminaakaang,GUESS,gimashkikiwensiminaakaang,gi<<mashkikiw2>>ensiminaakaang,GUESS
NI,NI_Vw,mashkiki,mashkikiw2,2SgPoss,Dim,Poss,NONE,NONE,LocDist,gimashkikiinsimikaang,gi<<mashkikiw2>>V1nsimikaang,GUESS,gimashkikiwensimikaang,gi<<mashkikiw2>>ensimikaang,GUESS
NI,NI_Vw,mashkiki,mashkikiw2,2PlPoss,Dim,Poss,NONE,NONE,LocDist,gimashkikiinsimiwaakaang,gi<<mashkikiw2>>V1nsimiwaakaang,GUESS,gimashkikiwensimiwaakaang,gi<<mashkikiw2>>ensimiwaakaang,GUESS
NI,NI_Vw,mashkiki,mashkikiw2,3SgProxPoss,Dim,Poss,NONE,NONE,LocDist,omashkikiinsimikaang,o<<mashkikiw2>>V1nsimikaang,GUESS,omashkikiwensimikaang,o<<mashkikiw2>>ensimikaang,GUESS
NI,NI_Vw,mashkiki,mashkikiw2,3PlProxPoss,Dim,Poss,NONE,NONE,LocDist,omashkikiinsimiwaakaang,o<<mashkikiw2>>V1nsimiwaakaang,GUESS,omashkikiwensimiwaakaang,o<<mashkikiw2>>ensimiwaakaang,GUESS
NI,NI_Vw,mashkiki,mashkikiw2,3SgObvPoss,Dim,Poss,NONE,NONE,LocDist,omashkikiinsiminikaang,o<<mashkikiw2>>V1nsiminikaang,GUESS,omashkikiwensiminikaang,o<<mashkikiw2>>ensiminikaang,GUESS
NI,NI_Vw,mashkiki,mashkikiw2,3PlObvPoss,Dim,Poss,NONE,NONE,LocDist,omashkikiinsiminikaang,o<<mashkikiw2>>V1nsiminikaang,GUESS,omashkikiwensiminikaang,o<<mashkikiw2>>ensiminikaang,GUESS
NI,NI_Vw,mashkiki,mashkikiw2,1SgPoss,NONE,NONE,Pej,NONE,LocDist,nimashkikiwishikaang,ni<<mashkikiw2>>ishikaang,GUESS,,,
NI,NI_Vw,mashkiki,mashkikiw2,ExclPoss,NONE,NONE,Pej,NONE,LocDist,nimashkikiwishinaakaang,ni<<mashkikiw2>>ishinaakaang,GUESS,,,
NI,NI_Vw,mashkiki,mashkikiw2,InclPoss,NONE,NONE,Pej,NONE,LocDist,gimashkikiwishinaakaang,gi<<mashkikiw2>>ishinaakaang,GUESS,,,
NI,NI_Vw,mashkiki,mashkikiw2,2SgPoss,NONE,NONE,Pej,NONE,LocDist,gimashkikiwishikaang,gi<<mashkikiw2>>ishikaang,GUESS,,,
NI,NI_Vw,mashkiki,mashkikiw2,2PlPoss,NONE,NONE,Pej,NONE,LocDist,gimashkikiwishiwaakaang,gi<<mashkikiw2>>ishiwaakaang,GUESS,,,
NI,NI_Vw,mashkiki,mashkikiw2,3SgProxPoss,NONE,NONE,Pej,NONE,LocDist,omashkikiwishikaang,o<<mashkikiw2>>ishikaang,GUESS,,,
NI,NI_Vw,mashkiki,mashkikiw2,3PlProxPoss,NONE,NONE,Pej,NONE,LocDist,omashkikiwishiwaakaang,o<<mashkikiw2>>ishiwaakaang,GUESS,,,
NI,NI_Vw,mashkiki,mashkikiw2,3SgObvPoss,NONE,NONE,Pej,NONE,LocDist,omashkikiwishinikaang,o<<mashkikiw2>>ishinikaang,GUESS,,,
NI,NI_Vw,mashkiki,mashkikiw2,3PlObvPoss,NONE,NONE,Pej,NONE,LocDist,omashkikiwishinikaang,o<<mashkikiw2>>ishinikaang,GUESS,,,
NI,NI_Vw,mashkiki,mashkikiw2,1SgPoss,NONE,Poss,Pej,NONE,LocDist,nimashkikiimishikaang,ni<<mashkikiw2>>V1mishikaang,GUESS,,,
NI,NI_Vw,mashkiki,mashkikiw2,ExclPoss,NONE,Poss,Pej,NONE,LocDist,nimashkikiimishinaakaang,ni<<mashkikiw2>>V1mishinaakaang,GUESS,,,
NI,NI_Vw,mashkiki,mashkikiw2,InclPoss,NONE,Poss,Pej,NONE,LocDist,gimashkikiimishinaakaang,gi<<mashkikiw2>>V1mishinaakaang,GUESS,,,
NI,NI_Vw,mashkiki,mashkikiw2,2SgPoss,NONE,Poss,Pej,NONE,LocDist,gimashkikiimishikaang,gi<<mashkikiw2>>V1mishikaang,GUESS,,,
NI,NI_Vw,mashkiki,mashkikiw2,2PlPoss,NONE,Poss,Pej,NONE,LocDist,gimashkikiimishiwaakaang,gi<<mashkikiw2>>V1mishiwaakaang,GUESS,,,
NI,NI_Vw,mashkiki,mashkikiw2,3SgProxPoss,NONE,Poss,Pej,NONE,LocDist,omashkikiimishikaang,o<<mashkikiw2>>V1mishikaang,GUESS,,,
NI,NI_Vw,mashkiki,mashkikiw2,3PlProxPoss,NONE,Poss,Pej,NONE,LocDist,omashkikiimishiwaakaang,o<<mashkikiw2>>V1mishiwaakaang,GUESS,,,
NI,NI_Vw,mashkiki,mashkikiw2,3SgObvPoss,NONE,Poss,Pej,NONE,LocDist,omashkikiimishinikaang,o<<mashkikiw2>>V1mishinikaang,GUESS,,,
NI,NI_Vw,mashkiki,mashkikiw2,3PlObvPoss,NONE,Poss,Pej,NONE,LocDist,omashkikiimishinikaang,o<<mashkikiw2>>V1mishinikaang,GUESS,,,
NI,NI_Vw,mashkiki,mashkikiw2,1SgPoss,Dim,NONE,Pej,NONE,LocDist,nimashkikiinzhishikaang,ni<<mashkikiw2>>V1nzhishikaang,GUESS,nimashkikiwenzhishikaang,ni<<mashkikiw2>>enzhishikaang,GUESS
NI,NI_Vw,mashkiki,mashkikiw2,ExclPoss,Dim,NONE,Pej,NONE,LocDist,nimashkikiinzhishinaakaang,ni<<mashkikiw2>>V1nzhishinaakaang,GUESS,nimashkikiwenzhishinaakaang,ni<<mashkikiw2>>enzhishinaakaang,GUESS
NI,NI_Vw,mashkiki,mashkikiw2,InclPoss,Dim,NONE,Pej,NONE,LocDist,gimashkikiinzhishinaakaang,gi<<mashkikiw2>>V1nzhishinaakaang,GUESS,gimashkikiwenzhishinaakaang,gi<<mashkikiw2>>enzhishinaakaang,GUESS
NI,NI_Vw,mashkiki,mashkikiw2,2SgPoss,Dim,NONE,Pej,NONE,LocDist,gimashkikiinzhishikaang,gi<<mashkikiw2>>V1nzhishikaang,GUESS,gimashkikiwenzhishikaang,gi<<mashkikiw2>>enzhishikaang,GUESS
NI,NI_Vw,mashkiki,mashkikiw2,2PlPoss,Dim,NONE,Pej,NONE,LocDist,gimashkikiinzhishiwaakaang,gi<<mashkikiw2>>V1nzhishiwaakaang,GUESS,gimashkikiwenzhishiwaakaang,gi<<mashkikiw2>>enzhishiwaakaang,GUESS
NI,NI_Vw,mashkiki,mashkikiw2,3SgProxPoss,Dim,NONE,Pej,NONE,LocDist,omashkikiinzhishikaang,o<<mashkikiw2>>V1nzhishikaang,GUESS,omashkikiwenzhishikaang,o<<mashkikiw2>>enzhishikaang,GUESS
NI,NI_Vw,mashkiki,mashkikiw2,3PlProxPoss,Dim,NONE,Pej,NONE,LocDist,omashkikiinzhishiwaakaang,o<<mashkikiw2>>V1nzhishiwaakaang,GUESS,omashkikiwenzhishiwaakaang,o<<mashkikiw2>>enzhishiwaakaang,GUESS
NI,NI_Vw,mashkiki,mashkikiw2,3SgObvPoss,Dim,NONE,Pej,NONE,LocDist,omashkikiinzhishinikaang,o<<mashkikiw2>>V1nzhishinikaang,GUESS,omashkikiwenzhishinikaang,o<<mashkikiw2>>enzhishinikaang,GUESS
NI,NI_Vw,mashkiki,mashkikiw2,3PlObvPoss,Dim,NONE,Pej,NONE,LocDist,omashkikiinzhishinikaang,o<<mashkikiw2>>V1nzhishinikaang,GUESS,omashkikiwenzhishinikaang,o<<mashkikiw2>>enzhishinikaang,GUESS
NI,NI_Vw,mashkiki,mashkikiw2,1SgPoss,Dim,Poss,Pej,NONE,LocDist,nimashkikiinsimishikaang,ni<<mashkikiw2>>V1nsimishikaang,GUESS,nimashkikiwensimishikaang,ni<<mashkikiw2>>ensimishikaang,GUESS
NI,NI_Vw,mashkiki,mashkikiw2,ExclPoss,Dim,Poss,Pej,NONE,LocDist,nimashkikiinsimishinaakaang,ni<<mashkikiw2>>V1nsimishinaakaang,GUESS,nimashkikiwensimishinaakaang,ni<<mashkikiw2>>ensimishinaakaang,GUESS
NI,NI_Vw,mashkiki,mashkikiw2,InclPoss,Dim,Poss,Pej,NONE,LocDist,gimashkikiinsimishinaakaang,gi<<mashkikiw2>>V1nsimishinaakaang,GUESS,gimashkikiwensimishinaakaang,gi<<mashkikiw2>>ensimishinaakaang,GUESS
NI,NI_Vw,mashkiki,mashkikiw2,2SgPoss,Dim,Poss,Pej,NONE,LocDist,gimashkikiinsimishikaang,gi<<mashkikiw2>>V1nsimishikaang,GUESS,gimashkikiwensimishikaang,gi<<mashkikiw2>>ensimishikaang,GUESS
NI,NI_Vw,mashkiki,mashkikiw2,2PlPoss,Dim,Poss,Pej,NONE,LocDist,gimashkikiinsimishiwaakaang,gi<<mashkikiw2>>V1nsimishiwaakaang,GUESS,gimashkikiwensimishiwaakaang,gi<<mashkikiw2>>ensimishiwaakaang,GUESS
NI,NI_Vw,mashkiki,mashkikiw2,3SgProxPoss,Dim,Poss,Pej,NONE,LocDist,omashkikiinsimishikaang,o<<mashkikiw2>>V1nsimishikaang,GUESS,omashkikiwensimishikaang,o<<mashkikiw2>>ensimishikaang,GUESS
NI,NI_Vw,mashkiki,mashkikiw2,3PlProxPoss,Dim,Poss,Pej,NONE,LocDist,omashkikiinsimishiwaakaang,o<<mashkikiw2>>V1nsimishiwaakaang,GUESS,omashkikiwensimishiwaakaang,o<<mashkikiw2>>ensimishiwaakaang,GUESS
NI,NI_Vw,mashkiki,mashkikiw2,3SgObvPoss,Dim,Poss,Pej,NONE,LocDist,omashkikiinsimishinikaang,o<<mashkikiw2>>V1nsimishinikaang,GUESS,omashkikiwensimishinikaang,o<<mashkikiw2>>ensimishinikaang,GUESS
NI,NI_Vw,mashkiki,mashkikiw2,3PlObvPoss,Dim,Poss,Pej,NONE,LocDist,omashkikiinsimishinikaang,o<<mashkikiw2>>V1nsimishinikaang,GUESS,omashkikiwensimishinikaang,o<<mashkikiw2>>ensimishinikaang,GUESS