,Paradigm,Class,Lemma,Stem,PersPoss,Dim,Poss,Pej,Pret,Basic,Form1Surface,Form1Split,Form1Source
0,NID,NID_Cy,disy,disy2,1SgPoss,NONE,NONE,NONE,NONE,Pl,nidisiin,n<<disy2>>iin,JDN-2010-Nouns
1,NID,NID_Cy,disy,disy2,ExclPoss,NONE,NONE,NONE,NONE,Pl,nidisiinaanin,n<<disy2>>iinaanin,JDN-2010-Nouns
2,NID,NID_Cy,disy,disy2,InclPoss,NONE,NONE,NONE,NONE,Pl,gidisiinaanin,g<<disy2>>iinaanin,JDN-2010-Nouns
3,NID,NID_Cy,disy,disy2,2SgPoss,NONE,NONE,NONE,NONE,Pl,gidisiin,g<<disy2>>iin,JDN-2010-Nouns
4,NID,NID_Cy,disy,disy2,2PlPoss,NONE,NONE,NONE,NONE,Pl,gidisiiwaan,g<<disy2>>iiwaan,JDN-2010-Nouns
5,NID,NID_Cy,disy,disy2,3SgProxPoss,NONE,NONE,NONE,NONE,Pl,odisiin,w<<disy2>>iin,JDN-2010-Nouns
6,NID,NID_Cy,disy,disy2,3PlProxPoss,NONE,NONE,NONE,NONE,Pl,odisiiwaan,w<<disy2>>iiwaan,JDN-2010-Nouns
7,NID,NID_Cy,disy,disy2,3SgObvPoss,NONE,NONE,NONE,NONE,Pl,odisiini,w<<disy2>>iiniw1,JDN-2010-Nouns
8,NID,NID_Cy,disy,disy2,3PlObvPoss,NONE,NONE,NONE,NONE,Pl,odisiini,w<<disy2>>iiniw1,GUESS
9,NID,NID_Cy,disy,disy2,1SgPoss,NONE,NONE,NONE,NONE,Sg,nidis,n<<disy2>>,GUESS
10,NID,NID_Cy,disy,disy2,ExclPoss,NONE,NONE,NONE,NONE,Sg,nidisiinaan,n<<disy2>>iinaan,JDN-2010-Nouns
11,NID,NID_Cy,disy,disy2,InclPoss,NONE,NONE,NONE,NONE,Sg,gidisiinaan,g<<disy2>>iinaan,JDN-2010-Nouns
12,NID,NID_Cy,disy,disy2,2SgPoss,NONE,NONE,NONE,NONE,Sg,gidis,g<<disy2>>,JDN-2010-Nouns
13,NID,NID_Cy,disy,disy2,2PlPoss,NONE,NONE,NONE,NONE,Sg,gidisiiwaa,g<<disy2>>iiwaa,JDN-2010-Nouns
14,NID,NID_Cy,disy,disy2,3SgProxPoss,NONE,NONE,NONE,NONE,Sg,odis,w<<disy2>>,JDN-2010-Nouns
15,NID,NID_Cy,disy,disy2,3PlProxPoss,NONE,NONE,NONE,NONE,Sg,odisiiwaa,w<<disy2>>iiwaa,JDN-2010-Nouns
16,NID,NID_Cy,disy,disy2,3SgObvPoss,NONE,NONE,NONE,NONE,Sg,odisiini,w<<disy2>>iiniw1,JDN-2010-Nouns
17,NID,NID_Cy,disy,disy2,3PlObvPoss,NONE,NONE,NONE,NONE,Sg,odisiini,w<<disy2>>iiniw1,GUESS
18,NID,NID_Cy,disy,disy2,1SgPoss,NONE,NONE,NONE,NONE,Loc,nidisiing,n<<disy2>>iing,JDN-2010-Nouns
19,NID,NID_Cy,disy,disy2,ExclPoss,NONE,NONE,NONE,NONE,Loc,nidisiinaang,n<<disy2>>iinaang,JDN-2010-Nouns
20,NID,NID_Cy,disy,disy2,InclPoss,NONE,NONE,NONE,NONE,Loc,gidisiinaang,g<<disy2>>iinaang,JDN-2010-Nouns
21,NID,NID_Cy,disy,disy2,2SgPoss,NONE,NONE,NONE,NONE,Loc,gidisiing,g<<disy2>>iing,JDN-2010-Nouns
22,NID,NID_Cy,disy,disy2,2PlPoss,NONE,NONE,NONE,NONE,Loc,gidisiiwaang,g<<disy2>>iiwaang,JDN-2010-Nouns
23,NID,NID_Cy,disy,disy2,3SgProxPoss,NONE,NONE,NONE,NONE,Loc,odisiing,w<<disy2>>iing,JDN-2010-Nouns
24,NID,NID_Cy,disy,disy2,3PlProxPoss,NONE,NONE,NONE,NONE,Loc,odisiiwaang,w<<disy2>>iiwaang,JDN-2010-Nouns
25,NID,NID_Cy,disy,disy2,3SgObvPoss,NONE,NONE,NONE,NONE,Loc,odisiining,w<<disy2>>iining,JDN-2010-Nouns
26,NID,NID_Cy,disy,disy2,3PlObvPoss,NONE,NONE,NONE,NONE,Loc,odisiining,w<<disy2>>iining,GUESS
27,NID,NID_Cy,disy,disy2,1SgPoss,NONE,Poss,NONE,NONE,Pl,nidisiiman,n<<disy2>>iiman,JDN-2010-Nouns
28,NID,NID_Cy,disy,disy2,ExclPoss,NONE,Poss,NONE,NONE,Pl,nidisiiminaanin,n<<disy2>>iiminaanin,JDN-2010-Nouns
29,NID,NID_Cy,disy,disy2,InclPoss,NONE,Poss,NONE,NONE,Pl,gidisiiminaanin,g<<disy2>>iiminaanin,JDN-2010-Nouns
30,NID,NID_Cy,disy,disy2,2SgPoss,NONE,Poss,NONE,NONE,Pl,gidisiiman,g<<disy2>>iiman,JDN-2010-Nouns
31,NID,NID_Cy,disy,disy2,2PlPoss,NONE,Poss,NONE,NONE,Pl,gidisiimiwaan,g<<disy2>>iimiwaan,JDN-2010-Nouns
32,NID,NID_Cy,disy,disy2,3SgProxPoss,NONE,Poss,NONE,NONE,Pl,odisiiman,w<<disy2>>iiman,JDN-2010-Nouns
33,NID,NID_Cy,disy,disy2,3PlProxPoss,NONE,Poss,NONE,NONE,Pl,odisiimiwaan,w<<disy2>>iimiwaan,JDN-2010-Nouns
34,NID,NID_Cy,disy,disy2,3SgObvPoss,NONE,Poss,NONE,NONE,Pl,odisiimini,w<<disy2>>iiminiw1,JDN-2010-Nouns
35,NID,NID_Cy,disy,disy2,3PlObvPoss,NONE,Poss,NONE,NONE,Pl,odisiimini,w<<disy2>>iiminiw1,GUESS
36,NID,NID_Cy,disy,disy2,1SgPoss,NONE,Poss,NONE,NONE,Sg,nidisiim,n<<disy2>>iim,JDN-2010-Nouns
37,NID,NID_Cy,disy,disy2,ExclPoss,NONE,Poss,NONE,NONE,Sg,nidisiiminaan,n<<disy2>>iiminaan,JDN-2010-Nouns
38,NID,NID_Cy,disy,disy2,InclPoss,NONE,Poss,NONE,NONE,Sg,gidisiiminaan,g<<disy2>>iiminaan,JDN-2010-Nouns
39,NID,NID_Cy,disy,disy2,2SgPoss,NONE,Poss,NONE,NONE,Sg,gidisiim,g<<disy2>>iim,JDN-2010-Nouns
40,NID,NID_Cy,disy,disy2,2PlPoss,NONE,Poss,NONE,NONE,Sg,gidisiimiwaa,g<<disy2>>iimiwaa,JDN-2010-Nouns
41,NID,NID_Cy,disy,disy2,3SgProxPoss,NONE,Poss,NONE,NONE,Sg,odisiim,w<<disy2>>iim,JDN-2010-Nouns
42,NID,NID_Cy,disy,disy2,3PlProxPoss,NONE,Poss,NONE,NONE,Sg,odisiimiwaa,w<<disy2>>iimiwaa,JDN-2010-Nouns
43,NID,NID_Cy,disy,disy2,3SgObvPoss,NONE,Poss,NONE,NONE,Sg,odisiimini,w<<disy2>>iiminiw1,JDN-2010-Nouns
44,NID,NID_Cy,disy,disy2,3PlObvPoss,NONE,Poss,NONE,NONE,Sg,odisiimini,w<<disy2>>iiminiw1,GUESS
45,NID,NID_Cy,disy,disy2,1SgPoss,NONE,Poss,NONE,NONE,Loc,nidisiiming,n<<disy2>>iiming,JDN-2010-Nouns
46,NID,NID_Cy,disy,disy2,ExclPoss,NONE,Poss,NONE,NONE,Loc,nidisiiminaang,n<<disy2>>iiminaang,JDN-2010-Nouns
47,NID,NID_Cy,disy,disy2,InclPoss,NONE,Poss,NONE,NONE,Loc,gidisiiminaang,g<<disy2>>iiminaang,JDN-2010-Nouns
48,NID,NID_Cy,disy,disy2,2SgPoss,NONE,Poss,NONE,NONE,Loc,gidisiiming,g<<disy2>>iiming,JDN-2010-Nouns
49,NID,NID_Cy,disy,disy2,2PlPoss,NONE,Poss,NONE,NONE,Loc,gidisiimiwaang,g<<disy2>>iimiwaang,JDN-2010-Nouns
50,NID,NID_Cy,disy,disy2,3SgProxPoss,NONE,Poss,NONE,NONE,Loc,odisiiming,w<<disy2>>iiming,JDN-2010-Nouns
51,NID,NID_Cy,disy,disy2,3PlProxPoss,NONE,Poss,NONE,NONE,Loc,odisiimiwaang,w<<disy2>>iimiwaang,JDN-2010-Nouns
52,NID,NID_Cy,disy,disy2,3SgObvPoss,NONE,Poss,NONE,NONE,Loc,odisiimining,w<<disy2>>iimining,JDN-2010-Nouns
53,NID,NID_Cy,disy,disy2,3PlObvPoss,NONE,Poss,NONE,NONE,Loc,odisiimining,w<<disy2>>iimining,GUESS
54,NID,NID_Cy,disy,disy2,1SgPoss,Dim,NONE,NONE,NONE,Pl,nidisiinsan,n<<disy2>>iinsan,JDN-2010-Nouns
55,NID,NID_Cy,disy,disy2,ExclPoss,Dim,NONE,NONE,NONE,Pl,nidisiinsinaanin,n<<disy2>>iinsinaanin,JDN-2010-Nouns
56,NID,NID_Cy,disy,disy2,InclPoss,Dim,NONE,NONE,NONE,Pl,gidisiinsinaanin,g<<disy2>>iinsinaanin,JDN-2010-Nouns
57,NID,NID_Cy,disy,disy2,2SgPoss,Dim,NONE,NONE,NONE,Pl,gidisiinsan,g<<disy2>>iinsan,JDN-2010-Nouns
58,NID,NID_Cy,disy,disy2,2PlPoss,Dim,NONE,NONE,NONE,Pl,gidisiinsiwaan,g<<disy2>>iinsiwaan,JDN-2010-Nouns
59,NID,NID_Cy,disy,disy2,3SgProxPoss,Dim,NONE,NONE,NONE,Pl,odisiinsan,w<<disy2>>iinsan,JDN-2010-Nouns
60,NID,NID_Cy,disy,disy2,3PlProxPoss,Dim,NONE,NONE,NONE,Pl,odisiinsiwaan,w<<disy2>>iinsiwaan,JDN-2010-Nouns
61,NID,NID_Cy,disy,disy2,3SgObvPoss,Dim,NONE,NONE,NONE,Pl,odisiinsini,w<<disy2>>iinsiniw1,JDN-2010-Nouns
62,NID,NID_Cy,disy,disy2,3PlObvPoss,Dim,NONE,NONE,NONE,Pl,odisiinsini,w<<disy2>>iinsiniw1,GUESS
63,NID,NID_Cy,disy,disy2,1SgPoss,Dim,NONE,NONE,NONE,Sg,nidisiins,n<<disy2>>iins,JDN-2010-Nouns
64,NID,NID_Cy,disy,disy2,ExclPoss,Dim,NONE,NONE,NONE,Sg,nidisiinsinaan,n<<disy2>>iinsinaan,JDN-2010-Nouns
65,NID,NID_Cy,disy,disy2,InclPoss,Dim,NONE,NONE,NONE,Sg,gidisiinsinaan,g<<disy2>>iinsinaan,JDN-2010-Nouns
66,NID,NID_Cy,disy,disy2,2SgPoss,Dim,NONE,NONE,NONE,Sg,gidisiins,g<<disy2>>iins,JDN-2010-Nouns
67,NID,NID_Cy,disy,disy2,2PlPoss,Dim,NONE,NONE,NONE,Sg,gidisiinsiwaa,g<<disy2>>iinsiwaa,JDN-2010-Nouns
68,NID,NID_Cy,disy,disy2,3SgProxPoss,Dim,NONE,NONE,NONE,Sg,odisiins,w<<disy2>>iins,JDN-2010-Nouns
69,NID,NID_Cy,disy,disy2,3PlProxPoss,Dim,NONE,NONE,NONE,Sg,odisiinsiwaa,w<<disy2>>iinsiwaa,JDN-2010-Nouns
70,NID,NID_Cy,disy,disy2,3SgObvPoss,Dim,NONE,NONE,NONE,Sg,odisiinsini,w<<disy2>>iinsiniw1,JDN-2010-Nouns
71,NID,NID_Cy,disy,disy2,3PlObvPoss,Dim,NONE,NONE,NONE,Sg,odisiinsini,w<<disy2>>iinsiniw1,GUESS
72,NID,NID_Cy,disy,disy2,1SgPoss,Dim,NONE,NONE,NONE,Loc,nidisiinsing,n<<disy2>>iinsing,JDN-2010-Nouns
73,NID,NID_Cy,disy,disy2,ExclPoss,Dim,NONE,NONE,NONE,Loc,nidisiinsinaang,n<<disy2>>iinsinaang,JDN-2010-Nouns
74,NID,NID_Cy,disy,disy2,InclPoss,Dim,NONE,NONE,NONE,Loc,gidisiinsinaang,g<<disy2>>iinsinaang,JDN-2010-Nouns
75,NID,NID_Cy,disy,disy2,2SgPoss,Dim,NONE,NONE,NONE,Loc,gidisiinsing,g<<disy2>>iinsing,JDN-2010-Nouns
76,NID,NID_Cy,disy,disy2,2PlPoss,Dim,NONE,NONE,NONE,Loc,gidisiinsiwaang,g<<disy2>>iinsiwaang,JDN-2010-Nouns
77,NID,NID_Cy,disy,disy2,3SgProxPoss,Dim,NONE,NONE,NONE,Loc,odisiinsing,w<<disy2>>iinsing,JDN-2010-Nouns
78,NID,NID_Cy,disy,disy2,3PlProxPoss,Dim,NONE,NONE,NONE,Loc,odisiinsiwaang,w<<disy2>>iinsiwaang,JDN-2010-Nouns
79,NID,NID_Cy,disy,disy2,3SgObvPoss,Dim,NONE,NONE,NONE,Loc,odisiinsining,w<<disy2>>iinsining,JDN-2010-Nouns
80,NID,NID_Cy,disy,disy2,3PlObvPoss,Dim,NONE,NONE,NONE,Loc,odisiinsining,w<<disy2>>iinsining,GUESS
81,NID,NID_Cy,disy,disy2,1SgPoss,Dim,Poss,NONE,NONE,Pl,nidisiinsiman,n<<disy2>>iinsiman,JDN-2010-Nouns
82,NID,NID_Cy,disy,disy2,ExclPoss,Dim,Poss,NONE,NONE,Pl,nidisiinsiminaanin,n<<disy2>>iinsiminaanin,JDN-2010-Nouns
83,NID,NID_Cy,disy,disy2,InclPoss,Dim,Poss,NONE,NONE,Pl,gidisiinsiminaanin,g<<disy2>>iinsiminaanin,JDN-2010-Nouns
84,NID,NID_Cy,disy,disy2,2SgPoss,Dim,Poss,NONE,NONE,Pl,gidisiinsiman,g<<disy2>>iinsiman,JDN-2010-Nouns
85,NID,NID_Cy,disy,disy2,2PlPoss,Dim,Poss,NONE,NONE,Pl,gidisiinsimiwaan,g<<disy2>>iinsimiwaan,JDN-2010-Nouns
86,NID,NID_Cy,disy,disy2,3SgProxPoss,Dim,Poss,NONE,NONE,Pl,odisiinsiman,w<<disy2>>iinsiman,JDN-2010-Nouns
87,NID,NID_Cy,disy,disy2,3PlProxPoss,Dim,Poss,NONE,NONE,Pl,odisiinsimiwaan,w<<disy2>>iinsimiwaan,JDN-2010-Nouns
88,NID,NID_Cy,disy,disy2,3SgObvPoss,Dim,Poss,NONE,NONE,Pl,odisiinsimini,w<<disy2>>iinsiminiw1,JDN-2010-Nouns
89,NID,NID_Cy,disy,disy2,3PlObvPoss,Dim,Poss,NONE,NONE,Pl,odisiinsimini,w<<disy2>>iinsiminiw1,GUESS
90,NID,NID_Cy,disy,disy2,1SgPoss,Dim,Poss,NONE,NONE,Sg,nidisiinsim,n<<disy2>>iinsim,JDN-2010-Nouns
91,NID,NID_Cy,disy,disy2,ExclPoss,Dim,Poss,NONE,NONE,Sg,nidisiinsiminaan,n<<disy2>>iinsiminaan,JDN-2010-Nouns
92,NID,NID_Cy,disy,disy2,InclPoss,Dim,Poss,NONE,NONE,Sg,gidisiinsiminaan,g<<disy2>>iinsiminaan,JDN-2010-Nouns
93,NID,NID_Cy,disy,disy2,2SgPoss,Dim,Poss,NONE,NONE,Sg,gidisiinsim,g<<disy2>>iinsim,JDN-2010-Nouns
94,NID,NID_Cy,disy,disy2,2PlPoss,Dim,Poss,NONE,NONE,Sg,gidisiinsimiwaa,g<<disy2>>iinsimiwaa,JDN-2010-Nouns
95,NID,NID_Cy,disy,disy2,3SgProxPoss,Dim,Poss,NONE,NONE,Sg,odisiinsim,w<<disy2>>iinsim,JDN-2010-Nouns
96,NID,NID_Cy,disy,disy2,3PlProxPoss,Dim,Poss,NONE,NONE,Sg,odisiinsimiwaa,w<<disy2>>iinsimiwaa,JDN-2010-Nouns
97,NID,NID_Cy,disy,disy2,3SgObvPoss,Dim,Poss,NONE,NONE,Sg,odisiinsimini,w<<disy2>>iinsiminiw1,JDN-2010-Nouns
98,NID,NID_Cy,disy,disy2,3PlObvPoss,Dim,Poss,NONE,NONE,Sg,odisiinsimini,w<<disy2>>iinsiminiw1,GUESS
99,NID,NID_Cy,disy,disy2,1SgPoss,Dim,Poss,NONE,NONE,Loc,nidisiinsiming,n<<disy2>>iinsiming,JDN-2010-Nouns
100,NID,NID_Cy,disy,disy2,ExclPoss,Dim,Poss,NONE,NONE,Loc,nidisiinsiminaang,n<<disy2>>iinsiminaang,JDN-2010-Nouns
101,NID,NID_Cy,disy,disy2,InclPoss,Dim,Poss,NONE,NONE,Loc,gidisiinsiminaang,g<<disy2>>iinsiminaang,JDN-2010-Nouns
102,NID,NID_Cy,disy,disy2,2SgPoss,Dim,Poss,NONE,NONE,Loc,gidisiinsiming,g<<disy2>>iinsiming,JDN-2010-Nouns
103,NID,NID_Cy,disy,disy2,2PlPoss,Dim,Poss,NONE,NONE,Loc,gidisiinsimiwaang,g<<disy2>>iinsimiwaang,JDN-2010-Nouns
104,NID,NID_Cy,disy,disy2,3SgProxPoss,Dim,Poss,NONE,NONE,Loc,odisiinsiming,w<<disy2>>iinsiming,JDN-2010-Nouns
105,NID,NID_Cy,disy,disy2,3PlProxPoss,Dim,Poss,NONE,NONE,Loc,odisiinsimiwaang,w<<disy2>>iinsimiwaang,JDN-2010-Nouns
106,NID,NID_Cy,disy,disy2,3SgObvPoss,Dim,Poss,NONE,NONE,Loc,odisiinsimining,w<<disy2>>iinsimining,JDN-2010-Nouns
107,NID,NID_Cy,disy,disy2,3PlObvPoss,Dim,Poss,NONE,NONE,Loc,odisiinsimining,w<<disy2>>iinsimining,GUESS
108,NID,NID_Cy,disy,disy2,1SgPoss,NONE,NONE,Pej,NONE,Pl,nidisiishan,n<<disy2>>iishan,JDN-2010-Nouns
109,NID,NID_Cy,disy,disy2,ExclPoss,NONE,NONE,Pej,NONE,Pl,nidisiishinaanin,n<<disy2>>iishinaanin,JDN-2010-Nouns
110,NID,NID_Cy,disy,disy2,InclPoss,NONE,NONE,Pej,NONE,Pl,gidisiishinaanin,g<<disy2>>iishinaanin,JDN-2010-Nouns
111,NID,NID_Cy,disy,disy2,2SgPoss,NONE,NONE,Pej,NONE,Pl,gidisiishan,g<<disy2>>iishan,JDN-2010-Nouns
112,NID,NID_Cy,disy,disy2,2PlPoss,NONE,NONE,Pej,NONE,Pl,gidisiishiwaan,g<<disy2>>iishiwaan,JDN-2010-Nouns
113,NID,NID_Cy,disy,disy2,3SgProxPoss,NONE,NONE,Pej,NONE,Pl,odisiishan,w<<disy2>>iishan,JDN-2010-Nouns
114,NID,NID_Cy,disy,disy2,3PlProxPoss,NONE,NONE,Pej,NONE,Pl,odisiishiwaan,w<<disy2>>iishiwaan,JDN-2010-Nouns
115,NID,NID_Cy,disy,disy2,3SgObvPoss,NONE,NONE,Pej,NONE,Pl,odisiishini,w<<disy2>>iishiniw1,JDN-2010-Nouns
116,NID,NID_Cy,disy,disy2,3PlObvPoss,NONE,NONE,Pej,NONE,Pl,odisiishini,w<<disy2>>iishiniw1,GUESS
117,NID,NID_Cy,disy,disy2,1SgPoss,NONE,NONE,Pej,NONE,Sg,nidisiish,n<<disy2>>iish,JDN-2010-Nouns
118,NID,NID_Cy,disy,disy2,ExclPoss,NONE,NONE,Pej,NONE,Sg,nidisiishinaan,n<<disy2>>iishinaan,JDN-2010-Nouns
119,NID,NID_Cy,disy,disy2,InclPoss,NONE,NONE,Pej,NONE,Sg,gidisiishinaan,g<<disy2>>iishinaan,JDN-2010-Nouns
120,NID,NID_Cy,disy,disy2,2SgPoss,NONE,NONE,Pej,NONE,Sg,gidisiish,g<<disy2>>iish,JDN-2010-Nouns
121,NID,NID_Cy,disy,disy2,2PlPoss,NONE,NONE,Pej,NONE,Sg,gidisiishiwaa,g<<disy2>>iishiwaa,JDN-2010-Nouns
122,NID,NID_Cy,disy,disy2,3SgProxPoss,NONE,NONE,Pej,NONE,Sg,odisiish,w<<disy2>>iish,JDN-2010-Nouns
123,NID,NID_Cy,disy,disy2,3PlProxPoss,NONE,NONE,Pej,NONE,Sg,odisiishiwaa,w<<disy2>>iishiwaa,JDN-2010-Nouns
124,NID,NID_Cy,disy,disy2,3SgObvPoss,NONE,NONE,Pej,NONE,Sg,odisiishini,w<<disy2>>iishiniw1,JDN-2010-Nouns
125,NID,NID_Cy,disy,disy2,3PlObvPoss,NONE,NONE,Pej,NONE,Sg,odisiishini,w<<disy2>>iishiniw1,GUESS
126,NID,NID_Cy,disy,disy2,1SgPoss,NONE,NONE,Pej,NONE,Loc,nidisiishing,n<<disy2>>iishing,JDN-2010-Nouns
127,NID,NID_Cy,disy,disy2,ExclPoss,NONE,NONE,Pej,NONE,Loc,nidisiishinaang,n<<disy2>>iishinaang,JDN-2010-Nouns
128,NID,NID_Cy,disy,disy2,InclPoss,NONE,NONE,Pej,NONE,Loc,gidisiishinaang,g<<disy2>>iishinaang,JDN-2010-Nouns
129,NID,NID_Cy,disy,disy2,2SgPoss,NONE,NONE,Pej,NONE,Loc,gidisiishing,g<<disy2>>iishing,JDN-2010-Nouns
130,NID,NID_Cy,disy,disy2,2PlPoss,NONE,NONE,Pej,NONE,Loc,gidisiishiwaang,g<<disy2>>iishiwaang,JDN-2010-Nouns
131,NID,NID_Cy,disy,disy2,3SgProxPoss,NONE,NONE,Pej,NONE,Loc,odisiishing,w<<disy2>>iishing,JDN-2010-Nouns
132,NID,NID_Cy,disy,disy2,3PlProxPoss,NONE,NONE,Pej,NONE,Loc,odisiishiwaang,w<<disy2>>iishiwaang,JDN-2010-Nouns
133,NID,NID_Cy,disy,disy2,3SgObvPoss,NONE,NONE,Pej,NONE,Loc,odisiishining,w<<disy2>>iishining,JDN-2010-Nouns
134,NID,NID_Cy,disy,disy2,3PlObvPoss,NONE,NONE,Pej,NONE,Loc,odisiishining,w<<disy2>>iishining,GUESS
135,NID,NID_Cy,disy,disy2,1SgPoss,NONE,Poss,Pej,NONE,Pl,nidisiimishan,n<<disy2>>iimishan,JDN-2010-Nouns
136,NID,NID_Cy,disy,disy2,ExclPoss,NONE,Poss,Pej,NONE,Pl,nidisiimishinaanin,n<<disy2>>iimishinaanin,JDN-2010-Nouns
137,NID,NID_Cy,disy,disy2,InclPoss,NONE,Poss,Pej,NONE,Pl,gidisiimishinaanin,g<<disy2>>iimishinaanin,JDN-2010-Nouns
138,NID,NID_Cy,disy,disy2,2SgPoss,NONE,Poss,Pej,NONE,Pl,gidisiimishan,g<<disy2>>iimishan,JDN-2010-Nouns
139,NID,NID_Cy,disy,disy2,2PlPoss,NONE,Poss,Pej,NONE,Pl,gidisiimishiwaan,g<<disy2>>iimishiwaan,JDN-2010-Nouns
140,NID,NID_Cy,disy,disy2,3SgProxPoss,NONE,Poss,Pej,NONE,Pl,odisiimishan,w<<disy2>>iimishan,JDN-2010-Nouns
141,NID,NID_Cy,disy,disy2,3PlProxPoss,NONE,Poss,Pej,NONE,Pl,odisiimishiwaan,w<<disy2>>iimishiwaan,JDN-2010-Nouns
142,NID,NID_Cy,disy,disy2,3SgObvPoss,NONE,Poss,Pej,NONE,Pl,odisiimishini,w<<disy2>>iimishiniw1,JDN-2010-Nouns
143,NID,NID_Cy,disy,disy2,3PlObvPoss,NONE,Poss,Pej,NONE,Pl,odisiimishini,w<<disy2>>iimishiniw1,GUESS
144,NID,NID_Cy,disy,disy2,1SgPoss,NONE,Poss,Pej,NONE,Sg,nidisiimish,n<<disy2>>iimish,JDN-2010-Nouns
145,NID,NID_Cy,disy,disy2,ExclPoss,NONE,Poss,Pej,NONE,Sg,nidisiimishinaan,n<<disy2>>iimishinaan,JDN-2010-Nouns
146,NID,NID_Cy,disy,disy2,InclPoss,NONE,Poss,Pej,NONE,Sg,gidisiimishinaan,g<<disy2>>iimishinaan,JDN-2010-Nouns
147,NID,NID_Cy,disy,disy2,2SgPoss,NONE,Poss,Pej,NONE,Sg,gidisiimish,g<<disy2>>iimish,JDN-2010-Nouns
148,NID,NID_Cy,disy,disy2,2PlPoss,NONE,Poss,Pej,NONE,Sg,gidisiimishiwaa,g<<disy2>>iimishiwaa,JDN-2010-Nouns
149,NID,NID_Cy,disy,disy2,3SgProxPoss,NONE,Poss,Pej,NONE,Sg,odisiimish,w<<disy2>>iimish,JDN-2010-Nouns
150,NID,NID_Cy,disy,disy2,3PlProxPoss,NONE,Poss,Pej,NONE,Sg,odisiimishiwaa,w<<disy2>>iimishiwaa,JDN-2010-Nouns
151,NID,NID_Cy,disy,disy2,3SgObvPoss,NONE,Poss,Pej,NONE,Sg,odisiimishini,w<<disy2>>iimishiniw1,JDN-2010-Nouns
152,NID,NID_Cy,disy,disy2,3PlObvPoss,NONE,Poss,Pej,NONE,Sg,odisiimishini,w<<disy2>>iimishiniw1,GUESS
153,NID,NID_Cy,disy,disy2,1SgPoss,NONE,Poss,Pej,NONE,Loc,nidisiimishing,n<<disy2>>iimishing,JDN-2010-Nouns
154,NID,NID_Cy,disy,disy2,ExclPoss,NONE,Poss,Pej,NONE,Loc,nidisiimishinaang,n<<disy2>>iimishinaang,JDN-2010-Nouns
155,NID,NID_Cy,disy,disy2,InclPoss,NONE,Poss,Pej,NONE,Loc,gidisiimishinaang,g<<disy2>>iimishinaang,JDN-2010-Nouns
156,NID,NID_Cy,disy,disy2,2SgPoss,NONE,Poss,Pej,NONE,Loc,gidisiimishing,g<<disy2>>iimishing,JDN-2010-Nouns
157,NID,NID_Cy,disy,disy2,2PlPoss,NONE,Poss,Pej,NONE,Loc,gidisiimishiwaang,g<<disy2>>iimishiwaang,JDN-2010-Nouns
158,NID,NID_Cy,disy,disy2,3SgProxPoss,NONE,Poss,Pej,NONE,Loc,odisiimishing,w<<disy2>>iimishing,JDN-2010-Nouns
159,NID,NID_Cy,disy,disy2,3PlProxPoss,NONE,Poss,Pej,NONE,Loc,odisiimishiwaang,w<<disy2>>iimishiwaang,JDN-2010-Nouns
160,NID,NID_Cy,disy,disy2,3SgObvPoss,NONE,Poss,Pej,NONE,Loc,odisiimishining,w<<disy2>>iimishining,JDN-2010-Nouns
161,NID,NID_Cy,disy,disy2,3PlObvPoss,NONE,Poss,Pej,NONE,Loc,odisiimishining,w<<disy2>>iimishining,GUESS
162,NID,NID_Cy,disy,disy2,1SgPoss,NONE,NONE,NONE,Pret,Pl,nidisiibaniin,n<<disy2>>iibaniin,JDN-2010-Nouns
163,NID,NID_Cy,disy,disy2,ExclPoss,NONE,NONE,NONE,Pret,Pl,nidisiinaabaniin,n<<disy2>>iinaabaniin,JDN-2010-Nouns
164,NID,NID_Cy,disy,disy2,InclPoss,NONE,NONE,NONE,Pret,Pl,gidisiinaabaniin,g<<disy2>>iinaabaniin,JDN-2010-Nouns
165,NID,NID_Cy,disy,disy2,2SgPoss,NONE,NONE,NONE,Pret,Pl,gidisiibaniin,g<<disy2>>iibaniin,JDN-2010-Nouns
166,NID,NID_Cy,disy,disy2,2PlPoss,NONE,NONE,NONE,Pret,Pl,gidisiiwaabaniin,g<<disy2>>iiwaabaniin,JDN-2010-Nouns
167,NID,NID_Cy,disy,disy2,3SgProxPoss,NONE,NONE,NONE,Pret,Pl,odisiibaniin,w<<disy2>>iibaniin,JDN-2010-Nouns
168,NID,NID_Cy,disy,disy2,3PlProxPoss,NONE,NONE,NONE,Pret,Pl,odisiiwaabaniin,w<<disy2>>iiwaabaniin,JDN-2010-Nouns
169,NID,NID_Cy,disy,disy2,3SgObvPoss,NONE,NONE,NONE,Pret,Pl,odisiiniban,w<<disy2>>iiniban,JDN-2010-Nouns
170,NID,NID_Cy,disy,disy2,3PlObvPoss,NONE,NONE,NONE,Pret,Pl,odisiiniban,w<<disy2>>iiniban,GUESS
171,NID,NID_Cy,disy,disy2,1SgPoss,NONE,NONE,NONE,Pret,Sg,nidisiiban,n<<disy2>>iiban,JDN-2010-Nouns
172,NID,NID_Cy,disy,disy2,ExclPoss,NONE,NONE,NONE,Pret,Sg,nidisiinaaban,n<<disy2>>iinaaban,JDN-2010-Nouns
173,NID,NID_Cy,disy,disy2,InclPoss,NONE,NONE,NONE,Pret,Sg,gidisiinaaban,g<<disy2>>iinaaban,JDN-2010-Nouns
174,NID,NID_Cy,disy,disy2,2SgPoss,NONE,NONE,NONE,Pret,Sg,gidisiiban,g<<disy2>>iiban,JDN-2010-Nouns
175,NID,NID_Cy,disy,disy2,2PlPoss,NONE,NONE,NONE,Pret,Sg,gidisiiwaaban,g<<disy2>>iiwaaban,JDN-2010-Nouns
176,NID,NID_Cy,disy,disy2,3SgProxPoss,NONE,NONE,NONE,Pret,Sg,odisiiban,w<<disy2>>iiban,JDN-2010-Nouns
177,NID,NID_Cy,disy,disy2,3PlProxPoss,NONE,NONE,NONE,Pret,Sg,odisiiwaaban,w<<disy2>>iiwaaban,JDN-2010-Nouns
178,NID,NID_Cy,disy,disy2,3SgObvPoss,NONE,NONE,NONE,Pret,Sg,odisiiniban,w<<disy2>>iiniban,JDN-2010-Nouns
179,NID,NID_Cy,disy,disy2,3PlObvPoss,NONE,NONE,NONE,Pret,Sg,odisiiniban,w<<disy2>>iiniban,GUESS
180,NID,NID_Cy,disy,disy2,1SgPoss,NONE,Poss,NONE,Pret,Pl,nidisiimibaniin,n<<disy2>>iimibaniin,JDN-2010-Nouns
181,NID,NID_Cy,disy,disy2,ExclPoss,NONE,Poss,NONE,Pret,Pl,nidisiiminaabaniin,n<<disy2>>iiminaabaniin,JDN-2010-Nouns
182,NID,NID_Cy,disy,disy2,InclPoss,NONE,Poss,NONE,Pret,Pl,gidisiiminaabaniin,g<<disy2>>iiminaabaniin,JDN-2010-Nouns
183,NID,NID_Cy,disy,disy2,2SgPoss,NONE,Poss,NONE,Pret,Pl,gidisiimibaniin,g<<disy2>>iimibaniin,JDN-2010-Nouns
184,NID,NID_Cy,disy,disy2,2PlPoss,NONE,Poss,NONE,Pret,Pl,gidisiimiwaabaniin,g<<disy2>>iimiwaabaniin,JDN-2010-Nouns
185,NID,NID_Cy,disy,disy2,3SgProxPoss,NONE,Poss,NONE,Pret,Pl,odisiimibaniin,w<<disy2>>iimibaniin,JDN-2010-Nouns
186,NID,NID_Cy,disy,disy2,3PlProxPoss,NONE,Poss,NONE,Pret,Pl,odisiimiwaabaniin,w<<disy2>>iimiwaabaniin,JDN-2010-Nouns
187,NID,NID_Cy,disy,disy2,3SgObvPoss,NONE,Poss,NONE,Pret,Pl,odisiiminiban,w<<disy2>>iiminiban,JDN-2010-Nouns
188,NID,NID_Cy,disy,disy2,3PlObvPoss,NONE,Poss,NONE,Pret,Pl,odisiiminiban,w<<disy2>>iiminiban,GUESS
189,NID,NID_Cy,disy,disy2,1SgPoss,NONE,Poss,NONE,Pret,Sg,nidisiimiban,n<<disy2>>iimiban,JDN-2010-Nouns
190,NID,NID_Cy,disy,disy2,ExclPoss,NONE,Poss,NONE,Pret,Sg,nidisiiminaaban,n<<disy2>>iiminaaban,JDN-2010-Nouns
191,NID,NID_Cy,disy,disy2,InclPoss,NONE,Poss,NONE,Pret,Sg,gidisiiminaaban,g<<disy2>>iiminaaban,JDN-2010-Nouns
192,NID,NID_Cy,disy,disy2,2SgPoss,NONE,Poss,NONE,Pret,Sg,gidisiimiban,g<<disy2>>iimiban,JDN-2010-Nouns
193,NID,NID_Cy,disy,disy2,2PlPoss,NONE,Poss,NONE,Pret,Sg,gidisiimiwaaban,g<<disy2>>iimiwaaban,JDN-2010-Nouns
194,NID,NID_Cy,disy,disy2,3SgProxPoss,NONE,Poss,NONE,Pret,Sg,odisiimiban,w<<disy2>>iimiban,JDN-2010-Nouns
195,NID,NID_Cy,disy,disy2,3PlProxPoss,NONE,Poss,NONE,Pret,Sg,odisiimiwaaban,w<<disy2>>iimiwaaban,JDN-2010-Nouns
196,NID,NID_Cy,disy,disy2,3SgObvPoss,NONE,Poss,NONE,Pret,Sg,odisiiminiban,w<<disy2>>iiminiban,JDN-2010-Nouns
197,NID,NID_Cy,disy,disy2,3PlObvPoss,NONE,Poss,NONE,Pret,Sg,odisiiminiban,w<<disy2>>iiminiban,GUESS
198,NID,NID_Cy,disy,disy2,1SgPoss,Dim,NONE,NONE,Pret,Pl,nidisiinsibaniin,n<<disy2>>iinsibaniin,JDN-2010-Nouns
199,NID,NID_Cy,disy,disy2,ExclPoss,Dim,NONE,NONE,Pret,Pl,nidisiinsinaabaniin,n<<disy2>>iinsinaabaniin,JDN-2010-Nouns
200,NID,NID_Cy,disy,disy2,InclPoss,Dim,NONE,NONE,Pret,Pl,gidisiinsinaabaniin,g<<disy2>>iinsinaabaniin,JDN-2010-Nouns
201,NID,NID_Cy,disy,disy2,2SgPoss,Dim,NONE,NONE,Pret,Pl,gidisiinsibaniin,g<<disy2>>iinsibaniin,JDN-2010-Nouns
202,NID,NID_Cy,disy,disy2,2PlPoss,Dim,NONE,NONE,Pret,Pl,gidisiinsiwaabaniin,g<<disy2>>iinsiwaabaniin,JDN-2010-Nouns
203,NID,NID_Cy,disy,disy2,3SgProxPoss,Dim,NONE,NONE,Pret,Pl,odisiinsibaniin,w<<disy2>>iinsibaniin,JDN-2010-Nouns
204,NID,NID_Cy,disy,disy2,3PlProxPoss,Dim,NONE,NONE,Pret,Pl,odisiinsiwaabaniin,w<<disy2>>iinsiwaabaniin,JDN-2010-Nouns
205,NID,NID_Cy,disy,disy2,3SgObvPoss,Dim,NONE,NONE,Pret,Pl,odisiinsiniban,w<<disy2>>iinsiniban,JDN-2010-Nouns
206,NID,NID_Cy,disy,disy2,3PlObvPoss,Dim,NONE,NONE,Pret,Pl,odisiinsiniban,w<<disy2>>iinsiniban,GUESS
207,NID,NID_Cy,disy,disy2,1SgPoss,Dim,NONE,NONE,Pret,Sg,nidisiinsiban,n<<disy2>>iinsiban,JDN-2010-Nouns
208,NID,NID_Cy,disy,disy2,ExclPoss,Dim,NONE,NONE,Pret,Sg,nidisiinsinaaban,n<<disy2>>iinsinaaban,JDN-2010-Nouns
209,NID,NID_Cy,disy,disy2,InclPoss,Dim,NONE,NONE,Pret,Sg,gidisiinsinaaban,g<<disy2>>iinsinaaban,JDN-2010-Nouns
210,NID,NID_Cy,disy,disy2,2SgPoss,Dim,NONE,NONE,Pret,Sg,gidisiinsiban,g<<disy2>>iinsiban,JDN-2010-Nouns
211,NID,NID_Cy,disy,disy2,2PlPoss,Dim,NONE,NONE,Pret,Sg,gidisiinsiwaaban,g<<disy2>>iinsiwaaban,JDN-2010-Nouns
212,NID,NID_Cy,disy,disy2,3SgProxPoss,Dim,NONE,NONE,Pret,Sg,odisiinsiban,w<<disy2>>iinsiban,JDN-2010-Nouns
213,NID,NID_Cy,disy,disy2,3PlProxPoss,Dim,NONE,NONE,Pret,Sg,odisiinsiwaaban,w<<disy2>>iinsiwaaban,JDN-2010-Nouns
214,NID,NID_Cy,disy,disy2,3SgObvPoss,Dim,NONE,NONE,Pret,Sg,odisiinsiniban,w<<disy2>>iinsiniban,JDN-2010-Nouns
215,NID,NID_Cy,disy,disy2,3PlObvPoss,Dim,NONE,NONE,Pret,Sg,odisiinsiniban,w<<disy2>>iinsiniban,GUESS
216,NID,NID_Cy,disy,disy2,1SgPoss,Dim,Poss,NONE,Pret,Pl,nidisiinsimibaniin,n<<disy2>>iinsimibaniin,JDN-2010-Nouns
217,NID,NID_Cy,disy,disy2,ExclPoss,Dim,Poss,NONE,Pret,Pl,nidisiinsiminaabaniin,n<<disy2>>iinsiminaabaniin,JDN-2010-Nouns
218,NID,NID_Cy,disy,disy2,InclPoss,Dim,Poss,NONE,Pret,Pl,gidisiinsiminaabaniin,g<<disy2>>iinsiminaabaniin,JDN-2010-Nouns
219,NID,NID_Cy,disy,disy2,2SgPoss,Dim,Poss,NONE,Pret,Pl,gidisiinsimibaniin,g<<disy2>>iinsimibaniin,JDN-2010-Nouns
220,NID,NID_Cy,disy,disy2,2PlPoss,Dim,Poss,NONE,Pret,Pl,gidisiinsimiwaabaniin,g<<disy2>>iinsimiwaabaniin,JDN-2010-Nouns
221,NID,NID_Cy,disy,disy2,3SgProxPoss,Dim,Poss,NONE,Pret,Pl,odisiinsimibaniin,w<<disy2>>iinsimibaniin,JDN-2010-Nouns
222,NID,NID_Cy,disy,disy2,3PlProxPoss,Dim,Poss,NONE,Pret,Pl,odisiinsimiwaabaniin,w<<disy2>>iinsimiwaabaniin,JDN-2010-Nouns
223,NID,NID_Cy,disy,disy2,3SgObvPoss,Dim,Poss,NONE,Pret,Pl,odisiinsiminiban,w<<disy2>>iinsiminiban,JDN-2010-Nouns
224,NID,NID_Cy,disy,disy2,3PlObvPoss,Dim,Poss,NONE,Pret,Pl,odisiinsiminiban,w<<disy2>>iinsiminiban,GUESS
225,NID,NID_Cy,disy,disy2,1SgPoss,Dim,Poss,NONE,Pret,Sg,nidisiinsimiban,n<<disy2>>iinsimiban,JDN-2010-Nouns
226,NID,NID_Cy,disy,disy2,ExclPoss,Dim,Poss,NONE,Pret,Sg,nidisiinsiminaaban,n<<disy2>>iinsiminaaban,JDN-2010-Nouns
227,NID,NID_Cy,disy,disy2,InclPoss,Dim,Poss,NONE,Pret,Sg,gidisiinsiminaaban,g<<disy2>>iinsiminaaban,JDN-2010-Nouns
228,NID,NID_Cy,disy,disy2,2SgPoss,Dim,Poss,NONE,Pret,Sg,gidisiinsimiban,g<<disy2>>iinsimiban,JDN-2010-Nouns
229,NID,NID_Cy,disy,disy2,2PlPoss,Dim,Poss,NONE,Pret,Sg,gidisiinsimiwaaban,g<<disy2>>iinsimiwaaban,JDN-2010-Nouns
230,NID,NID_Cy,disy,disy2,3SgProxPoss,Dim,Poss,NONE,Pret,Sg,odisiinsimiban,w<<disy2>>iinsimiban,JDN-2010-Nouns
231,NID,NID_Cy,disy,disy2,3PlProxPoss,Dim,Poss,NONE,Pret,Sg,odisiinsimiwaaban,w<<disy2>>iinsimiwaaban,JDN-2010-Nouns
232,NID,NID_Cy,disy,disy2,3SgObvPoss,Dim,Poss,NONE,Pret,Sg,odisiinsiminiban,w<<disy2>>iinsiminiban,JDN-2010-Nouns
233,NID,NID_Cy,disy,disy2,3PlObvPoss,Dim,Poss,NONE,Pret,Sg,odisiinsiminiban,w<<disy2>>iinsiminiban,GUESS
234,NID,NID_Cy,disy,disy2,1SgPoss,Dim,NONE,Pej,NONE,Pl,nidisiinzhishan,n<<disy2>>iinzhishan,JDN-2010-Nouns
235,NID,NID_Cy,disy,disy2,ExclPoss,Dim,NONE,Pej,NONE,Pl,nidisiinzhishinaanin,n<<disy2>>iinzhishinaanin,JDN-2010-Nouns
236,NID,NID_Cy,disy,disy2,InclPoss,Dim,NONE,Pej,NONE,Pl,gidisiinzhishinaanin,g<<disy2>>iinzhishinaanin,JDN-2010-Nouns
237,NID,NID_Cy,disy,disy2,2SgPoss,Dim,NONE,Pej,NONE,Pl,gidisiinzhishan,g<<disy2>>iinzhishan,JDN-2010-Nouns
238,NID,NID_Cy,disy,disy2,2PlPoss,Dim,NONE,Pej,NONE,Pl,gidisiinzhishiwaan,g<<disy2>>iinzhishiwaan,JDN-2010-Nouns
239,NID,NID_Cy,disy,disy2,3SgProxPoss,Dim,NONE,Pej,NONE,Pl,odisiinzhishan,w<<disy2>>iinzhishan,JDN-2010-Nouns
240,NID,NID_Cy,disy,disy2,3PlProxPoss,Dim,NONE,Pej,NONE,Pl,odisiinzhishiwaan,w<<disy2>>iinzhishiwaan,JDN-2010-Nouns
241,NID,NID_Cy,disy,disy2,3SgObvPoss,Dim,NONE,Pej,NONE,Pl,odisiinzhishini,w<<disy2>>iinzhishiniw1,JDN-2010-Nouns
242,NID,NID_Cy,disy,disy2,3PlObvPoss,Dim,NONE,Pej,NONE,Pl,odisiinzhishini,w<<disy2>>iinzhishiniw1,GUESS
243,NID,NID_Cy,disy,disy2,1SgPoss,Dim,NONE,Pej,NONE,Sg,nidisiinzhish,n<<disy2>>iinzhish,JDN-2010-Nouns
244,NID,NID_Cy,disy,disy2,ExclPoss,Dim,NONE,Pej,NONE,Sg,nidisiinzhishinaan,n<<disy2>>iinzhishinaan,JDN-2010-Nouns
245,NID,NID_Cy,disy,disy2,InclPoss,Dim,NONE,Pej,NONE,Sg,gidisiinzhishinaan,g<<disy2>>iinzhishinaan,JDN-2010-Nouns
246,NID,NID_Cy,disy,disy2,2SgPoss,Dim,NONE,Pej,NONE,Sg,gidisiinzhish,g<<disy2>>iinzhish,JDN-2010-Nouns
247,NID,NID_Cy,disy,disy2,2PlPoss,Dim,NONE,Pej,NONE,Sg,gidisiinzhishiwaa,g<<disy2>>iinzhishiwaa,JDN-2010-Nouns
248,NID,NID_Cy,disy,disy2,3SgProxPoss,Dim,NONE,Pej,NONE,Sg,odisiinzhish,w<<disy2>>iinzhish,JDN-2010-Nouns
249,NID,NID_Cy,disy,disy2,3PlProxPoss,Dim,NONE,Pej,NONE,Sg,odisiinzhishiwaa,w<<disy2>>iinzhishiwaa,JDN-2010-Nouns
250,NID,NID_Cy,disy,disy2,3SgObvPoss,Dim,NONE,Pej,NONE,Sg,odisiinzhishini,w<<disy2>>iinzhishiniw1,JDN-2010-Nouns
251,NID,NID_Cy,disy,disy2,3PlObvPoss,Dim,NONE,Pej,NONE,Sg,odisiinzhishini,w<<disy2>>iinzhishiniw1,GUESS
252,NID,NID_Cy,disy,disy2,1SgPoss,Dim,NONE,Pej,NONE,Loc,nidisiinzhishing,n<<disy2>>iinzhishing,JDN-2010-Nouns
253,NID,NID_Cy,disy,disy2,ExclPoss,Dim,NONE,Pej,NONE,Loc,nidisiinzhishinaang,n<<disy2>>iinzhishinaang,JDN-2010-Nouns
254,NID,NID_Cy,disy,disy2,InclPoss,Dim,NONE,Pej,NONE,Loc,gidisiinzhishinaang,g<<disy2>>iinzhishinaang,JDN-2010-Nouns
255,NID,NID_Cy,disy,disy2,2SgPoss,Dim,NONE,Pej,NONE,Loc,gidisiinzhishing,g<<disy2>>iinzhishing,JDN-2010-Nouns
256,NID,NID_Cy,disy,disy2,2PlPoss,Dim,NONE,Pej,NONE,Loc,gidisiinzhishiwaang,g<<disy2>>iinzhishiwaang,JDN-2010-Nouns
257,NID,NID_Cy,disy,disy2,3SgProxPoss,Dim,NONE,Pej,NONE,Loc,odisiinzhishing,w<<disy2>>iinzhishing,JDN-2010-Nouns
258,NID,NID_Cy,disy,disy2,3PlProxPoss,Dim,NONE,Pej,NONE,Loc,odisiinzhishiwaang,w<<disy2>>iinzhishiwaang,JDN-2010-Nouns
259,NID,NID_Cy,disy,disy2,3SgObvPoss,Dim,NONE,Pej,NONE,Loc,odisiinzhishining,w<<disy2>>iinzhishining,JDN-2010-Nouns
260,NID,NID_Cy,disy,disy2,3PlObvPoss,Dim,NONE,Pej,NONE,Loc,odisiinzhishining,w<<disy2>>iinzhishining,GUESS
261,NID,NID_Cy,disy,disy2,1SgPoss,Dim,Poss,Pej,NONE,Pl,nidisiinsimishan,n<<disy2>>iinsimishan,JDN-2010-Nouns
262,NID,NID_Cy,disy,disy2,ExclPoss,Dim,Poss,Pej,NONE,Pl,nidisiinsimishinaanin,n<<disy2>>iinsimishinaanin,JDN-2010-Nouns
263,NID,NID_Cy,disy,disy2,InclPoss,Dim,Poss,Pej,NONE,Pl,gidisiinsimishinaanin,g<<disy2>>iinsimishinaanin,JDN-2010-Nouns
264,NID,NID_Cy,disy,disy2,2SgPoss,Dim,Poss,Pej,NONE,Pl,gidisiinsimishan,g<<disy2>>iinsimishan,JDN-2010-Nouns
265,NID,NID_Cy,disy,disy2,2PlPoss,Dim,Poss,Pej,NONE,Pl,gidisiinsimishiwaan,g<<disy2>>iinsimishiwaan,JDN-2010-Nouns
266,NID,NID_Cy,disy,disy2,3SgProxPoss,Dim,Poss,Pej,NONE,Pl,odisiinsimishan,w<<disy2>>iinsimishan,JDN-2010-Nouns
267,NID,NID_Cy,disy,disy2,3PlProxPoss,Dim,Poss,Pej,NONE,Pl,odisiinsimishiwaan,w<<disy2>>iinsimishiwaan,JDN-2010-Nouns
268,NID,NID_Cy,disy,disy2,3SgObvPoss,Dim,Poss,Pej,NONE,Pl,odisiinsimishini,w<<disy2>>iinsimishiniw1,JDN-2010-Nouns
269,NID,NID_Cy,disy,disy2,3PlObvPoss,Dim,Poss,Pej,NONE,Pl,odisiinsimishini,w<<disy2>>iinsimishiniw1,GUESS
270,NID,NID_Cy,disy,disy2,1SgPoss,Dim,Poss,Pej,NONE,Sg,nidisiinsimish,n<<disy2>>iinsimish,JDN-2010-Nouns
271,NID,NID_Cy,disy,disy2,ExclPoss,Dim,Poss,Pej,NONE,Sg,nidisiinsimishinaan,n<<disy2>>iinsimishinaan,JDN-2010-Nouns
272,NID,NID_Cy,disy,disy2,InclPoss,Dim,Poss,Pej,NONE,Sg,gidisiinsimishinaan,g<<disy2>>iinsimishinaan,JDN-2010-Nouns
273,NID,NID_Cy,disy,disy2,2SgPoss,Dim,Poss,Pej,NONE,Sg,gidisiinsimish,g<<disy2>>iinsimish,JDN-2010-Nouns
274,NID,NID_Cy,disy,disy2,2PlPoss,Dim,Poss,Pej,NONE,Sg,gidisiinsimishiwaa,g<<disy2>>iinsimishiwaa,JDN-2010-Nouns
275,NID,NID_Cy,disy,disy2,3SgProxPoss,Dim,Poss,Pej,NONE,Sg,odisiinsimish,w<<disy2>>iinsimish,JDN-2010-Nouns
276,NID,NID_Cy,disy,disy2,3PlProxPoss,Dim,Poss,Pej,NONE,Sg,odisiinsimishiwaa,w<<disy2>>iinsimishiwaa,JDN-2010-Nouns
277,NID,NID_Cy,disy,disy2,3SgObvPoss,Dim,Poss,Pej,NONE,Sg,odisiinsimishini,w<<disy2>>iinsimishiniw1,JDN-2010-Nouns
278,NID,NID_Cy,disy,disy2,3PlObvPoss,Dim,Poss,Pej,NONE,Sg,odisiinsimishini,w<<disy2>>iinsimishiniw1,GUESS
279,NID,NID_Cy,disy,disy2,1SgPoss,Dim,Poss,Pej,NONE,Loc,nidisiinsimishing,n<<disy2>>iinsimishing,JDN-2010-Nouns
280,NID,NID_Cy,disy,disy2,ExclPoss,Dim,Poss,Pej,NONE,Loc,nidisiinsimishinaang,n<<disy2>>iinsimishinaang,JDN-2010-Nouns
281,NID,NID_Cy,disy,disy2,InclPoss,Dim,Poss,Pej,NONE,Loc,gidisiinsimishinaang,g<<disy2>>iinsimishinaang,JDN-2010-Nouns
282,NID,NID_Cy,disy,disy2,2SgPoss,Dim,Poss,Pej,NONE,Loc,gidisiinsimishing,g<<disy2>>iinsimishing,JDN-2010-Nouns
283,NID,NID_Cy,disy,disy2,2PlPoss,Dim,Poss,Pej,NONE,Loc,gidisiinsimishiwaang,g<<disy2>>iinsimishiwaang,JDN-2010-Nouns
284,NID,NID_Cy,disy,disy2,3SgProxPoss,Dim,Poss,Pej,NONE,Loc,odisiinsimishing,w<<disy2>>iinsimishing,JDN-2010-Nouns
285,NID,NID_Cy,disy,disy2,3PlProxPoss,Dim,Poss,Pej,NONE,Loc,odisiinsimishiwaang,w<<disy2>>iinsimishiwaang,JDN-2010-Nouns
286,NID,NID_Cy,disy,disy2,3SgObvPoss,Dim,Poss,Pej,NONE,Loc,odisiinsimishining,w<<disy2>>iinsimishining,JDN-2010-Nouns
287,NID,NID_Cy,disy,disy2,3PlObvPoss,Dim,Poss,Pej,NONE,Loc,odisiinsimishining,w<<disy2>>iinsimishining,GUESS
