Paradigm,Order,Class,Lemma,Stem,Head,Subject,Object,Mode,Negation,Form1Surface,Form1Split,Form1Source,Form2Surface,Form2Split,Form2Source,,,
VAI,Cnj,VAI_rcp,waabandiwag,waabandi,NONE,3PlProxSubj,3PlProxObj,Neu,Neg,waabandisigwaa,<<waabandi>>sigwaa,GUESS,,,,,,
VAI,Cnj,VAI_rcp,waabandiwag,waabandi,NONE,3PlObvSubj,3PlObvObj,Neu,Neg,waabandisinig,<<waabandi>>sinig,GUESS,,,,,,
VAI,Cnj,VAI_rcp,waabandiwag,waabandi,NONE,ExclSubj,ExclObj,Neu,Neg,waabandisiwaang,<<waabandi>>siwaang,GUESS,,,,,,
VAI,Cnj,VAI_rcp,waabandiwag,waabandi,NONE,InclSubj,InclObj,Neu,Neg,waabandisiwang,<<waabandi>>siwang,GUESS,,,,,,
VAI,Cnj,VAI_rcp,waabandiwag,waabandi,NONE,2PlSubj,2PlObj,Neu,Neg,waabandisiweg,<<waabandi>>siweg,GUESS,,,,,,
VAI,Cnj,VAI_rcp,waabandiwag,waabandi,NONE,3PlProxSubj,3PlProxObj,Neu,Pos,waabandiwaad,<<waabandi>>waad,GUESS,,,,,,
VAI,Cnj,VAI_rcp,waabandiwag,waabandi,NONE,3PlObvSubj,3PlObvObj,Neu,Pos,waabandinid,<<waabandi>>nid,GUESS,,,,,,
VAI,Cnj,VAI_rcp,waabandiwag,waabandi,NONE,ExclSubj,ExclObj,Neu,Pos,waabandiyaang,<<waabandi>>yaang,GUESS,,,,,,
VAI,Cnj,VAI_rcp,waabandiwag,waabandi,NONE,InclSubj,InclObj,Neu,Pos,waabandiyang,<<waabandi>>yang,GUESS,,,,,,
VAI,Cnj,VAI_rcp,waabandiwag,waabandi,NONE,2PlSubj,2PlObj,Neu,Pos,waabandiyeg,<<waabandi>>yeg,GUESS,,,,,,
VAI,Imp,VAI_rcp,waabandiwag,waabandi,NONE,InclSubj,InclObj,Sim,NONE,waabandidaa,<<waabandi>>daa,GUESS,,,,,,
VAI,Imp,VAI_rcp,waabandiwag,waabandi,NONE,InclSubj,InclObj,Prb,NONE,waabandisiidaa,<<waabandi>>siidaa,GUESS,,,,,,
VAI,Imp,VAI_rcp,waabandiwag,waabandi,NONE,InclSubj,InclObj,Del,NONE,waabandidaa,<<waabandi>>daa,GUESS,,,,,,
VAI,Imp,VAI_rcp,waabandiwag,waabandi,NONE,2PlSubj,2PlObj,Del,NONE,waabandiikegon,<<niimi>>ikegon,GUESS,,,,,,
VAI,Imp,VAI_rcp,waabandiwag,waabandi,NONE,2PlSubj,2PlObj,Prb,NONE,waabandikegon,<<niimi>>kegon,GUESS,,,,,,
VAI,Imp,VAI_rcp,waabandiwag,waabandi,NONE,2PlSubj,2PlObj,Sim,NONE,waabandiyok,<<niimi>>yok,GUESS,,,,,,
VAI,Ind,VAI_rcp,waabandiwag,waabandi,NONE,3PlProxSubj,3PlProxObj,Neu,Neg,waabandisiiwag,<<waabandi>>siiwag,GUESS,,,,,,
VAI,Ind,VAI_rcp,waabandiwag,waabandi,NONE,3PlObvSubj,3PlObvObj,Neu,Neg,waabandisiiwa',<<waabandi>>siiwa',GUESS,,,,,,
VAI,Ind,VAI_rcp,waabandiwag,waabandi,NONE,ExclSubj,ExclObj,Neu,Neg,niwaabandisiimin,ni<<waabandi>>siimin,GUESS,,,,,,
VAI,Ind,VAI_rcp,waabandiwag,waabandi,NONE,InclSubj,InclObj,Neu,Neg,giwaabandisiimin,gi<<waabandi>>siimin,GUESS,,,,,,
VAI,Ind,VAI_rcp,waabandiwag,waabandi,NONE,2PlSubj,2PlObj,Neu,Neg,giwaabandisiim,gi<<waabandi>>siim,GUESS,,,,,,
VAI,Ind,VAI_rcp,waabandiwag,waabandi,NONE,3PlProxSubj,3PlProxObj,Neu,Pos,waabandiwag,<<waabandi>>wag,GUESS,,,,,,
VAI,Ind,VAI_rcp,waabandiwag,waabandi,NONE,3PlObvSubj,3PlObvObj,Neu,Pos,waabandiwa',<<waabandi>>wa',GUESS,,,,,,
VAI,Ind,VAI_rcp,waabandiwag,waabandi,NONE,ExclSubj,ExclObj,Neu,Pos,niwaabandimin,ni<<waabandi>>min,GUESS,,,,,,
VAI,Ind,VAI_rcp,waabandiwag,waabandi,NONE,InclSubj,InclObj,Neu,Pos,giwaabandimin,gi<<waabandi>>min,GUESS,,,,,,
VAI,Ind,VAI_rcp,waabandiwag,waabandi,NONE,2PlSubj,2PlObj,Neu,Pos,giwaabandim,gi<<waabandi>>m,GUESS,,,,,,
VAI,Cnj,VAI_rfx,waabandizo,waabandizo,NONE,1SgSubj,1SgObj,Neu,Neg,waabandizosiwaan,<<waabandizo>>siwaan,NJ-Zoom-2023-Sep19; JRV-Web-ANISH,,,,,,
VAI,Cnj,VAI_rfx,waabandizo,waabandizo,NONE,2SgSubj,2SgObj,Neu,Neg,waabandizosiwan,<<waabandizo>>siwan,NJ-Zoom-2023-Sep19; JRV-Web-ANISH,,,,,,
VAI,Cnj,VAI_rfx,waabandizo,waabandizo,NONE,2PlSubj,2PlSubj,Neu,Neg,waabandizosiweg,<<waabandizo>>siweg,NJ-Zoom-2023-Sep19,,,,,,
VAI,Cnj,VAI_rfx,waabandizo,waabandizo,NONE,3PlProxSubj,3PlProxObj,Neu,Neg,waabandizosigwaa,<<waabandizo>>sigwaa,NJ-Zoom-2023-Sep19; JRV-Web-ANISH,,,,,,
VAI,Cnj,VAI_rfx,waabandizo,waabandizo,NONE,3SgObvSubj,3SgObvObj,Neu,Neg,waabandizosinid,<<waabandizo>>sinid,NJ-Zoom-2023-Sep19,waabandizosinig,<<waabandizo>>sinig,JRV-Web-ANISH,,,
VAI,Cnj,VAI_rfx,waabandizo,waabandizo,NONE,3PlObvSubj,3PlObvObj,Neu,Neg,waabandizosinid,<<waabandizo>>sinid,NJ-Zoom-2023-Sep19,waabandizosinig,<<waabandizo>>sinig,JRV-Web-ANISH,,,
VAI,Cnj,VAI_rfx,waabandizo,waabandizo,NONE,3SgProxSubj,3SgProxObj,Neu,Neg,waabandizosig,<<waabandizo>>sig,NJ-Zoom-2023-Sep19; JRV-Web-ANISH,,,,,,
VAI,Cnj,VAI_rfx,waabandizo,waabandizo,NONE,ExclSubj,ExclObj,Neu,Neg,waabandizosiwaang,<<waabandizo>>siwaang,NJ-Zoom-2023-Sep19; JRV-Web-ANISH,,,,,,
VAI,Cnj,VAI_rfx,waabandizo,waabandizo,NONE,InclSubj,InclObj,Neu,Neg,waabandizosiwang,<<waabandizo>>siwang,NJ-Zoom-2023-Sep19; JRV-Web-ANISH,,,,,,
VAI,Cnj,VAI_rfx,waabandizo,waabandizo,NONE,1SgSubj,1SgObj,Neu,Pos,waabandizoyaan,<<waabandizo>>yaan,NJ-Zoom-2023-Sep19; JRV-Web-ANISH,,,,,,
VAI,Cnj,VAI_rfx,waabandizo,waabandizo,NONE,2SgSubj,2SgObj,Neu,Pos,waabandizoyan,<<waabandizo>>yan,NJ-Zoom-2023-Sep19; JRV-Web-ANISH,,,,,,
VAI,Cnj,VAI_rfx,waabandizo,waabandizo,NONE,2PlSubj,2PlSubj,Neu,Pos,waabandizoyeg,<<waabandizo>>yeg,NJ-Zoom-2023-Sep19,,,,,,
VAI,Cnj,VAI_rfx,waabandizo,waabandizo,NONE,3PlProxSubj,3PlProxObj,Neu,Pos,waabandizowaad,<<waabandizo>>waad,NJ-Zoom-2023-Sep19; JRV-Web-ANISH,,,,,,
VAI,Cnj,VAI_rfx,waabandizo,waabandizo,NONE,3SgObvSubj,3SgObvObj,Neu,Pos,waabandizonid,<<waabandizo>>nid,NJ-Zoom-2023-Sep19; JRV-Web-ANISH,,,,,,
VAI,Cnj,VAI_rfx,waabandizo,waabandizo,NONE,3PlObvSubj,3PlObvObj,Neu,Pos,waabandizonid,<<waabandizo>>nid,NJ-Zoom-2023-Sep19; JRV-Web-ANISH,,,,,,
VAI,Cnj,VAI_rfx,waabandizo,waabandizo,NONE,3SgProxSubj,3SgProxObj,Neu,Pos,waabandizod,<<waabandizo>>d,NJ-Zoom-2023-Sep19; JRV-Web-ANISH,,,,,,
VAI,Cnj,VAI_rfx,waabandizo,waabandizo,NONE,ExclSubj,ExclObj,Neu,Pos,waabandizoyaang,<<waabandizo>>yaang,NJ-Zoom-2023-Sep19; JRV-Web-ANISH,,,,,,
VAI,Cnj,VAI_rfx,waabandizo,waabandizo,NONE,InclSubj,InclObj,Neu,Pos,waabandizoyang,<<waabandizo>>yang,NJ-Zoom-2023-Sep19; JRV-Web-ANISH,,,,,,
VAI,Imp,VAI_rfx,waabandizo,waabandizo,NONE,2SgSubj,2SgObj,Sim,NONE,waabandizon,<<waabandizo>>n,JRV-Web-ANISH,,,,,,
VAI,Imp,VAI_rfx,waabandizo,waabandizo,NONE,InclSubj,InclObj,Sim,NONE,waabandizodaa,<<waabandizo>>daa,JRV-Web-ANISH,,,,,,
VAI,Imp,VAI_rfx,waabandizo,waabandizo,NONE,2SgSubj,2SgObj,Prb,NONE,waabandizoken,<<waabandizo>>ken,JRV-Web-ANISH,,,,,,
VAI,Imp,VAI_rfx,waabandizo,waabandizo,NONE,InclSubj,InclObj,Prb,NONE,waabandizosiidaa,<<waabandizo>>siidaa,JRV-Web-ANISH,,,,,,
VAI,Imp,VAI_rfx,waabandizo,waabandizo,NONE,2PlSubj,2PlObj,Prb,NONE,waabandizokegon,<<waabandizo>>kegon,JDN-2010-MS-VAI-p40,,,,,,
VAI,Imp,VAI_rfx,waabandizo,waabandizo,NONE,2PlSubj,2PlObj,Sim,NONE,waabandizoyok,<<waabandizo>>yok,JDN-2010-MS-VAI-p39,,,,,,
VAI,Ind,VAI_rfx,waabandizo,waabandizo,NONE,1SgSubj,1SgObj,Neu,Neg,niwaabandizosii,ni<<waabandizo>>sii,NJ-Zoom-2023-Sep19,niwaabandizosiin,ni<<waabandizo>>siin,JRV-Web-ANISH,,,
VAI,Ind,VAI_rfx,waabandizo,waabandizo,NONE,2SgSubj,2SgObj,Neu,Neg,giwaabandizosii,gi<<waabandizo>>sii,NJ-Zoom-2023-Sep19,giwaabandizosiin,gi<<waabandizo>>siin,JRV-Web-ANISH,,,
VAI,Ind,VAI_rfx,waabandizo,waabandizo,NONE,2PlSubj,2PlObj,Neu,Neg,giwaabandizosiim,gi<<waabandizo>>siim,NJ-Zoom-2023-Sep19,,,,,,
VAI,Ind,VAI_rfx,waabandizo,waabandizo,NONE,3PlProxSubj,3PlProxObj,Neu,Neg,waabandizosiiwag,<<waabandizo>>siiwag,NJ-Zoom-2023-Sep19; JRV-Web-ANISH,,,,,,
VAI,Ind,VAI_rfx,waabandizo,waabandizo,NONE,3SgObvSubj,3SgObvObj,Neu,Neg,waabandizosiiwan,<<waabandizo>>siiwan,NJ-Zoom-2023-Sep19; JRV-Web-ANISH,,,,,,
VAI,Ind,VAI_rfx,waabandizo,waabandizo,NONE,3PlObvSubj,3PlObvObj,Neu,Neg,waabandizosiiwa',<<waabandizo>>siiwa',NJ-Zoom-2023-Sep19; JRV-Web-ANISH,,,,,,
VAI,Ind,VAI_rfx,waabandizo,waabandizo,NONE,3SgProxSubj,3SgProxObj,Neu,Neg,waabandizosii,<<waabandizo>>sii,NJ-Zoom-2023-Sep19; JRV-Web-ANISH,waabandizosiin,<<waabandizo>>siin,JRV-Web-ANISH,,,
VAI,Ind,VAI_rfx,waabandizo,waabandizo,NONE,ExclSubj,ExclObj,Neu,Neg,niwaabandizosiimin,ni<<waabandizo>>siimin,NJ-Zoom-2023-Sep19; JRV-Web-ANISH,,,,,,
VAI,Ind,VAI_rfx,waabandizo,waabandizo,NONE,InclSubj,InclObj,Neu,Neg,giwaabandizosiimin,gi<<waabandizo>>siimin,NJ-Zoom-2023-Sep19; JRV-Web-ANISH,,,,,,
VAI,Ind,VAI_rfx,waabandizo,waabandizo,NONE,1SgSubj,1SgObj,Neu,Pos,niwaabandiz,ni<<waabandiz>>,JRV-Web-ANISH,,,,,,
VAI,Ind,VAI_rfx,waabandizo,waabandizo,NONE,2SgSubj,2SgObj,Neu,Pos,giwaabandiz,gi<<waabandiz>>,JRV-Web-ANISH,,,,,,
VAI,Ind,VAI_rfx,waabandizo,waabandizo,NONE,2PlSubj,2PlObj,Neu,Pos,giwaabandizom,gi<<waabandizo>>m,GUESS,,,,,,
VAI,Ind,VAI_rfx,waabandizo,waabandizo,NONE,3PlProxSubj,3PlProxObj,Neu,Pos,waabandizowag,<<waabandizo>>wag,JRV-Web-ANISH,,,,,,
VAI,Ind,VAI_rfx,waabandizo,waabandizo,NONE,3SgObvSubj,3SgObvObj,Neu,Pos,waabandizowan,<<waabandizo>>wan,JRV-Web-ANISH,,,,,,
VAI,Ind,VAI_rfx,waabandizo,waabandizo,NONE,3PlObvSubj,3PlObvObj,Neu,Pos,waabandizowa',<<waabandizo>>wa',GUESS,,,,,,
VAI,Ind,VAI_rfx,waabandizo,waabandizo,NONE,3SgProxSubj,3SgProxObj,Neu,Pos,waabandizo,<<waabandizo>>w1,JRV-Web-ANISH,,,,,,
VAI,Ind,VAI_rfx,waabandizo,waabandizo,NONE,ExclSubj,ExclObj,Neu,Pos,niwaabandizomin,ni<<waabandizo>>min,JRV-Web-ANISH,,,,,,
VAI,Ind,VAI_rfx,waabandizo,waabandizo,NONE,InclSubj,InclObj,Neu,Pos,giwaabandizomin,gi<<waabandizo>>min,JRV-Web-ANISH,,,,,,
VAI,Cnj,VAI_rfx,waabandizo,waabandizo,NONE,1SgSubj,NONE,Dub,Neg,waabandizosiiwaanen,<<waabandizo>>siiwaanen,JDN-2010-MS-VAI-p32,,,,,,
VAI,Cnj,VAI_rfx,waabandizo,waabandizo,NONE,1SgSubj,NONE,Dub,Pos,waabandizowaanen,<<waabandizo>>waanen,JDN-2010-MS-VAI-p31,,,,,,
VAI,Cnj,VAI_rfx,waabandizo,waabandizo,NONE,2PlSubj,NONE,Dub,Neg,waabandizosiiwegwen,<<waabandizo>>siiwegwen,JDN-2010-MS-VAI-p32,,,,,,
VAI,Cnj,VAI_rfx,waabandizo,waabandizo,NONE,2PlSubj,NONE,Dub,Pos,waabandizowegwen,<<waabandizo>>wegwen,JDN-2010-MS-VAI-p31,,,,,,
VAI,Cnj,VAI_rfx,waabandizo,waabandizo,NONE,2SgSubj,NONE,Dub,Neg,waabandizosiiwanen,<<waabandizo>>siiwanen,JDN-2010-MS-VAI-p32,,,,,,
VAI,Cnj,VAI_rfx,waabandizo,waabandizo,NONE,2SgSubj,NONE,Dub,Pos,waabandizowanen,<<waabandizo>>wanen,JDN-2010-MS-VAI-p31,,,,,,
VAI,Cnj,VAI_rfx,waabandizo,waabandizo,NONE,3PlObvSubj,NONE,Dub,Neg,waabandizosiinigwen,<<waabandizo>>siinigwen,JDN-2010-MS-VAI-p32,,,,,,
VAI,Cnj,VAI_rfx,waabandizo,waabandizo,NONE,3PlObvSubj,NONE,Dub,Pos,waabandizonigwen,<<waabandizo>>nigwen,JDN-2010-MS-VAI-p31,,,,,,
VAI,Cnj,VAI_rfx,waabandizo,waabandizo,NONE,3PlProxSubj,NONE,Dub,Neg,waabandizosiiwaagwen,<<waabandizo>>siiwaagwen,JDN-2010-MS-VAI-p32,,,,,,
VAI,Cnj,VAI_rfx,waabandizo,waabandizo,NONE,3PlProxSubj,NONE,Dub,Pos,waabandizowaagwen,<<waabandizo>>waagwen,JDN-2010-MS-VAI-p31,,,,,,
VAI,Cnj,VAI_rfx,waabandizo,waabandizo,NONE,3SgObvSubj,NONE,Dub,Neg,waabandizosiinigwen,<<waabandizo>>siinigwen,JDN-2010-MS-VAI-p32,,,,,,
VAI,Cnj,VAI_rfx,waabandizo,waabandizo,NONE,3SgObvSubj,NONE,Dub,Pos,waabandizonigwen,<<waabandizo>>nigwen,JDN-2010-MS-VAI-p31,,,,,,
VAI,Cnj,VAI_rfx,waabandizo,waabandizo,NONE,3SgProxSubj,NONE,Dub,Neg,waabandizosiigwen,<<waabandizo>>siigwen,JDN-2010-MS-VAI-p32,,,,,,
VAI,Cnj,VAI_rfx,waabandizo,waabandizo,NONE,3SgProxSubj,NONE,Dub,Pos,waabandizogwen,<<waabandizo>>gwen,JDN-2010-MS-VAI-p31,,,,,,
VAI,Cnj,VAI_rfx,waabandizo,waabandizo,NONE,ExclSubj,NONE,Dub,Neg,waabandizosiiwaangen,<<waabandizo>>siiwaangen,JDN-2010-MS-VAI-p32,,,,,,
VAI,Cnj,VAI_rfx,waabandizo,waabandizo,NONE,ExclSubj,NONE,Dub,Pos,waabandizowaangen,<<waabandizo>>waangen,JDN-2010-MS-VAI-p31,,,,,,
VAI,Cnj,VAI_rfx,waabandizo,waabandizo,NONE,InclSubj,NONE,Dub,Neg,waabandizosiiwangen,<<waabandizo>>siiwangen,JDN-2010-MS-VAI-p32,,,,,,
VAI,Cnj,VAI_rfx,waabandizo,waabandizo,NONE,InclSubj,NONE,Dub,Pos,waabandizowangen,<<waabandizo>>wangen,JDN-2010-MS-VAI-p31,,,,,,
VAI,Cnj,VAI_rfx,waabandizo,waabandizo,NONE,1SgSubj,NONE,DubPrt,Neg,waabandizosiiwaambaanen,<<waabandizo>>siiwaambaanen,JDN-2010-MS-VAI-p36,,,,,,
VAI,Cnj,VAI_rfx,waabandizo,waabandizo,NONE,1SgSubj,NONE,DubPrt,Pos,waabandizowaambaanen,<<waabandizo>>waambaanen,JDN-2010-MS-VAI-p35,,,,,,
VAI,Cnj,VAI_rfx,waabandizo,waabandizo,NONE,2PlSubj,NONE,DubPrt,Neg,waabandizosiiwegibanen,<<waabandizo>>siiwegibanen,JDN-2010-MS-VAI-p36,,,,,,
VAI,Cnj,VAI_rfx,waabandizo,waabandizo,NONE,2PlSubj,NONE,DubPrt,Pos,waabandizowegibanen,<<waabandizo>>wegibanen,JDN-2010-MS-VAI-p35,,,,,,
VAI,Cnj,VAI_rfx,waabandizo,waabandizo,NONE,2SgSubj,NONE,DubPrt,Neg,waabandizosiiwambanen,<<waabandizo>>siiwambanen,JDN-2010-MS-VAI-p36,,,,,,
VAI,Cnj,VAI_rfx,waabandizo,waabandizo,NONE,2SgSubj,NONE,DubPrt,Pos,waabandizowambanen,<<waabandizo>>wambanen,JDN-2010-MS-VAI-p35,,,,,,
VAI,Cnj,VAI_rfx,waabandizo,waabandizo,NONE,3PlObvSubj,NONE,DubPrt,Neg,waabandizosiinigobanen,<<waabandizo>>siinigobanen,JDN-2010-MS-VAI-p36,,,,,,
VAI,Cnj,VAI_rfx,waabandizo,waabandizo,NONE,3PlObvSubj,NONE,DubPrt,Pos,waabandizonigobanen,<<waabandizo>>nigobanen,JDN-2010-MS-VAI-p35,,,,,,
VAI,Cnj,VAI_rfx,waabandizo,waabandizo,NONE,3PlProxSubj,NONE,DubPrt,Neg,waabandizosiiwaagobanen,<<waabandizo>>siiwaagobanen,JDN-2010-MS-VAI-p36,,,,,,
VAI,Cnj,VAI_rfx,waabandizo,waabandizo,NONE,3PlProxSubj,NONE,DubPrt,Pos,waabandizowaagobanen,<<waabandizo>>waagobanen,JDN-2010-MS-VAI-p35,,,,,,
VAI,Cnj,VAI_rfx,waabandizo,waabandizo,NONE,3SgObvSubj,NONE,DubPrt,Neg,waabandizosiinigobanen,<<waabandizo>>siinigobanen,JDN-2010-MS-VAI-p36,,,,,,
VAI,Cnj,VAI_rfx,waabandizo,waabandizo,NONE,3SgObvSubj,NONE,DubPrt,Pos,waabandizonigobanen,<<waabandizo>>nigobanen,JDN-2010-MS-VAI-p35,,,,,,
VAI,Cnj,VAI_rfx,waabandizo,waabandizo,NONE,3SgProxSubj,NONE,DubPrt,Neg,waabandizosiigobanen,<<waabandizo>>siigobanen,JDN-2010-MS-VAI-p36,,,,,,
VAI,Cnj,VAI_rfx,waabandizo,waabandizo,NONE,3SgProxSubj,NONE,DubPrt,Pos,waabandizogobanen,<<waabandizo>>gobanen,JDN-2010-MS-VAI-p35,,,,,,
VAI,Cnj,VAI_rfx,waabandizo,waabandizo,NONE,ExclSubj,NONE,DubPrt,Neg,waabandizosiiwaangibanen,<<waabandizo>>siiwaangibanen,JDN-2010-MS-VAI-p36,,,,,,
VAI,Cnj,VAI_rfx,waabandizo,waabandizo,NONE,ExclSubj,NONE,DubPrt,Pos,waabandizowaangibanen,<<waabandizo>>waangibanen,JDN-2010-MS-VAI-p35,,,,,,
VAI,Cnj,VAI_rfx,waabandizo,waabandizo,NONE,InclSubj,NONE,DubPrt,Neg,waabandizosiiwangibanen,<<waabandizo>>siiwangibanen,JDN-2010-MS-VAI-p36,,,,,,
VAI,Cnj,VAI_rfx,waabandizo,waabandizo,NONE,InclSubj,NONE,DubPrt,Pos,waabandizowangibanen,<<waabandizo>>wangibanen,JDN-2010-MS-VAI-p35,,,,,,
VAI,Cnj,VAI_rfx,waabandizo,waabandizo,NONE,1SgSubj,NONE,Prt,Neg,waabandizosiwaambaan,<<waabandizo>>siwaambaan,JDN-2010-MS-VAI-p28,,,,,,
VAI,Cnj,VAI_rfx,waabandizo,waabandizo,NONE,1SgSubj,NONE,Prt,Pos,waabandizoyaambaan,<<waabandizo>>yaambaan,JDN-2010-MS-VAI-p27,,,,,,
VAI,Cnj,VAI_rfx,waabandizo,waabandizo,NONE,2PlSubj,NONE,Prt,Neg,waabandizosiwegiban,<<waabandizo>>siwegiban,JDN-2010-MS-VAI-p28,,,,,,
VAI,Cnj,VAI_rfx,waabandizo,waabandizo,NONE,2PlSubj,NONE,Prt,Pos,waabandizoyegiban,<<waabandizo>>yegiban,JDN-2010-MS-VAI-p27,,,,,,
VAI,Cnj,VAI_rfx,waabandizo,waabandizo,NONE,2SgSubj,NONE,Prt,Neg,waabandizosiwamban,<<waabandizo>>siwamban,JDN-2010-MS-VAI-p28,,,,,,
VAI,Cnj,VAI_rfx,waabandizo,waabandizo,NONE,2SgSubj,NONE,Prt,Pos,waabandizoyamban,<<waabandizo>>yamban,JDN-2010-MS-VAI-p27,,,,,,
VAI,Cnj,VAI_rfx,waabandizo,waabandizo,NONE,3PlObvSubj,NONE,Prt,Neg,waabandizosinigoban,<<waabandizo>>sinigoban,JDN-2010-MS-VAI-p28,,,,,,
VAI,Cnj,VAI_rfx,waabandizo,waabandizo,NONE,3PlObvSubj,NONE,Prt,Pos,waabandizonipan,<<waabandizo>>nipan,JDN-2010-MS-VAI-p27,,,,,,
VAI,Cnj,VAI_rfx,waabandizo,waabandizo,NONE,3PlProxSubj,NONE,Prt,Neg,waabandizosigwaaban,<<waabandizo>>sigwaaban,JDN-2010-MS-VAI-p28,,,,,,
VAI,Cnj,VAI_rfx,waabandizo,waabandizo,NONE,3PlProxSubj,NONE,Prt,Pos,waabandizowaapan,<<waabandizo>>waapan,JDN-2010-MS-VAI-p27,,,,,,
VAI,Cnj,VAI_rfx,waabandizo,waabandizo,NONE,3SgObvSubj,NONE,Prt,Neg,waabandizosinigoban,<<waabandizo>>sinigoban,JDN-2010-MS-VAI-p28,,,,,,
VAI,Cnj,VAI_rfx,waabandizo,waabandizo,NONE,3SgObvSubj,NONE,Prt,Pos,waabandizonipan,<<waabandizo>>nipan,JDN-2010-MS-VAI-p27,,,,,,
VAI,Cnj,VAI_rfx,waabandizo,waabandizo,NONE,3SgProxSubj,NONE,Prt,Neg,waabandizosigoban,<<waabandizo>>sigoban,JDN-2010-MS-VAI-p28,,,,,,
VAI,Cnj,VAI_rfx,waabandizo,waabandizo,NONE,3SgProxSubj,NONE,Prt,Pos,waabandizopan,<<waabandizo>>pan,JDN-2010-MS-VAI-p27,,,,,,
VAI,Cnj,VAI_rfx,waabandizo,waabandizo,NONE,ExclSubj,NONE,Prt,Neg,waabandizosiwaangiban,<<waabandizo>>siwaangiban,JDN-2010-MS-VAI-p28,,,,,,
VAI,Cnj,VAI_rfx,waabandizo,waabandizo,NONE,ExclSubj,NONE,Prt,Pos,waabandizoyaangiban,<<waabandizo>>yaangiban,JDN-2010-MS-VAI-p27,,,,,,
VAI,Cnj,VAI_rfx,waabandizo,waabandizo,NONE,InclSubj,NONE,Prt,Neg,waabandizosiwangiban,<<waabandizo>>siwangiban,JDN-2010-MS-VAI-p28,,,,,,
VAI,Cnj,VAI_rfx,waabandizo,waabandizo,NONE,InclSubj,NONE,Prt,Pos,waabandizoyangiban,<<waabandizo>>yangiban,JDN-2010-MS-VAI-p27,,,,,,
VAI,Ind,VAI_rfx,waabandizo,waabandizo,NONE,1SgSubj,NONE,Prt,Pos,niwaabandizonaaban,ni<<waabandizo>>naaban,JDN-2010-MS-VAI-p11,,,,,,
VAI,Ind,VAI_rfx,waabandizo,waabandizo,NONE,2PlSubj,NONE,Prt,Pos,giwaabandizomwaaban,gi<<waabandizo>>mwaaban,JDN-2010-MS-VAI-p11,,,,,,
VAI,Ind,VAI_rfx,waabandizo,waabandizo,NONE,2SgSubj,NONE,Prt,Pos,giwaabandizonaaban,gi<<waabandizo>>naaban,JDN-2010-MS-VAI-p11,,,,,,
VAI,Ind,VAI_rfx,waabandizo,waabandizo,NONE,3PlObvSubj,NONE,Prt,Pos,waabandizoobanii',<<waabandizo>>V1banii',GUESS,waabandizoobaniin,<<waabandizo>>V1baniin,JDN-2010-MS-VAI-p11,waabandizoobanen,<<waabandizo>>V1banen,JDN-2010-MS-VAI-p11
VAI,Ind,VAI_rfx,waabandizo,waabandizo,NONE,3PlProxSubj,NONE,Prt,Pos,waabandizoobaniig,<<waabandizo>>V1baniig,JDN-2010-MS-VAI-p11,,,,waabandizoobaneg,<<waabandizo>>V1baneg,JDN-2010-MS-VAI-p11
VAI,Ind,VAI_rfx,waabandizo,waabandizo,NONE,3SgObvSubj,NONE,Prt,Pos,waabandizoobaniin,<<waabandizo>>V1baniin,JDN-2010-MS-VAI-p11,,,,waabandizoobanen,<<waabandizo>>V1banen,JDN-2010-MS-VAI-p11
VAI,Ind,VAI_rfx,waabandizo,waabandizo,NONE,3SgProxSubj,NONE,Prt,Pos,waabandizooban,<<waabandizo>>V1ban,JDN-2010-MS-VAI-p11,,,,,,
VAI,Ind,VAI_rfx,waabandizo,waabandizo,NONE,ExclSubj,NONE,Prt,Pos,niwaabandizominaaban,ni<<waabandizo>>minaaban,JDN-2010-MS-VAI-p11,,,,,,
VAI,Ind,VAI_rfx,waabandizo,waabandizo,NONE,InclSubj,NONE,Prt,Pos,giwaabandizominaaban,gi<<waabandizo>>minaaban,JDN-2010-MS-VAI-p11,,,,,,
VAI,Ind,VAI_rfx,waabandizo,waabandizo,NONE,1SgSubj,NONE,Prt,Neg,niwaabandizosiinaaban,ni<<waabandizo>>siinaaban,JDN-2010-MS-VAI-p12,,,,,,
VAI,Ind,VAI_rfx,waabandizo,waabandizo,NONE,2PlSubj,NONE,Prt,Neg,giwaabandizosiimwaaban,gi<<waabandizo>>siimwaaban,JDN-2010-MS-VAI-p12,,,,,,
VAI,Ind,VAI_rfx,waabandizo,waabandizo,NONE,2SgSubj,NONE,Prt,Neg,giwaabandizosiinaaban,gi<<waabandizo>>siinaaban,JDN-2010-MS-VAI-p12,,,,,,
VAI,Ind,VAI_rfx,waabandizo,waabandizo,NONE,3PlObvSubj,NONE,Prt,Neg,waabandizosiibanii',<<waabandizo>>siibanii',GUESS,waabandizosiibaniin,<<waabandizo>>siibaniin,JDN-2010-MS-VAI-p12,waabandizosiibanen,<<waabandizo>>siibanen,JDN-2010-MS-VAI-p12
VAI,Ind,VAI_rfx,waabandizo,waabandizo,NONE,3PlProxSubj,NONE,Prt,Neg,waabandizosiibaniig,<<waabandizo>>siibaniig,JDN-2010-MS-VAI-p12,,,,waabandizosiibaneg,<<waabandizo>>siibaneg,JDN-2010-MS-VAI-p12
VAI,Ind,VAI_rfx,waabandizo,waabandizo,NONE,3SgObvSubj,NONE,Prt,Neg,waabandizosiibaniin,<<waabandizo>>siibaniin,JDN-2010-MS-VAI-p12,,,,waabandizosiibanen,<<waabandizo>>siibanen,JDN-2010-MS-VAI-p12
VAI,Ind,VAI_rfx,waabandizo,waabandizo,NONE,3SgProxSubj,NONE,Prt,Neg,waabandizosiiban,<<waabandizo>>siiban,JDN-2010-MS-VAI-p12,,,,,,
VAI,Ind,VAI_rfx,waabandizo,waabandizo,NONE,ExclSubj,NONE,Prt,Neg,niwaabandizosiiminaaban,ni<<waabandizo>>siiminaaban,JDN-2010-MS-VAI-p12,,,,,,
VAI,Ind,VAI_rfx,waabandizo,waabandizo,NONE,InclSubj,NONE,Prt,Neg,giwaabandizosiiminaaban,gi<<waabandizo>>siiminaaban,JDN-2010-MS-VAI-p12,,,,,,
VAI,Ind,VAI_rfx,waabandizo,waabandizo,NONE,1SgSubj,NONE,Dub,Pos,niwaabandizonaadog,ni<<waabandizo>>naadog,JDN-2010-MS-VAI-p15,,,,,,
VAI,Ind,VAI_rfx,waabandizo,waabandizo,NONE,2PlSubj,NONE,Dub,Pos,giwaabandizomwaadog,gi<<waabandizo>>mwaadog,JDN-2010-MS-VAI-p15,,,,,,
VAI,Ind,VAI_rfx,waabandizo,waabandizo,NONE,2SgSubj,NONE,Dub,Pos,giwaabandizonaadog,gi<<waabandizo>>naadog,JDN-2010-MS-VAI-p15,,,,,,
VAI,Ind,VAI_rfx,waabandizo,waabandizo,NONE,3PlObvSubj,NONE,Dub,Pos,waabandizodogena',<<waabandizo>>dogena',GUESS,waabandizowidogenan,<<waabandizo>>widogenan,JDN-2010-MS-VAI-p15,waabandizowidogena',<<waabandizo>>widogena',JDN-2010-MS-VAI-p15
VAI,Ind,VAI_rfx,waabandizo,waabandizo,NONE,3PlProxSubj,NONE,Dub,Pos,waabandizowidogenag,<<waabandizo>>widogenag,JDN-2010-MS-VAI-p15,waabandizodogenag,<<waabandizo>>dogenag,JDN-2010-MS-VAI-p15,,,
VAI,Ind,VAI_rfx,waabandizo,waabandizo,NONE,3SgObvSubj,NONE,Dub,Pos,waabandizowidogenan,<<waabandizo>>widogenan,JDN-2010-MS-VAI-p15,waabandizodogenan,<<waabandizo>>dogenan,JDN-2010-MS-VAI-p15,,,
VAI,Ind,VAI_rfx,waabandizo,waabandizo,NONE,3SgProxSubj,NONE,Dub,Pos,waabandizowidog,<<waabandizo>>widog,JDN-2010-MS-VAI-p15,waabandizodog,<<waabandizo>>dog,JDN-2010-MS-VAI-p15,,,
VAI,Ind,VAI_rfx,waabandizo,waabandizo,NONE,ExclSubj,NONE,Dub,Pos,niwaabandizominaadog,ni<<waabandizo>>minaadog,JDN-2010-MS-VAI-p15,,,,,,
VAI,Ind,VAI_rfx,waabandizo,waabandizo,NONE,InclSubj,NONE,Dub,Pos,giwaabandizominaadog,gi<<waabandizo>>minaadog,JDN-2010-MS-VAI-p15,,,,,,
VAI,Ind,VAI_rfx,waabandizo,waabandizo,NONE,1SgSubj,NONE,Dub,Neg,niwaabandizosiinaadog,ni<<waabandizo>>siinaadog,JDN-2010-MS-VAI-p16,,,,,,
VAI,Ind,VAI_rfx,waabandizo,waabandizo,NONE,2PlSubj,NONE,Dub,Neg,giwaabandizosiimwaadog,gi<<waabandizo>>siimwaadog,JDN-2010-MS-VAI-p16,,,,,,
VAI,Ind,VAI_rfx,waabandizo,waabandizo,NONE,2SgSubj,NONE,Dub,Neg,giwaabandizosiinaadog,gi<<waabandizo>>siinaadog,JDN-2010-MS-VAI-p16,,,,,,
VAI,Ind,VAI_rfx,waabandizo,waabandizo,NONE,3PlObvSubj,NONE,Dub,Neg,waabandizosiidogena',<<waabandizo>>siidogena',GUESS,waabandizosiidogenan,<<waabandizo>>siidogenan,JDN-2010-MS-VAI-p16,,,
VAI,Ind,VAI_rfx,waabandizo,waabandizo,NONE,3PlProxSubj,NONE,Dub,Neg,waabandizosiidogenag,<<waabandizo>>siidogenag,JDN-2010-MS-VAI-p16,,,,,,
VAI,Ind,VAI_rfx,waabandizo,waabandizo,NONE,3SgObvSubj,NONE,Dub,Neg,waabandizosiidogenan,<<waabandizo>>siidogenan,JDN-2010-MS-VAI-p16,,,,,,
VAI,Ind,VAI_rfx,waabandizo,waabandizo,NONE,3SgProxSubj,NONE,Dub,Neg,waabandizosiidog,<<waabandizo>>siidog,JDN-2010-MS-VAI-p16,,,,,,
VAI,Ind,VAI_rfx,waabandizo,waabandizo,NONE,ExclSubj,NONE,Dub,Neg,niwaabandizosiiminaadog,ni<<waabandizo>>siiminaadog,JDN-2010-MS-VAI-p16,,,,,,
VAI,Ind,VAI_rfx,waabandizo,waabandizo,NONE,InclSubj,NONE,Dub,Neg,giwaabandizosiiminaadog,gi<<waabandizo>>siiminaadog,JDN-2010-MS-VAI-p16,,,,,,
VAI,Ind,VAI_rfx,waabandizo,waabandizo,NONE,1SgSubj,NONE,DubPrt,Pos,MISSING,,,,,,,,
VAI,Ind,VAI_rfx,waabandizo,waabandizo,NONE,2PlSubj,NONE,DubPrt,Pos,MISSING,,,,,,,,
VAI,Ind,VAI_rfx,waabandizo,waabandizo,NONE,2SgSubj,NONE,DubPrt,Pos,MISSING,,,,,,,,
VAI,Ind,VAI_rfx,waabandizo,waabandizo,NONE,3PlObvSubj,NONE,DubPrt,Pos,MISSING,,,,,,,,
VAI,Ind,VAI_rfx,waabandizo,waabandizo,NONE,3PlProxSubj,NONE,DubPrt,Pos,waabandizogwaaban,<<waabandizo>>gwaaban,JDN-2010-MS-VAI-p19,,,,,,
VAI,Ind,VAI_rfx,waabandizo,waabandizo,NONE,3SgObvSubj,NONE,DubPrt,Pos,waabandizonigoban,<<waabandizo>>nigoban,JDN-2010-MS-VAI-p19,,,,,,
VAI,Ind,VAI_rfx,waabandizo,waabandizo,NONE,3SgProxSubj,NONE,DubPrt,Pos,waabandizogoban,<<waabandizo>>goban,JDN-2010-MS-VAI-p19,,,,,,
VAI,Ind,VAI_rfx,waabandizo,waabandizo,NONE,ExclSubj,NONE,DubPrt,Pos,MISSING,,,,,,,,
VAI,Ind,VAI_rfx,waabandizo,waabandizo,NONE,InclSubj,NONE,DubPrt,Pos,MISSING,,,,,,,,
VAI,Ind,VAI_rfx,waabandizo,waabandizo,NONE,1SgSubj,NONE,DubPrt,Neg,MISSING,,,,,,,,
VAI,Ind,VAI_rfx,waabandizo,waabandizo,NONE,2PlSubj,NONE,DubPrt,Neg,MISSING,,,,,,,,
VAI,Ind,VAI_rfx,waabandizo,waabandizo,NONE,2SgSubj,NONE,DubPrt,Neg,MISSING,,,,,,,,
VAI,Ind,VAI_rfx,waabandizo,waabandizo,NONE,3PlObvSubj,NONE,DubPrt,Neg,MISSING,,,,,,,,
VAI,Ind,VAI_rfx,waabandizo,waabandizo,NONE,3PlProxSubj,NONE,DubPrt,Neg,waabandizosiigwaaban,<<waabandizo>>siigwaaban,JDN-2010-MS-VAI-p20,,,,,,
VAI,Ind,VAI_rfx,waabandizo,waabandizo,NONE,3SgObvSubj,NONE,DubPrt,Neg,waabandizosiinigoban,<<waabandizo>>siinigoban,JDN-2010-MS-VAI-p20,,,,,,
VAI,Ind,VAI_rfx,waabandizo,waabandizo,NONE,3SgProxSubj,NONE,DubPrt,Neg,waabandizosiigoban,<<waabandizo>>siigoban,JDN-2010-MS-VAI-p20,,,,,,
VAI,Ind,VAI_rfx,waabandizo,waabandizo,NONE,ExclSubj,NONE,DubPrt,Neg,MISSING,,,,,,,,
VAI,Ind,VAI_rfx,waabandizo,waabandizo,NONE,InclSubj,NONE,DubPrt,Neg,MISSING,,,,,,,,
VAI,Cnj,VAI_rcp,waabandiwag,waabandi,NONE,2PlSubj,NONE,Dub,Neg,waabandisiiwegwen,<<waabandi>>siiwegwen,JDN-2010-MS-VAI-p32,,,,,,
VAI,Cnj,VAI_rcp,waabandiwag,waabandi,NONE,2PlSubj,NONE,Dub,Pos,waabandiwegwen,<<waabandi>>wegwen,JDN-2010-MS-VAI-p31,,,,,,
VAI,Cnj,VAI_rcp,waabandiwag,waabandi,NONE,2PlSubj,NONE,DubPrt,Neg,waabandisiiwegibanen,<<waabandi>>siiwegibanen,JDN-2010-MS-VAI-p36,,,,,,
VAI,Cnj,VAI_rcp,waabandiwag,waabandi,NONE,2PlSubj,NONE,DubPrt,Pos,waabandiwegibanen,<<waabandi>>wegibanen,JDN-2010-MS-VAI-p35,,,,,,
VAI,Cnj,VAI_rcp,waabandiwag,waabandi,NONE,2PlSubj,NONE,Prt,Neg,waabandisiwegiban,<<waabandi>>siwegiban,JDN-2010-MS-VAI-p28,,,,,,
VAI,Cnj,VAI_rcp,waabandiwag,waabandi,NONE,2PlSubj,NONE,Prt,Pos,waabandiyegiban,<<waabandi>>yegiban,JDN-2010-MS-VAI-p27,,,,,,
VAI,Ind,VAI_rcp,waabandiwag,waabandi,NONE,2PlSubj,NONE,Prt,Pos,giwaabandimwaaban,gi<<waabandi>>mwaaban,JDN-2010-MS-VAI-p11,,,,,,
VAI,Ind,VAI_rcp,waabandiwag,waabandi,NONE,2PlSubj,NONE,Prt,Neg,giwaabandisiimwaaban,gi<<waabandi>>siimwaaban,JDN-2010-MS-VAI-p12,,,,,,
VAI,Ind,VAI_rcp,waabandiwag,waabandi,NONE,2PlSubj,NONE,Dub,Pos,giwaabandimwaadog,gi<<waabandi>>mwaadog,JDN-2010-MS-VAI-p15,,,,,,
VAI,Ind,VAI_rcp,waabandiwag,waabandi,NONE,2PlSubj,NONE,Dub,Neg,giwaabandisiimwaadog,gi<<waabandi>>siimwaadog,JDN-2010-MS-VAI-p16,,,,,,
VAI,Ind,VAI_rcp,waabandiwag,waabandi,NONE,2PlSubj,NONE,DubPrt,Pos,MISSING,,,,,,,,
VAI,Ind,VAI_rcp,waabandiwag,waabandi,NONE,2PlSubj,NONE,DubPrt,Neg,MISSING,,,,,,,,
VAI,Cnj,VAI_rcp,waabandiwag,waabandi,NONE,3PlObvSubj,NONE,Dub,Neg,waabandisiinigwen,<<waabandi>>siinigwen,JDN-2010-MS-VAI-p32,,,,,,
VAI,Cnj,VAI_rcp,waabandiwag,waabandi,NONE,3PlObvSubj,NONE,Dub,Pos,waabandinigwen,<<waabandi>>nigwen,JDN-2010-MS-VAI-p31,,,,,,
VAI,Cnj,VAI_rcp,waabandiwag,waabandi,NONE,3PlObvSubj,NONE,DubPrt,Neg,waabandisiinigobanen,<<waabandi>>siinigobanen,JDN-2010-MS-VAI-p36,,,,,,
VAI,Cnj,VAI_rcp,waabandiwag,waabandi,NONE,3PlObvSubj,NONE,DubPrt,Pos,waabandinigobanen,<<waabandi>>nigobanen,JDN-2010-MS-VAI-p35,,,,,,
VAI,Cnj,VAI_rcp,waabandiwag,waabandi,NONE,3PlObvSubj,NONE,Prt,Neg,waabandisinigoban,<<waabandi>>sinigoban,JDN-2010-MS-VAI-p28,,,,,,
VAI,Cnj,VAI_rcp,waabandiwag,waabandi,NONE,3PlObvSubj,NONE,Prt,Pos,waabandinipan,<<waabandi>>nipan,JDN-2010-MS-VAI-p27,,,,,,
VAI,Ind,VAI_rcp,waabandiwag,waabandi,NONE,3PlObvSubj,NONE,Prt,Pos,waabandiibanii',<<waabandi>>V1banii',GUESS,waabandiibaniin,<<waabandi>>V1baniin,JDN-2010-MS-VAI-p11,waabandiibanen,<<waabandi>>V1banen,JDN-2010-MS-VAI-p11
VAI,Ind,VAI_rcp,waabandiwag,waabandi,NONE,3PlObvSubj,NONE,Prt,Neg,waabandisiibanii',<<waabandi>>siibanii',GUESS,waabandisiibaniin,<<waabandi>>siibaniin,JDN-2010-MS-VAI-p12,waabandisiibanen,<<waabandi>>siibanen,JDN-2010-MS-VAI-p12
VAI,Ind,VAI_rcp,waabandiwag,waabandi,NONE,3PlObvSubj,NONE,Dub,Pos,waabandidogena',<<waabandi>>dogena',GUESS,waabandiwidogenan,<<waabandi>>widogenan,JDN-2010-MS-VAI-p15,waabandiwidogena',<<waabandi>>widogena',JDN-2010-MS-VAI-p15
VAI,Ind,VAI_rcp,waabandiwag,waabandi,NONE,3PlObvSubj,NONE,Dub,Neg,waabandisiidogena',<<waabandi>>siidogena',GUESS,waabandisiidogenan,<<waabandi>>siidogenan,JDN-2010-MS-VAI-p16,,,
VAI,Ind,VAI_rcp,waabandiwag,waabandi,NONE,3PlObvSubj,NONE,DubPrt,Pos,MISSING,,,,,,,,
VAI,Ind,VAI_rcp,waabandiwag,waabandi,NONE,3PlObvSubj,NONE,DubPrt,Neg,MISSING,,,,,,,,
VAI,Cnj,VAI_rcp,waabandiwag,waabandi,NONE,3PlProxSubj,NONE,Dub,Neg,waabandisiiwaagwen,<<waabandi>>siiwaagwen,JDN-2010-MS-VAI-p32,,,,,,
VAI,Cnj,VAI_rcp,waabandiwag,waabandi,NONE,3PlProxSubj,NONE,Dub,Pos,waabandiwaagwen,<<waabandi>>waagwen,JDN-2010-MS-VAI-p31,,,,,,
VAI,Cnj,VAI_rcp,waabandiwag,waabandi,NONE,3PlProxSubj,NONE,DubPrt,Neg,waabandisiiwaagobanen,<<waabandi>>siiwaagobanen,JDN-2010-MS-VAI-p36,,,,,,
VAI,Cnj,VAI_rcp,waabandiwag,waabandi,NONE,3PlProxSubj,NONE,DubPrt,Pos,waabandiwaagobanen,<<waabandi>>waagobanen,JDN-2010-MS-VAI-p35,,,,,,
VAI,Cnj,VAI_rcp,waabandiwag,waabandi,NONE,3PlProxSubj,NONE,Prt,Neg,waabandisigwaaban,<<waabandi>>sigwaaban,JDN-2010-MS-VAI-p28,,,,,,
VAI,Cnj,VAI_rcp,waabandiwag,waabandi,NONE,3PlProxSubj,NONE,Prt,Pos,waabandiwaapan,<<waabandi>>waapan,JDN-2010-MS-VAI-p27,,,,,,
VAI,Ind,VAI_rcp,waabandiwag,waabandi,NONE,3PlProxSubj,NONE,Prt,Pos,waabandiibaniig,<<waabandi>>V1baniig,JDN-2010-MS-VAI-p11,,,,waabandiibaneg,<<waabandi>>V1baneg,JDN-2010-MS-VAI-p11
VAI,Ind,VAI_rcp,waabandiwag,waabandi,NONE,3PlProxSubj,NONE,Prt,Neg,waabandisiibaniig,<<waabandi>>siibaniig,JDN-2010-MS-VAI-p12,,,,waabandisiibaneg,<<waabandi>>siibaneg,JDN-2010-MS-VAI-p12
VAI,Ind,VAI_rcp,waabandiwag,waabandi,NONE,3PlProxSubj,NONE,Dub,Pos,waabandiwidogenag,<<waabandi>>widogenag,JDN-2010-MS-VAI-p15,waabandidogenag,<<waabandi>>dogenag,JDN-2010-MS-VAI-p15,,,
VAI,Ind,VAI_rcp,waabandiwag,waabandi,NONE,3PlProxSubj,NONE,Dub,Neg,waabandisiidogenag,<<waabandi>>siidogenag,JDN-2010-MS-VAI-p16,,,,,,
VAI,Ind,VAI_rcp,waabandiwag,waabandi,NONE,3PlProxSubj,NONE,DubPrt,Pos,waabandigwaaban,<<waabandi>>gwaaban,JDN-2010-MS-VAI-p19,,,,,,
VAI,Ind,VAI_rcp,waabandiwag,waabandi,NONE,3PlProxSubj,NONE,DubPrt,Neg,waabandisiigwaaban,<<waabandi>>siigwaaban,JDN-2010-MS-VAI-p20,,,,,,
VAI,Cnj,VAI_rcp,waabandiwag,waabandi,NONE,ExclSubj,NONE,Dub,Neg,waabandisiiwaangen,<<waabandi>>siiwaangen,JDN-2010-MS-VAI-p32,,,,,,
VAI,Cnj,VAI_rcp,waabandiwag,waabandi,NONE,ExclSubj,NONE,Dub,Pos,waabandiwaangen,<<waabandi>>waangen,JDN-2010-MS-VAI-p31,,,,,,
VAI,Cnj,VAI_rcp,waabandiwag,waabandi,NONE,ExclSubj,NONE,DubPrt,Neg,waabandisiiwaangibanen,<<waabandi>>siiwaangibanen,JDN-2010-MS-VAI-p36,,,,,,
VAI,Cnj,VAI_rcp,waabandiwag,waabandi,NONE,ExclSubj,NONE,DubPrt,Pos,waabandiwaangibanen,<<waabandi>>waangibanen,JDN-2010-MS-VAI-p35,,,,,,
VAI,Cnj,VAI_rcp,waabandiwag,waabandi,NONE,ExclSubj,NONE,Prt,Neg,waabandisiwaangiban,<<waabandi>>siwaangiban,JDN-2010-MS-VAI-p28,,,,,,
VAI,Cnj,VAI_rcp,waabandiwag,waabandi,NONE,ExclSubj,NONE,Prt,Pos,waabandiyaangiban,<<waabandi>>yaangiban,JDN-2010-MS-VAI-p27,,,,,,
VAI,Ind,VAI_rcp,waabandiwag,waabandi,NONE,ExclSubj,NONE,Prt,Pos,niwaabandiminaaban,ni<<waabandi>>minaaban,JDN-2010-MS-VAI-p11,,,,,,
VAI,Ind,VAI_rcp,waabandiwag,waabandi,NONE,ExclSubj,NONE,Prt,Neg,niwaabandisiiminaaban,ni<<waabandi>>siiminaaban,JDN-2010-MS-VAI-p12,,,,,,
VAI,Ind,VAI_rcp,waabandiwag,waabandi,NONE,ExclSubj,NONE,Dub,Pos,niwaabandiminaadog,ni<<waabandi>>minaadog,JDN-2010-MS-VAI-p15,,,,,,
VAI,Ind,VAI_rcp,waabandiwag,waabandi,NONE,ExclSubj,NONE,Dub,Neg,niwaabandisiiminaadog,ni<<waabandi>>siiminaadog,JDN-2010-MS-VAI-p16,,,,,,
VAI,Ind,VAI_rcp,waabandiwag,waabandi,NONE,ExclSubj,NONE,DubPrt,Pos,MISSING,,,,,,,,
VAI,Ind,VAI_rcp,waabandiwag,waabandi,NONE,ExclSubj,NONE,DubPrt,Neg,MISSING,,,,,,,,
VAI,Cnj,VAI_rcp,waabandiwag,waabandi,NONE,InclSubj,NONE,Dub,Neg,waabandisiiwangen,<<waabandi>>siiwangen,JDN-2010-MS-VAI-p32,,,,,,
VAI,Cnj,VAI_rcp,waabandiwag,waabandi,NONE,InclSubj,NONE,Dub,Pos,waabandiwangen,<<waabandi>>wangen,JDN-2010-MS-VAI-p31,,,,,,
VAI,Cnj,VAI_rcp,waabandiwag,waabandi,NONE,InclSubj,NONE,DubPrt,Neg,waabandisiiwangibanen,<<waabandi>>siiwangibanen,JDN-2010-MS-VAI-p36,,,,,,
VAI,Cnj,VAI_rcp,waabandiwag,waabandi,NONE,InclSubj,NONE,DubPrt,Pos,waabandiwangibanen,<<waabandi>>wangibanen,JDN-2010-MS-VAI-p35,,,,,,
VAI,Cnj,VAI_rcp,waabandiwag,waabandi,NONE,InclSubj,NONE,Prt,Neg,waabandisiwangiban,<<waabandi>>siwangiban,JDN-2010-MS-VAI-p28,,,,,,
VAI,Cnj,VAI_rcp,waabandiwag,waabandi,NONE,InclSubj,NONE,Prt,Pos,waabandiyangiban,<<waabandi>>yangiban,JDN-2010-MS-VAI-p27,,,,,,
VAI,Ind,VAI_rcp,waabandiwag,waabandi,NONE,InclSubj,NONE,Prt,Pos,giwaabandiminaaban,gi<<waabandi>>minaaban,JDN-2010-MS-VAI-p11,,,,,,
VAI,Ind,VAI_rcp,waabandiwag,waabandi,NONE,InclSubj,NONE,Prt,Neg,giwaabandisiiminaaban,gi<<waabandi>>siiminaaban,JDN-2010-MS-VAI-p12,,,,,,
VAI,Ind,VAI_rcp,waabandiwag,waabandi,NONE,InclSubj,NONE,Dub,Pos,giwaabandiminaadog,gi<<waabandi>>minaadog,JDN-2010-MS-VAI-p15,,,,,,
VAI,Ind,VAI_rcp,waabandiwag,waabandi,NONE,InclSubj,NONE,Dub,Neg,giwaabandisiiminaadog,gi<<waabandi>>siiminaadog,JDN-2010-MS-VAI-p16,,,,,,
VAI,Ind,VAI_rcp,waabandiwag,waabandi,NONE,InclSubj,NONE,DubPrt,Pos,MISSING,,,,,,,,
VAI,Ind,VAI_rcp,waabandiwag,waabandi,NONE,InclSubj,NONE,DubPrt,Neg,MISSING,,,,,,,,