Paradigm,Order,Class,Lemma,Stem,Subject,Object,Mode,Negation,Form1Surface,Form1Split,Form1Source,Form2Surface,Form2Split,Form2Source,,,
VAI_Pl,Cnj,VAI_VV,okogewag,okoge,2PlSubj,NONE,Dub,Neg,okogesiiwegwen,<<okoge>>siiwegwen,JDN-2010-MS-VAI-p32,,,,,,
VAI_Pl,Cnj,VAI_VV,okogewag,okoge,2PlSubj,NONE,Dub,Pos,okogewegwen,<<okoge>>wegwen,JDN-2010-MS-VAI-p31,,,,,,
VAI_Pl,Cnj,VAI_VV,okogewag,okoge,2PlSubj,NONE,DubPrt,Neg,okogesiiwegibanen,<<okoge>>siiwegibanen,JDN-2010-MS-VAI-p36,,,,,,
VAI_Pl,Cnj,VAI_VV,okogewag,okoge,2PlSubj,NONE,DubPrt,Pos,okogewegibanen,<<okoge>>wegibanen,JDN-2010-MS-VAI-p35,,,,,,
VAI_Pl,Cnj,VAI_VV,okogewag,okoge,2PlSubj,NONE,Neu,Neg,okogesiweg,<<okoge>>siweg,JDN-2010-MS-VAI-p24,,,,,,
VAI_Pl,Cnj,VAI_VV,okogewag,okoge,2PlSubj,NONE,Neu,Pos,okogeyeg,<<okoge>>yeg,JDN-2010-MS-VAI-p23,,,,,,
VAI_Pl,Cnj,VAI_VV,okogewag,okoge,2PlSubj,NONE,Prt,Neg,okogesiwegiban,<<okoge>>siwegiban,JDN-2010-MS-VAI-p28,,,,,,
VAI_Pl,Cnj,VAI_VV,okogewag,okoge,2PlSubj,NONE,Prt,Pos,okogeyegiban,<<okoge>>yegiban,JDN-2010-MS-VAI-p27,,,,,,
VAI_Pl,Ind,VAI_VV,okogewag,okoge,2PlSubj,NONE,Neu,Pos,gidookogem,gi<<okoge>>m,JDN-2010-MS-VAI-p7,,,,,,
VAI_Pl,Ind,VAI_VV,okogewag,okoge,2PlSubj,NONE,Neu,Neg,gidookogesiim,gi<<okoge>>siim,JDN-2010-MS-VAI-p8,,,,,,
VAI_Pl,Ind,VAI_VV,okogewag,okoge,2PlSubj,NONE,Prt,Pos,gidookogemwaaban,gi<<okoge>>mwaaban,JDN-2010-MS-VAI-p11,,,,,,
VAI_Pl,Ind,VAI_VV,okogewag,okoge,2PlSubj,NONE,Prt,Neg,gidookogesiimwaaban,gi<<okoge>>siimwaaban,JDN-2010-MS-VAI-p12,,,,,,
VAI_Pl,Ind,VAI_VV,okogewag,okoge,2PlSubj,NONE,Dub,Pos,gidookogemwaadog,gi<<okoge>>mwaadog,JDN-2010-MS-VAI-p15,,,,,,
VAI_Pl,Ind,VAI_VV,okogewag,okoge,2PlSubj,NONE,Dub,Neg,gidookogesiimwaadog,gi<<okoge>>siimwaadog,JDN-2010-MS-VAI-p16,,,,,,
VAI_Pl,Ind,VAI_VV,okogewag,okoge,2PlSubj,NONE,DubPrt,Pos,MISSING,,,,,,,,
VAI_Pl,Ind,VAI_VV,okogewag,okoge,2PlSubj,NONE,DubPrt,Neg,MISSING,,,,,,,,
VAI_Pl,Cnj,VAI_VV,okogewag,okoge,3PlObvSubj,NONE,Dub,Neg,okogesiinigwen,<<okoge>>siinigwen,JDN-2010-MS-VAI-p32,,,,,,
VAI_Pl,Cnj,VAI_VV,okogewag,okoge,3PlObvSubj,NONE,Dub,Pos,okogenigwen,<<okoge>>nigwen,JDN-2010-MS-VAI-p31,,,,,,
VAI_Pl,Cnj,VAI_VV,okogewag,okoge,3PlObvSubj,NONE,DubPrt,Neg,okogesiinigobanen,<<okoge>>siinigobanen,JDN-2010-MS-VAI-p36,,,,,,
VAI_Pl,Cnj,VAI_VV,okogewag,okoge,3PlObvSubj,NONE,DubPrt,Pos,okogenigobanen,<<okoge>>nigobanen,JDN-2010-MS-VAI-p35,,,,,,
VAI_Pl,Cnj,VAI_VV,okogewag,okoge,3PlObvSubj,NONE,Neu,Neg,okogesinig,<<okoge>>sinig,JDN-2010-MS-VAI-p24,,,,,,
VAI_Pl,Cnj,VAI_VV,okogewag,okoge,3PlObvSubj,NONE,Neu,Pos,okogenid,<<okoge>>nid,JDN-2010-MS-VAI-p23,,,,,,
VAI_Pl,Cnj,VAI_VV,okogewag,okoge,3PlObvSubj,NONE,Prt,Neg,okogesinigoban,<<okoge>>sinigoban,JDN-2010-MS-VAI-p28,,,,,,
VAI_Pl,Cnj,VAI_VV,okogewag,okoge,3PlObvSubj,NONE,Prt,Pos,okogenipan,<<okoge>>nipan,JDN-2010-MS-VAI-p27,,,,,,
VAI_Pl,Ind,VAI_VV,okogewag,okoge,3PlObvSubj,NONE,Neu,Pos,okogewa',<<okoge>>wa',GUESS,okogewan,<<okoge>>wan,JDN-2010-MS-VAI-p7,,,
VAI_Pl,Ind,VAI_VV,okogewag,okoge,3PlObvSubj,NONE,Neu,Neg,okogesiiwa',<<okoge>>siiwa',GUESS,okogesiiwan,<<okoge>>siiwan,JDN-2010-MS-VAI-p8,,,
VAI_Pl,Ind,VAI_VV,okogewag,okoge,3PlObvSubj,NONE,Prt,Pos,okogebanii',<<okoge>>banii',GUESS,okogebaniin,<<okoge>>baniin,JDN-2010-MS-VAI-p11,okogebanen,<<okoge>>banen,JDN-2010-MS-VAI-p11
VAI_Pl,Ind,VAI_VV,okogewag,okoge,3PlObvSubj,NONE,Prt,Neg,okogesiibanii',<<okoge>>siibanii',GUESS,okogesiibaniin,<<okoge>>siibaniin,JDN-2010-MS-VAI-p12,okogesiibanen,<<okoge>>siibanen,JDN-2010-MS-VAI-p12
VAI_Pl,Ind,VAI_VV,okogewag,okoge,3PlObvSubj,NONE,Dub,Pos,okogedogena',<<okoge>>dogena',GUESS,okogedogenan,<<okoge>>dogenan,JDN-2010-MS-VAI-p15,,,
VAI_Pl,Ind,VAI_VV,okogewag,okoge,3PlObvSubj,NONE,Dub,Neg,okogesiidogena',<<okoge>>siidogena',GUESS,okogesiidogenan,<<okoge>>siidogenan,JDN-2010-MS-VAI-p16,,,
VAI_Pl,Ind,VAI_VV,okogewag,okoge,3PlObvSubj,NONE,DubPrt,Pos,MISSING,,,,,,,,
VAI_Pl,Ind,VAI_VV,okogewag,okoge,3PlObvSubj,NONE,DubPrt,Neg,MISSING,,,,,,,,
VAI_Pl,Cnj,VAI_VV,okogewag,okoge,3PlProxSubj,NONE,Dub,Neg,okogesiiwaagwen,<<okoge>>siiwaagwen,JDN-2010-MS-VAI-p32,,,,,,
VAI_Pl,Cnj,VAI_VV,okogewag,okoge,3PlProxSubj,NONE,Dub,Pos,okogewaagwen,<<okoge>>waagwen,JDN-2010-MS-VAI-p31,,,,,,
VAI_Pl,Cnj,VAI_VV,okogewag,okoge,3PlProxSubj,NONE,DubPrt,Neg,okogesiiwaagobanen,<<okoge>>siiwaagobanen,JDN-2010-MS-VAI-p36,,,,,,
VAI_Pl,Cnj,VAI_VV,okogewag,okoge,3PlProxSubj,NONE,DubPrt,Pos,okogewaagobanen,<<okoge>>waagobanen,JDN-2010-MS-VAI-p35,,,,,,
VAI_Pl,Cnj,VAI_VV,okogewag,okoge,3PlProxSubj,NONE,Neu,Neg,okogesigwaa,<<okoge>>sigwaa,JDN-2010-MS-VAI-p24,,,,,,
VAI_Pl,Cnj,VAI_VV,okogewag,okoge,3PlProxSubj,NONE,Neu,Pos,okogewaad,<<okoge>>waad,JDN-2010-MS-VAI-p23,,,,,,
VAI_Pl,Cnj,VAI_VV,okogewag,okoge,3PlProxSubj,NONE,Prt,Neg,okogesigwaaban,<<okoge>>sigwaaban,JDN-2010-MS-VAI-p28,,,,,,
VAI_Pl,Cnj,VAI_VV,okogewag,okoge,3PlProxSubj,NONE,Prt,Pos,okogewaapan,<<okoge>>waapan,JDN-2010-MS-VAI-p27,,,,,,
VAI_Pl,Ind,VAI_VV,okogewag,okoge,3PlProxSubj,NONE,Neu,Pos,okogewag,<<okoge>>wag,JDN-2010-MS-VAI-p7,,,,,,
VAI_Pl,Ind,VAI_VV,okogewag,okoge,3PlProxSubj,NONE,Neu,Neg,okogesiiwag,<<okoge>>siiwag,JDN-2010-MS-VAI-p8,,,,,,
VAI_Pl,Ind,VAI_VV,okogewag,okoge,3PlProxSubj,NONE,Prt,Pos,okogebaniig,<<okoge>>baniig,JDN-2010-MS-VAI-p11,,,,okogebaneg,<<okoge>>baneg,JDN-2010-MS-VAI-p11
VAI_Pl,Ind,VAI_VV,okogewag,okoge,3PlProxSubj,NONE,Prt,Neg,okogesiibaniig,<<okoge>>siibaniig,JDN-2010-MS-VAI-p12,,,,okogesiibaneg,<<okoge>>siibaneg,JDN-2010-MS-VAI-p12
VAI_Pl,Ind,VAI_VV,okogewag,okoge,3PlProxSubj,NONE,Dub,Pos,okogedogenag,<<okoge>>dogenag,JDN-2010-MS-VAI-p15,,,,,,
VAI_Pl,Ind,VAI_VV,okogewag,okoge,3PlProxSubj,NONE,Dub,Neg,okogesiidogenag,<<okoge>>siidogenag,JDN-2010-MS-VAI-p16,,,,,,
VAI_Pl,Ind,VAI_VV,okogewag,okoge,3PlProxSubj,NONE,DubPrt,Pos,okogegwaaban,<<okoge>>gwaaban,JDN-2010-MS-VAI-p19,,,,,,
VAI_Pl,Ind,VAI_VV,okogewag,okoge,3PlProxSubj,NONE,DubPrt,Neg,okogesiigwaaban,<<okoge>>siigwaaban,JDN-2010-MS-VAI-p20,,,,,,
VAI_Pl,Cnj,VAI_VV,okogewag,okoge,ExclSubj,NONE,Dub,Neg,okogesiiwaangen,<<okoge>>siiwaangen,JDN-2010-MS-VAI-p32,,,,,,
VAI_Pl,Cnj,VAI_VV,okogewag,okoge,ExclSubj,NONE,Dub,Pos,okogewaangen,<<okoge>>waangen,JDN-2010-MS-VAI-p31,,,,,,
VAI_Pl,Cnj,VAI_VV,okogewag,okoge,ExclSubj,NONE,DubPrt,Neg,okogesiiwaangibanen,<<okoge>>siiwaangibanen,JDN-2010-MS-VAI-p36,,,,,,
VAI_Pl,Cnj,VAI_VV,okogewag,okoge,ExclSubj,NONE,DubPrt,Pos,okogewaangibanen,<<okoge>>waangibanen,JDN-2010-MS-VAI-p35,,,,,,
VAI_Pl,Cnj,VAI_VV,okogewag,okoge,ExclSubj,NONE,Neu,Neg,okogesiwaang,<<okoge>>siwaang,JDN-2010-MS-VAI-p24,,,,,,
VAI_Pl,Cnj,VAI_VV,okogewag,okoge,ExclSubj,NONE,Neu,Pos,okogeyaang,<<okoge>>yaang,JDN-2010-MS-VAI-p23,,,,,,
VAI_Pl,Cnj,VAI_VV,okogewag,okoge,ExclSubj,NONE,Prt,Neg,okogesiwaangiban,<<okoge>>siwaangiban,JDN-2010-MS-VAI-p28,,,,,,
VAI_Pl,Cnj,VAI_VV,okogewag,okoge,ExclSubj,NONE,Prt,Pos,okogeyaangiban,<<okoge>>yaangiban,JDN-2010-MS-VAI-p27,,,,,,
VAI_Pl,Ind,VAI_VV,okogewag,okoge,ExclSubj,NONE,Neu,Pos,nindookogemin,ni<<okoge>>min,JDN-2010-MS-VAI-p7,,,,,,
VAI_Pl,Ind,VAI_VV,okogewag,okoge,ExclSubj,NONE,Neu,Neg,nindookogesiimin,ni<<okoge>>siimin,JDN-2010-MS-VAI-p8,,,,,,
VAI_Pl,Ind,VAI_VV,okogewag,okoge,ExclSubj,NONE,Prt,Pos,nindookogeminaaban,ni<<okoge>>minaaban,JDN-2010-MS-VAI-p11,,,,,,
VAI_Pl,Ind,VAI_VV,okogewag,okoge,ExclSubj,NONE,Prt,Neg,nindookogesiiminaaban,ni<<okoge>>siiminaaban,JDN-2010-MS-VAI-p12,,,,,,
VAI_Pl,Ind,VAI_VV,okogewag,okoge,ExclSubj,NONE,Dub,Pos,nindookogeminaadog,ni<<okoge>>minaadog,JDN-2010-MS-VAI-p15,,,,,,
VAI_Pl,Ind,VAI_VV,okogewag,okoge,ExclSubj,NONE,Dub,Neg,nindookogesiiminaadog,ni<<okoge>>siiminaadog,JDN-2010-MS-VAI-p16,,,,,,
VAI_Pl,Ind,VAI_VV,okogewag,okoge,ExclSubj,NONE,DubPrt,Pos,MISSING,,,,,,,,
VAI_Pl,Ind,VAI_VV,okogewag,okoge,ExclSubj,NONE,DubPrt,Neg,MISSING,,,,,,,,
VAI_Pl,Cnj,VAI_VV,okogewag,okoge,InclSubj,NONE,Dub,Neg,okogesiiwangen,<<okoge>>siiwangen,JDN-2010-MS-VAI-p32,,,,,,
VAI_Pl,Cnj,VAI_VV,okogewag,okoge,InclSubj,NONE,Dub,Pos,okogewangen,<<okoge>>wangen,JDN-2010-MS-VAI-p31,,,,,,
VAI_Pl,Cnj,VAI_VV,okogewag,okoge,InclSubj,NONE,DubPrt,Neg,okogesiiwangibanen,<<okoge>>siiwangibanen,JDN-2010-MS-VAI-p36,,,,,,
VAI_Pl,Cnj,VAI_VV,okogewag,okoge,InclSubj,NONE,DubPrt,Pos,okogewangibanen,<<okoge>>wangibanen,JDN-2010-MS-VAI-p35,,,,,,
VAI_Pl,Cnj,VAI_VV,okogewag,okoge,InclSubj,NONE,Neu,Neg,okogesiwang,<<okoge>>siwang,JDN-2010-MS-VAI-p24,,,,,,
VAI_Pl,Cnj,VAI_VV,okogewag,okoge,InclSubj,NONE,Neu,Pos,okogeyang,<<okoge>>yang,JDN-2010-MS-VAI-p23,,,,,,
VAI_Pl,Cnj,VAI_VV,okogewag,okoge,InclSubj,NONE,Prt,Neg,okogesiwangiban,<<okoge>>siwangiban,JDN-2010-MS-VAI-p28,,,,,,
VAI_Pl,Cnj,VAI_VV,okogewag,okoge,InclSubj,NONE,Prt,Pos,okogeyangiban,<<okoge>>yangiban,JDN-2010-MS-VAI-p27,,,,,,
VAI_Pl,Ind,VAI_VV,okogewag,okoge,InclSubj,NONE,Neu,Pos,gidookogemin,gi<<okoge>>min,JDN-2010-MS-VAI-p7,,,,,,
VAI_Pl,Ind,VAI_VV,okogewag,okoge,InclSubj,NONE,Neu,Neg,gidookogesiimin,gi<<okoge>>siimin,JDN-2010-MS-VAI-p8,,,,,,
VAI_Pl,Ind,VAI_VV,okogewag,okoge,InclSubj,NONE,Prt,Pos,gidookogeminaaban,gi<<okoge>>minaaban,JDN-2010-MS-VAI-p11,,,,,,
VAI_Pl,Ind,VAI_VV,okogewag,okoge,InclSubj,NONE,Prt,Neg,gidookogesiiminaaban,gi<<okoge>>siiminaaban,JDN-2010-MS-VAI-p12,,,,,,
VAI_Pl,Ind,VAI_VV,okogewag,okoge,InclSubj,NONE,Dub,Pos,gidookogeminaadog,gi<<okoge>>minaadog,JDN-2010-MS-VAI-p15,,,,,,
VAI_Pl,Ind,VAI_VV,okogewag,okoge,InclSubj,NONE,Dub,Neg,gidookogesiiminaadog,gi<<okoge>>siiminaadog,JDN-2010-MS-VAI-p16,,,,,,
VAI_Pl,Ind,VAI_VV,okogewag,okoge,InclSubj,NONE,DubPrt,Pos,MISSING,,,,,,,,
VAI_Pl,Ind,VAI_VV,okogewag,okoge,InclSubj,NONE,DubPrt,Neg,MISSING,,,,,,,,
VAI_Pl,Cnj,VAI_V,maamawoobiwag,maamawoobi,2PlSubj,NONE,Dub,Neg,maamawoobisiiwegwen,<<maamawoobi>>siiwegwen,JDN-2010-MS-VAI-p32,,,,,,
VAI_Pl,Cnj,VAI_V,maamawoobiwag,maamawoobi,2PlSubj,NONE,Dub,Pos,maamawoobiwegwen,<<maamawoobi>>wegwen,JDN-2010-MS-VAI-p31,,,,,,
VAI_Pl,Cnj,VAI_V,maamawoobiwag,maamawoobi,2PlSubj,NONE,DubPrt,Neg,maamawoobisiiwegibanen,<<maamawoobi>>siiwegibanen,JDN-2010-MS-VAI-p36,,,,,,
VAI_Pl,Cnj,VAI_V,maamawoobiwag,maamawoobi,2PlSubj,NONE,DubPrt,Pos,maamawoobiwegibanen,<<maamawoobi>>wegibanen,JDN-2010-MS-VAI-p35,,,,,,
VAI_Pl,Cnj,VAI_V,maamawoobiwag,maamawoobi,2PlSubj,NONE,Neu,Neg,maamawoobisiweg,<<maamawoobi>>siweg,JDN-2010-MS-VAI-p24,,,,,,
VAI_Pl,Cnj,VAI_V,maamawoobiwag,maamawoobi,2PlSubj,NONE,Neu,Pos,maamawoobiyeg,<<maamawoobi>>yeg,JDN-2010-MS-VAI-p23,,,,,,
VAI_Pl,Cnj,VAI_V,maamawoobiwag,maamawoobi,2PlSubj,NONE,Prt,Neg,maamawoobisiwegiban,<<maamawoobi>>siwegiban,JDN-2010-MS-VAI-p28,,,,,,
VAI_Pl,Cnj,VAI_V,maamawoobiwag,maamawoobi,2PlSubj,NONE,Prt,Pos,maamawoobiyegiban,<<maamawoobi>>yegiban,JDN-2010-MS-VAI-p27,,,,,,
VAI_Pl,Ind,VAI_V,maamawoobiwag,maamawoobi,2PlSubj,NONE,Neu,Pos,gimaamawoobim,gi<<maamawoobi>>m,JDN-2010-MS-VAI-p7,,,,,,
VAI_Pl,Ind,VAI_V,maamawoobiwag,maamawoobi,2PlSubj,NONE,Neu,Neg,gimaamawoobisiim,gi<<maamawoobi>>siim,JDN-2010-MS-VAI-p8,,,,,,
VAI_Pl,Ind,VAI_V,maamawoobiwag,maamawoobi,2PlSubj,NONE,Prt,Pos,gimaamawoobimwaaban,gi<<maamawoobi>>mwaaban,JDN-2010-MS-VAI-p11,,,,,,
VAI_Pl,Ind,VAI_V,maamawoobiwag,maamawoobi,2PlSubj,NONE,Prt,Neg,gimaamawoobisiimwaaban,gi<<maamawoobi>>siimwaaban,JDN-2010-MS-VAI-p12,,,,,,
VAI_Pl,Ind,VAI_V,maamawoobiwag,maamawoobi,2PlSubj,NONE,Dub,Pos,gimaamawoobimwaadog,gi<<maamawoobi>>mwaadog,JDN-2010-MS-VAI-p15,,,,,,
VAI_Pl,Ind,VAI_V,maamawoobiwag,maamawoobi,2PlSubj,NONE,Dub,Neg,gimaamawoobisiimwaadog,gi<<maamawoobi>>siimwaadog,JDN-2010-MS-VAI-p16,,,,,,
VAI_Pl,Ind,VAI_V,maamawoobiwag,maamawoobi,2PlSubj,NONE,DubPrt,Pos,MISSING,,,,,,,,
VAI_Pl,Ind,VAI_V,maamawoobiwag,maamawoobi,2PlSubj,NONE,DubPrt,Neg,MISSING,,,,,,,,
VAI_Pl,Cnj,VAI_V,maamawoobiwag,maamawoobi,3PlObvSubj,NONE,Dub,Neg,maamawoobisiinigwen,<<maamawoobi>>siinigwen,JDN-2010-MS-VAI-p32,,,,,,
VAI_Pl,Cnj,VAI_V,maamawoobiwag,maamawoobi,3PlObvSubj,NONE,Dub,Pos,maamawoobinigwen,<<maamawoobi>>nigwen,JDN-2010-MS-VAI-p31,,,,,,
VAI_Pl,Cnj,VAI_V,maamawoobiwag,maamawoobi,3PlObvSubj,NONE,DubPrt,Neg,maamawoobisiinigobanen,<<maamawoobi>>siinigobanen,JDN-2010-MS-VAI-p36,,,,,,
VAI_Pl,Cnj,VAI_V,maamawoobiwag,maamawoobi,3PlObvSubj,NONE,DubPrt,Pos,maamawoobinigobanen,<<maamawoobi>>nigobanen,JDN-2010-MS-VAI-p35,,,,,,
VAI_Pl,Cnj,VAI_V,maamawoobiwag,maamawoobi,3PlObvSubj,NONE,Neu,Neg,maamawoobisinig,<<maamawoobi>>sinig,JDN-2010-MS-VAI-p24,,,,,,
VAI_Pl,Cnj,VAI_V,maamawoobiwag,maamawoobi,3PlObvSubj,NONE,Neu,Pos,maamawoobinid,<<maamawoobi>>nid,JDN-2010-MS-VAI-p23,,,,,,
VAI_Pl,Cnj,VAI_V,maamawoobiwag,maamawoobi,3PlObvSubj,NONE,Prt,Neg,maamawoobisinigoban,<<maamawoobi>>sinigoban,JDN-2010-MS-VAI-p28,,,,,,
VAI_Pl,Cnj,VAI_V,maamawoobiwag,maamawoobi,3PlObvSubj,NONE,Prt,Pos,maamawoobinipan,<<maamawoobi>>nipan,JDN-2010-MS-VAI-p27,,,,,,
VAI_Pl,Ind,VAI_V,maamawoobiwag,maamawoobi,3PlObvSubj,NONE,Neu,Pos,maamawoobiwa',<<maamawoobi>>wa',GUESS,maamawoobiwan,<<maamawoobi>>wan,JDN-2010-MS-VAI-p7,,,
VAI_Pl,Ind,VAI_V,maamawoobiwag,maamawoobi,3PlObvSubj,NONE,Neu,Neg,maamawoobisiiwa',<<maamawoobi>>siiwa',GUESS,maamawoobisiiwan,<<maamawoobi>>siiwan,JDN-2010-MS-VAI-p8,,,
VAI_Pl,Ind,VAI_V,maamawoobiwag,maamawoobi,3PlObvSubj,NONE,Prt,Pos,maamawoobiibanii',<<maamawoobi>>V1banii',GUESS,maamawoobiibaniin,<<maamawoobi>>V1baniin,JDN-2010-MS-VAI-p11,maamawoobiibanen,<<maamawoobi>>V1banen,JDN-2010-MS-VAI-p11
VAI_Pl,Ind,VAI_V,maamawoobiwag,maamawoobi,3PlObvSubj,NONE,Prt,Neg,maamawoobisiibanii',<<maamawoobi>>siibanii',GUESS,maamawoobisiibaniin,<<maamawoobi>>siibaniin,JDN-2010-MS-VAI-p12,maamawoobisiibanen,<<maamawoobi>>siibanen,JDN-2010-MS-VAI-p12
VAI_Pl,Ind,VAI_V,maamawoobiwag,maamawoobi,3PlObvSubj,NONE,Dub,Pos,maamawoobidogena',<<maamawoobi>>dogena',GUESS,maamawoobiwidogenan,<<maamawoobi>>widogenan,JDN-2010-MS-VAI-p15,maamawoobiwidogena',<<maamawoobi>>widogena',JDN-2010-MS-VAI-p15
VAI_Pl,Ind,VAI_V,maamawoobiwag,maamawoobi,3PlObvSubj,NONE,Dub,Neg,maamawoobisiidogena',<<maamawoobi>>siidogena',GUESS,maamawoobisiidogenan,<<maamawoobi>>siidogenan,JDN-2010-MS-VAI-p16,,,
VAI_Pl,Ind,VAI_V,maamawoobiwag,maamawoobi,3PlObvSubj,NONE,DubPrt,Pos,MISSING,,,,,,,,
VAI_Pl,Ind,VAI_V,maamawoobiwag,maamawoobi,3PlObvSubj,NONE,DubPrt,Neg,MISSING,,,,,,,,
VAI_Pl,Cnj,VAI_V,maamawoobiwag,maamawoobi,3PlProxSubj,NONE,Dub,Neg,maamawoobisiiwaagwen,<<maamawoobi>>siiwaagwen,JDN-2010-MS-VAI-p32,,,,,,
VAI_Pl,Cnj,VAI_V,maamawoobiwag,maamawoobi,3PlProxSubj,NONE,Dub,Pos,maamawoobiwaagwen,<<maamawoobi>>waagwen,JDN-2010-MS-VAI-p31,,,,,,
VAI_Pl,Cnj,VAI_V,maamawoobiwag,maamawoobi,3PlProxSubj,NONE,DubPrt,Neg,maamawoobisiiwaagobanen,<<maamawoobi>>siiwaagobanen,JDN-2010-MS-VAI-p36,,,,,,
VAI_Pl,Cnj,VAI_V,maamawoobiwag,maamawoobi,3PlProxSubj,NONE,DubPrt,Pos,maamawoobiwaagobanen,<<maamawoobi>>waagobanen,JDN-2010-MS-VAI-p35,,,,,,
VAI_Pl,Cnj,VAI_V,maamawoobiwag,maamawoobi,3PlProxSubj,NONE,Neu,Neg,maamawoobisigwaa,<<maamawoobi>>sigwaa,JDN-2010-MS-VAI-p24,,,,,,
VAI_Pl,Cnj,VAI_V,maamawoobiwag,maamawoobi,3PlProxSubj,NONE,Neu,Pos,maamawoobiwaad,<<maamawoobi>>waad,JDN-2010-MS-VAI-p23,,,,,,
VAI_Pl,Cnj,VAI_V,maamawoobiwag,maamawoobi,3PlProxSubj,NONE,Prt,Neg,maamawoobisigwaaban,<<maamawoobi>>sigwaaban,JDN-2010-MS-VAI-p28,,,,,,
VAI_Pl,Cnj,VAI_V,maamawoobiwag,maamawoobi,3PlProxSubj,NONE,Prt,Pos,maamawoobiwaapan,<<maamawoobi>>waapan,JDN-2010-MS-VAI-p27,,,,,,
VAI_Pl,Ind,VAI_V,maamawoobiwag,maamawoobi,3PlProxSubj,NONE,Neu,Pos,maamawoobiwag,<<maamawoobi>>wag,JDN-2010-MS-VAI-p7,,,,,,
VAI_Pl,Ind,VAI_V,maamawoobiwag,maamawoobi,3PlProxSubj,NONE,Neu,Neg,maamawoobisiiwag,<<maamawoobi>>siiwag,JDN-2010-MS-VAI-p8,,,,,,
VAI_Pl,Ind,VAI_V,maamawoobiwag,maamawoobi,3PlProxSubj,NONE,Prt,Pos,maamawoobiibaniig,<<maamawoobi>>V1baniig,JDN-2010-MS-VAI-p11,,,,maamawoobiibaneg,<<maamawoobi>>V1baneg,JDN-2010-MS-VAI-p11
VAI_Pl,Ind,VAI_V,maamawoobiwag,maamawoobi,3PlProxSubj,NONE,Prt,Neg,maamawoobisiibaniig,<<maamawoobi>>siibaniig,JDN-2010-MS-VAI-p12,,,,maamawoobisiibaneg,<<maamawoobi>>siibaneg,JDN-2010-MS-VAI-p12
VAI_Pl,Ind,VAI_V,maamawoobiwag,maamawoobi,3PlProxSubj,NONE,Dub,Pos,maamawoobiwidogenag,<<maamawoobi>>widogenag,JDN-2010-MS-VAI-p15,maamawoobidogenag,<<maamawoobi>>dogenag,JDN-2010-MS-VAI-p15,,,
VAI_Pl,Ind,VAI_V,maamawoobiwag,maamawoobi,3PlProxSubj,NONE,Dub,Neg,maamawoobisiidogenag,<<maamawoobi>>siidogenag,JDN-2010-MS-VAI-p16,,,,,,
VAI_Pl,Ind,VAI_V,maamawoobiwag,maamawoobi,3PlProxSubj,NONE,DubPrt,Pos,maamawoobigwaaban,<<maamawoobi>>gwaaban,JDN-2010-MS-VAI-p19,,,,,,
VAI_Pl,Ind,VAI_V,maamawoobiwag,maamawoobi,3PlProxSubj,NONE,DubPrt,Neg,maamawoobisiigwaaban,<<maamawoobi>>siigwaaban,JDN-2010-MS-VAI-p20,,,,,,
VAI_Pl,Cnj,VAI_V,maamawoobiwag,maamawoobi,ExclSubj,NONE,Dub,Neg,maamawoobisiiwaangen,<<maamawoobi>>siiwaangen,JDN-2010-MS-VAI-p32,,,,,,
VAI_Pl,Cnj,VAI_V,maamawoobiwag,maamawoobi,ExclSubj,NONE,Dub,Pos,maamawoobiwaangen,<<maamawoobi>>waangen,JDN-2010-MS-VAI-p31,,,,,,
VAI_Pl,Cnj,VAI_V,maamawoobiwag,maamawoobi,ExclSubj,NONE,DubPrt,Neg,maamawoobisiiwaangibanen,<<maamawoobi>>siiwaangibanen,JDN-2010-MS-VAI-p36,,,,,,
VAI_Pl,Cnj,VAI_V,maamawoobiwag,maamawoobi,ExclSubj,NONE,DubPrt,Pos,maamawoobiwaangibanen,<<maamawoobi>>waangibanen,JDN-2010-MS-VAI-p35,,,,,,
VAI_Pl,Cnj,VAI_V,maamawoobiwag,maamawoobi,ExclSubj,NONE,Neu,Neg,maamawoobisiwaang,<<maamawoobi>>siwaang,JDN-2010-MS-VAI-p24,,,,,,
VAI_Pl,Cnj,VAI_V,maamawoobiwag,maamawoobi,ExclSubj,NONE,Neu,Pos,maamawoobiyaang,<<maamawoobi>>yaang,JDN-2010-MS-VAI-p23,,,,,,
VAI_Pl,Cnj,VAI_V,maamawoobiwag,maamawoobi,ExclSubj,NONE,Prt,Neg,maamawoobisiwaangiban,<<maamawoobi>>siwaangiban,JDN-2010-MS-VAI-p28,,,,,,
VAI_Pl,Cnj,VAI_V,maamawoobiwag,maamawoobi,ExclSubj,NONE,Prt,Pos,maamawoobiyaangiban,<<maamawoobi>>yaangiban,JDN-2010-MS-VAI-p27,,,,,,
VAI_Pl,Ind,VAI_V,maamawoobiwag,maamawoobi,ExclSubj,NONE,Neu,Pos,nimaamawoobimin,ni<<maamawoobi>>min,JDN-2010-MS-VAI-p7,,,,,,
VAI_Pl,Ind,VAI_V,maamawoobiwag,maamawoobi,ExclSubj,NONE,Neu,Neg,nimaamawoobisiimin,ni<<maamawoobi>>siimin,JDN-2010-MS-VAI-p8,,,,,,
VAI_Pl,Ind,VAI_V,maamawoobiwag,maamawoobi,ExclSubj,NONE,Prt,Pos,nimaamawoobiminaaban,ni<<maamawoobi>>minaaban,JDN-2010-MS-VAI-p11,,,,,,
VAI_Pl,Ind,VAI_V,maamawoobiwag,maamawoobi,ExclSubj,NONE,Prt,Neg,nimaamawoobisiiminaaban,ni<<maamawoobi>>siiminaaban,JDN-2010-MS-VAI-p12,,,,,,
VAI_Pl,Ind,VAI_V,maamawoobiwag,maamawoobi,ExclSubj,NONE,Dub,Pos,nimaamawoobiminaadog,ni<<maamawoobi>>minaadog,JDN-2010-MS-VAI-p15,,,,,,
VAI_Pl,Ind,VAI_V,maamawoobiwag,maamawoobi,ExclSubj,NONE,Dub,Neg,nimaamawoobisiiminaadog,ni<<maamawoobi>>siiminaadog,JDN-2010-MS-VAI-p16,,,,,,
VAI_Pl,Ind,VAI_V,maamawoobiwag,maamawoobi,ExclSubj,NONE,DubPrt,Pos,MISSING,,,,,,,,
VAI_Pl,Ind,VAI_V,maamawoobiwag,maamawoobi,ExclSubj,NONE,DubPrt,Neg,MISSING,,,,,,,,
VAI_Pl,Cnj,VAI_V,maamawoobiwag,maamawoobi,InclSubj,NONE,Dub,Neg,maamawoobisiiwangen,<<maamawoobi>>siiwangen,JDN-2010-MS-VAI-p32,,,,,,
VAI_Pl,Cnj,VAI_V,maamawoobiwag,maamawoobi,InclSubj,NONE,Dub,Pos,maamawoobiwangen,<<maamawoobi>>wangen,JDN-2010-MS-VAI-p31,,,,,,
VAI_Pl,Cnj,VAI_V,maamawoobiwag,maamawoobi,InclSubj,NONE,DubPrt,Neg,maamawoobisiiwangibanen,<<maamawoobi>>siiwangibanen,JDN-2010-MS-VAI-p36,,,,,,
VAI_Pl,Cnj,VAI_V,maamawoobiwag,maamawoobi,InclSubj,NONE,DubPrt,Pos,maamawoobiwangibanen,<<maamawoobi>>wangibanen,JDN-2010-MS-VAI-p35,,,,,,
VAI_Pl,Cnj,VAI_V,maamawoobiwag,maamawoobi,InclSubj,NONE,Neu,Neg,maamawoobisiwang,<<maamawoobi>>siwang,JDN-2010-MS-VAI-p24,,,,,,
VAI_Pl,Cnj,VAI_V,maamawoobiwag,maamawoobi,InclSubj,NONE,Neu,Pos,maamawoobiyang,<<maamawoobi>>yang,JDN-2010-MS-VAI-p23,,,,,,
VAI_Pl,Cnj,VAI_V,maamawoobiwag,maamawoobi,InclSubj,NONE,Prt,Neg,maamawoobisiwangiban,<<maamawoobi>>siwangiban,JDN-2010-MS-VAI-p28,,,,,,
VAI_Pl,Cnj,VAI_V,maamawoobiwag,maamawoobi,InclSubj,NONE,Prt,Pos,maamawoobiyangiban,<<maamawoobi>>yangiban,JDN-2010-MS-VAI-p27,,,,,,
VAI_Pl,Ind,VAI_V,maamawoobiwag,maamawoobi,InclSubj,NONE,Neu,Pos,gimaamawoobimin,gi<<maamawoobi>>min,JDN-2010-MS-VAI-p7,,,,,,
VAI_Pl,Ind,VAI_V,maamawoobiwag,maamawoobi,InclSubj,NONE,Neu,Neg,gimaamawoobisiimin,gi<<maamawoobi>>siimin,JDN-2010-MS-VAI-p8,,,,,,
VAI_Pl,Ind,VAI_V,maamawoobiwag,maamawoobi,InclSubj,NONE,Prt,Pos,gimaamawoobiminaaban,gi<<maamawoobi>>minaaban,JDN-2010-MS-VAI-p11,,,,,,
VAI_Pl,Ind,VAI_V,maamawoobiwag,maamawoobi,InclSubj,NONE,Prt,Neg,gimaamawoobisiiminaaban,gi<<maamawoobi>>siiminaaban,JDN-2010-MS-VAI-p12,,,,,,
VAI_Pl,Ind,VAI_V,maamawoobiwag,maamawoobi,InclSubj,NONE,Dub,Pos,gimaamawoobiminaadog,gi<<maamawoobi>>minaadog,JDN-2010-MS-VAI-p15,,,,,,
VAI_Pl,Ind,VAI_V,maamawoobiwag,maamawoobi,InclSubj,NONE,Dub,Neg,gimaamawoobisiiminaadog,gi<<maamawoobi>>siiminaadog,JDN-2010-MS-VAI-p16,,,,,,
VAI_Pl,Ind,VAI_V,maamawoobiwag,maamawoobi,InclSubj,NONE,DubPrt,Pos,MISSING,,,,,,,,
VAI_Pl,Ind,VAI_V,maamawoobiwag,maamawoobi,InclSubj,NONE,DubPrt,Neg,MISSING,,,,,,,,
VAI_Pl,Cnj,VAI_n,okoshinoog,okoshin,2PlSubj,NONE,Dub,Neg,okoshinziiwegwen,<<okoshin>>ziiwegwen,JDN-2010-MS-VAI-p32,,,,,,
VAI_Pl,Cnj,VAI_n,okoshinoog,okoshin,2PlSubj,NONE,Dub,Pos,okoshinowegwen,<<okoshin>>owegwen,JDN-2010-MS-VAI-p31,,,,,,
VAI_Pl,Cnj,VAI_n,okoshinoog,okoshin,2PlSubj,NONE,DubPrt,Neg,okoshinziiwegibanen,<<okoshin>>ziiwegibanen,JDN-2010-MS-VAI-p36,,,,,,
VAI_Pl,Cnj,VAI_n,okoshinoog,okoshin,2PlSubj,NONE,DubPrt,Pos,okoshinowegibanen,<<okoshin>>owegibanen,JDN-2010-MS-VAI-p35,,,,,,
VAI_Pl,Cnj,VAI_n,okoshinoog,okoshin,2PlSubj,NONE,Neu,Neg,okoshinziweg,<<okoshin>>ziweg,JDN-2010-MS-VAI-p24,,,,,,
VAI_Pl,Cnj,VAI_n,okoshinoog,okoshin,2PlSubj,NONE,Neu,Pos,okoshineg,<<okoshin>>eg,JDN-2010-MS-VAI-p23,,,,,,
VAI_Pl,Cnj,VAI_n,okoshinoog,okoshin,2PlSubj,NONE,Prt,Neg,okoshinziwegiban,<<okoshin>>ziwegiban,JDN-2010-MS-VAI-p28,,,,,,
VAI_Pl,Cnj,VAI_n,okoshinoog,okoshin,2PlSubj,NONE,Prt,Pos,okoshinegoban,<<okoshin>>egoban,NJ-ngs-2023Aug18,okoshinegiban,<<okoshin>>egiban,JDN-2010-MS-VAI-p27,,,
VAI_Pl,Ind,VAI_n,okoshinoog,okoshin,2PlSubj,NONE,Neu,Pos,gidookoshinim,gi<<okoshin>>im,JDN-2010-MS-VAI-p7,,,,,,
VAI_Pl,Ind,VAI_n,okoshinoog,okoshin,2PlSubj,NONE,Neu,Neg,gidookoshinziim,gi<<okoshin>>ziim,JDN-2010-MS-VAI-p8,,,,,,
VAI_Pl,Ind,VAI_n,okoshinoog,okoshin,2PlSubj,NONE,Prt,Pos,gidookoshinimwaaban,gi<<okoshin>>imwaaban,JDN-2010-MS-VAI-p11,,,,,,
VAI_Pl,Ind,VAI_n,okoshinoog,okoshin,2PlSubj,NONE,Prt,Neg,gidookoshinziimwaaban,gi<<okoshin>>ziimwaaban,JDN-2010-MS-VAI-p12,,,,,,
VAI_Pl,Ind,VAI_n,okoshinoog,okoshin,2PlSubj,NONE,Dub,Pos,gidookoshinimwaadog,gi<<okoshin>>imwaadog,JDN-2010-MS-VAI-p15,,,,,,
VAI_Pl,Ind,VAI_n,okoshinoog,okoshin,2PlSubj,NONE,Dub,Neg,gidookoshinziimwaadog,gi<<okoshin>>ziimwaadog,JDN-2010-MS-VAI-p16,,,,,,
VAI_Pl,Ind,VAI_n,okoshinoog,okoshin,2PlSubj,NONE,DubPrt,Pos,MISSING,,,,,,,,
VAI_Pl,Ind,VAI_n,okoshinoog,okoshin,2PlSubj,NONE,DubPrt,Neg,MISSING,,,,,,,,
VAI_Pl,Cnj,VAI_n,okoshinoog,okoshin,3PlObvSubj,NONE,Dub,Neg,okoshinziinigwen,<<okoshin>>ziinigwen,JDN-2010-MS-VAI-p32,,,,,,
VAI_Pl,Cnj,VAI_n,okoshinoog,okoshin,3PlObvSubj,NONE,Dub,Pos,okoshininigwen,<<okoshin>>inigwen,JDN-2010-MS-VAI-p31,,,,,,
VAI_Pl,Cnj,VAI_n,okoshinoog,okoshin,3PlObvSubj,NONE,DubPrt,Neg,okoshinziinigobanen,<<okoshin>>ziinigobanen,JDN-2010-MS-VAI-p36,,,,,,
VAI_Pl,Cnj,VAI_n,okoshinoog,okoshin,3PlObvSubj,NONE,DubPrt,Pos,okoshininigobanen,<<okoshin>>inigobanen,JDN-2010-MS-VAI-p35,,,,,,
VAI_Pl,Cnj,VAI_n,okoshinoog,okoshin,3PlObvSubj,NONE,Neu,Neg,okoshinzinid,<<okoshin>>zinid,NJ-ngs-2023Aug18,okoshinzinig,<<okoshin>>zinig,JDN-2010-MS-VAI-p24,,,
VAI_Pl,Cnj,VAI_n,okoshinoog,okoshin,3PlObvSubj,NONE,Neu,Pos,okoshininid,<<okoshin>>inid,JDN-2010-MS-VAI-p23,,,,,,
VAI_Pl,Cnj,VAI_n,okoshinoog,okoshin,3PlObvSubj,NONE,Prt,Neg,okoshinzinigoban,<<okoshin>>zinigoban,JDN-2010-MS-VAI-p28,,,,,,
VAI_Pl,Cnj,VAI_n,okoshinoog,okoshin,3PlObvSubj,NONE,Prt,Pos,okoshininipan,<<okoshin>>inipan,JDN-2010-MS-VAI-p27,,,,,,
VAI_Pl,Ind,VAI_n,okoshinoog,okoshin,3PlObvSubj,NONE,Neu,Pos,okoshinoo',<<okoshin>>oo',GUESS,okoshinoon,<<okoshin>>oon,JDN-2010-MS-VAI-p7,,,
VAI_Pl,Ind,VAI_n,okoshinoog,okoshin,3PlObvSubj,NONE,Neu,Neg,okoshinziiwa',<<okoshin>>ziiwa',GUESS,okoshinziiwan,<<okoshin>>ziiwan,JDN-2010-MS-VAI-p8,,,
VAI_Pl,Ind,VAI_n,okoshinoog,okoshin,3PlObvSubj,NONE,Prt,Pos,okoshinoobanii',<<okoshin>>oobanii',GUESS,okoshinoobaniin,<<okoshin>>oobaniin,JDN-2010-MS-VAI-p11,okoshinoobanen,<<okoshin>>oobanen,JDN-2010-MS-VAI-p11
VAI_Pl,Ind,VAI_n,okoshinoog,okoshin,3PlObvSubj,NONE,Prt,Neg,okoshinziibanii',<<okoshin>>ziibanii',GUESS,okoshinziibaniin,<<okoshin>>ziibaniin,JDN-2010-MS-VAI-p12,okoshinziibanen,<<okoshin>>ziibanen,JDN-2010-MS-VAI-p12
VAI_Pl,Ind,VAI_n,okoshinoog,okoshin,3PlObvSubj,NONE,Dub,Pos,okoshinodogena',<<okoshin>>odogena',GUESS,okoshinowidogenan,<<okoshin>>owidogenan,JDN-2010-MS-VAI-p15,okoshinowidogena',<<okoshin>>owidogena',JDN-2010-MS-VAI-p15
VAI_Pl,Ind,VAI_n,okoshinoog,okoshin,3PlObvSubj,NONE,Dub,Neg,okoshinziidogena',<<okoshin>>ziidogena',GUESS,okoshinziidogenan,<<okoshin>>ziidogenan,JDN-2010-MS-VAI-p16,,,
VAI_Pl,Ind,VAI_n,okoshinoog,okoshin,3PlObvSubj,NONE,DubPrt,Pos,MISSING,,,,,,,,
VAI_Pl,Ind,VAI_n,okoshinoog,okoshin,3PlObvSubj,NONE,DubPrt,Neg,MISSING,,,,,,,,
VAI_Pl,Cnj,VAI_n,okoshinoog,okoshin,3PlProxSubj,NONE,Dub,Neg,okoshinziiwaagwen,<<okoshin>>ziiwaagwen,JDN-2010-MS-VAI-p32,,,,,,
VAI_Pl,Cnj,VAI_n,okoshinoog,okoshin,3PlProxSubj,NONE,Dub,Pos,okoshinowaagwen,<<okoshin>>owaagwen,JDN-2010-MS-VAI-p31,,,,,,
VAI_Pl,Cnj,VAI_n,okoshinoog,okoshin,3PlProxSubj,NONE,DubPrt,Neg,okoshinziiwaagobanen,<<okoshin>>ziiwaagobanen,JDN-2010-MS-VAI-p36,,,,,,
VAI_Pl,Cnj,VAI_n,okoshinoog,okoshin,3PlProxSubj,NONE,DubPrt,Pos,okoshinowaagobanen,<<okoshin>>owaagobanen,JDN-2010-MS-VAI-p35,,,,,,
VAI_Pl,Cnj,VAI_n,okoshinoog,okoshin,3PlProxSubj,NONE,Neu,Neg,okoshinzigwaa,<<okoshin>>zigwaa,JDN-2010-MS-VAI-p24,,,,,,
VAI_Pl,Cnj,VAI_n,okoshinoog,okoshin,3PlProxSubj,NONE,Neu,Pos,okoshinowaad,<<okoshin>>owaad,JDN-2010-MS-VAI-p23,,,,,,
VAI_Pl,Cnj,VAI_n,okoshinoog,okoshin,3PlProxSubj,NONE,Prt,Neg,okoshinzigwaaban,<<okoshin>>zigwaaban,JDN-2010-MS-VAI-p28,,,,,,
VAI_Pl,Cnj,VAI_n,okoshinoog,okoshin,3PlProxSubj,NONE,Prt,Pos,okoshinowaapan,<<okoshin>>owaapan,JDN-2010-MS-VAI-p27,,,,,,
VAI_Pl,Ind,VAI_n,okoshinoog,okoshin,3PlProxSubj,NONE,Neu,Pos,okoshinoog,<<okoshin>>oog,JDN-2010-MS-VAI-p7,,,,,,
VAI_Pl,Ind,VAI_n,okoshinoog,okoshin,3PlProxSubj,NONE,Neu,Neg,okoshinziiwag,<<okoshin>>ziiwag,JDN-2010-MS-VAI-p8,,,,,,
VAI_Pl,Ind,VAI_n,okoshinoog,okoshin,3PlProxSubj,NONE,Prt,Pos,okoshinoobaniig,<<okoshin>>oobaniig,JDN-2010-MS-VAI-p11,,,,okoshinoobaneg,<<okoshin>>oobaneg,JDN-2010-MS-VAI-p11
VAI_Pl,Ind,VAI_n,okoshinoog,okoshin,3PlProxSubj,NONE,Prt,Neg,okoshinziibaniig,<<okoshin>>ziibaniig,JDN-2010-MS-VAI-p12,,,,okoshinziibaneg,<<okoshin>>ziibaneg,JDN-2010-MS-VAI-p12
VAI_Pl,Ind,VAI_n,okoshinoog,okoshin,3PlProxSubj,NONE,Dub,Pos,okoshinowidogenag,<<okoshin>>owidogenag,JDN-2010-MS-VAI-p15,okoshinodogenag,<<okoshin>>odogenag,JDN-2010-MS-VAI-p15,,,
VAI_Pl,Ind,VAI_n,okoshinoog,okoshin,3PlProxSubj,NONE,Dub,Neg,okoshinziidogenag,<<okoshin>>ziidogenag,JDN-2010-MS-VAI-p16,,,,,,
VAI_Pl,Ind,VAI_n,okoshinoog,okoshin,3PlProxSubj,NONE,DubPrt,Pos,okoshinogwaaban,<<okoshin>>ogwaaban,JDN-2010-MS-VAI-p19,,,,,,
VAI_Pl,Ind,VAI_n,okoshinoog,okoshin,3PlProxSubj,NONE,DubPrt,Neg,okoshinziigwaaban,<<okoshin>>ziigwaaban,JDN-2010-MS-VAI-p20,,,,,,
VAI_Pl,Cnj,VAI_n,okoshinoog,okoshin,ExclSubj,NONE,Dub,Neg,okoshinziiwaangen,<<okoshin>>ziiwaangen,JDN-2010-MS-VAI-p32,,,,,,
VAI_Pl,Cnj,VAI_n,okoshinoog,okoshin,ExclSubj,NONE,Dub,Pos,okoshinowaangen,<<okoshin>>owaangen,JDN-2010-MS-VAI-p31,,,,,,
VAI_Pl,Cnj,VAI_n,okoshinoog,okoshin,ExclSubj,NONE,DubPrt,Neg,okoshinziiwaangibanen,<<okoshin>>ziiwaangibanen,JDN-2010-MS-VAI-p36,,,,,,
VAI_Pl,Cnj,VAI_n,okoshinoog,okoshin,ExclSubj,NONE,DubPrt,Pos,okoshinowaangibanen,<<okoshin>>owaangibanen,JDN-2010-MS-VAI-p35,,,,,,
VAI_Pl,Cnj,VAI_n,okoshinoog,okoshin,ExclSubj,NONE,Neu,Neg,okoshinziwaang,<<okoshin>>ziwaang,JDN-2010-MS-VAI-p24,,,,,,
VAI_Pl,Cnj,VAI_n,okoshinoog,okoshin,ExclSubj,NONE,Neu,Pos,okoshinaang,<<okoshin>>aang,JDN-2010-MS-VAI-p23,,,,,,
VAI_Pl,Cnj,VAI_n,okoshinoog,okoshin,ExclSubj,NONE,Prt,Neg,okoshinziwaangiban,<<okoshin>>ziwaangiban,JDN-2010-MS-VAI-p28,,,,,,
VAI_Pl,Cnj,VAI_n,okoshinoog,okoshin,ExclSubj,NONE,Prt,Pos,okoshinaangiban,<<okoshin>>aangiban,JDN-2010-MS-VAI-p27,,,,,,
VAI_Pl,Ind,VAI_n,okoshinoog,okoshin,ExclSubj,NONE,Neu,Pos,nindookoshinimin,ni<<okoshin>>imin,JDN-2010-MS-VAI-p7,,,,,,
VAI_Pl,Ind,VAI_n,okoshinoog,okoshin,ExclSubj,NONE,Neu,Neg,nindookoshinziimin,ni<<okoshin>>ziimin,JDN-2010-MS-VAI-p8,,,,,,
VAI_Pl,Ind,VAI_n,okoshinoog,okoshin,ExclSubj,NONE,Prt,Pos,nindookoshiniminaaban,ni<<okoshin>>iminaaban,JDN-2010-MS-VAI-p11,,,,,,
VAI_Pl,Ind,VAI_n,okoshinoog,okoshin,ExclSubj,NONE,Prt,Neg,nindookoshinziiminaaban,ni<<okoshin>>ziiminaaban,JDN-2010-MS-VAI-p12,,,,,,
VAI_Pl,Ind,VAI_n,okoshinoog,okoshin,ExclSubj,NONE,Dub,Pos,nindookoshiniminaadog,ni<<okoshin>>iminaadog,JDN-2010-MS-VAI-p15,,,,,,
VAI_Pl,Ind,VAI_n,okoshinoog,okoshin,ExclSubj,NONE,Dub,Neg,nindookoshinziiminaadog,ni<<okoshin>>ziiminaadog,JDN-2010-MS-VAI-p16,,,,,,
VAI_Pl,Ind,VAI_n,okoshinoog,okoshin,ExclSubj,NONE,DubPrt,Pos,MISSING,,,,,,,,
VAI_Pl,Ind,VAI_n,okoshinoog,okoshin,ExclSubj,NONE,DubPrt,Neg,MISSING,,,,,,,,
VAI_Pl,Cnj,VAI_n,okoshinoog,okoshin,InclSubj,NONE,Dub,Neg,okoshinziiwangen,<<okoshin>>ziiwangen,JDN-2010-MS-VAI-p32,,,,,,
VAI_Pl,Cnj,VAI_n,okoshinoog,okoshin,InclSubj,NONE,Dub,Pos,okoshinowangen,<<okoshin>>owangen,JDN-2010-MS-VAI-p31,,,,,,
VAI_Pl,Cnj,VAI_n,okoshinoog,okoshin,InclSubj,NONE,DubPrt,Neg,okoshinziiwangibanen,<<okoshin>>ziiwangibanen,JDN-2010-MS-VAI-p36,,,,,,
VAI_Pl,Cnj,VAI_n,okoshinoog,okoshin,InclSubj,NONE,DubPrt,Pos,okoshinowangibanen,<<okoshin>>owangibanen,JDN-2010-MS-VAI-p35,,,,,,
VAI_Pl,Cnj,VAI_n,okoshinoog,okoshin,InclSubj,NONE,Neu,Neg,okoshinziwang,<<okoshin>>ziwang,JDN-2010-MS-VAI-p24,,,,,,
VAI_Pl,Cnj,VAI_n,okoshinoog,okoshin,InclSubj,NONE,Neu,Pos,okoshinang,<<okoshin>>ang,JDN-2010-MS-VAI-p23,,,,,,
VAI_Pl,Cnj,VAI_n,okoshinoog,okoshin,InclSubj,NONE,Prt,Neg,okoshinziwangiban,<<okoshin>>ziwangiban,JDN-2010-MS-VAI-p28,,,,,,
VAI_Pl,Cnj,VAI_n,okoshinoog,okoshin,InclSubj,NONE,Prt,Pos,okoshinangoban,<<okoshin>>angoban,NJ-ngs-2023Aug18,okoshinangiban,<<okoshin>>angiban,JDN-2010-MS-VAI-p27,,,
VAI_Pl,Ind,VAI_n,okoshinoog,okoshin,InclSubj,NONE,Neu,Pos,gidookoshinimin,gi<<okoshin>>imin,JDN-2010-MS-VAI-p7,,,,,,
VAI_Pl,Ind,VAI_n,okoshinoog,okoshin,InclSubj,NONE,Neu,Neg,gidookoshinziimin,gi<<okoshin>>ziimin,JDN-2010-MS-VAI-p8,,,,,,
VAI_Pl,Ind,VAI_n,okoshinoog,okoshin,InclSubj,NONE,Prt,Pos,gidookoshiniminaaban,gi<<okoshin>>iminaaban,JDN-2010-MS-VAI-p11,,,,,,
VAI_Pl,Ind,VAI_n,okoshinoog,okoshin,InclSubj,NONE,Prt,Neg,gidookoshinziiminaaban,gi<<okoshin>>ziiminaaban,JDN-2010-MS-VAI-p12,,,,,,
VAI_Pl,Ind,VAI_n,okoshinoog,okoshin,InclSubj,NONE,Dub,Pos,gidookoshiniminaadog,gi<<okoshin>>iminaadog,JDN-2010-MS-VAI-p15,,,,,,
VAI_Pl,Ind,VAI_n,okoshinoog,okoshin,InclSubj,NONE,Dub,Neg,gidookoshinziiminaadog,gi<<okoshin>>ziiminaadog,JDN-2010-MS-VAI-p16,,,,,,
VAI_Pl,Ind,VAI_n,okoshinoog,okoshin,InclSubj,NONE,DubPrt,Pos,MISSING,,,,,,,,
VAI_Pl,Ind,VAI_n,okoshinoog,okoshin,InclSubj,NONE,DubPrt,Neg,MISSING,,,,,,,,
VAI_Pl,Cnj,VAI_am,baatayiinwewidamoog,baatayiinwewid,2PlSubj,NONE,Dub,Neg,baatayiinwewidanziiwegwen,<<baatayiinwewid>>anziiwegwen,JDN-2010-MS-VAI-p32,,,,,,
VAI_Pl,Cnj,VAI_am,baatayiinwewidamoog,baatayiinwewid,2PlSubj,NONE,Dub,Pos,baatayiinwewidamowegwen,<<baatayiinwewid>>amowegwen,JDN-2010-MS-VAI-p31,,,,,,
VAI_Pl,Cnj,VAI_am,baatayiinwewidamoog,baatayiinwewid,2PlSubj,NONE,DubPrt,Neg,baatayiinwewidamowegibanen,<<baatayiinwewid>>amowegibanen,JDN-2010-MS-VAI-p36,,,,,,
VAI_Pl,Cnj,VAI_am,baatayiinwewidamoog,baatayiinwewid,2PlSubj,NONE,DubPrt,Pos,baatayiinwewidamowegibanen,<<baatayiinwewid>>amowegibanen,JDN-2010-MS-VAI-p35,,,,,,
VAI_Pl,Cnj,VAI_am,baatayiinwewidamoog,baatayiinwewid,2PlSubj,NONE,Neu,Neg,baatayiinwewidanziweg,<<baatayiinwewid>>anziweg,JDN-2010-MS-VAI-p24,,,,,,
VAI_Pl,Cnj,VAI_am,baatayiinwewidamoog,baatayiinwewid,2PlSubj,NONE,Neu,Pos,baatayiinwewidameg,<<baatayiinwewid>>ameg,JDN-2010-MS-VAI-p23,,,,,,
VAI_Pl,Cnj,VAI_am,baatayiinwewidamoog,baatayiinwewid,2PlSubj,NONE,Prt,Neg,baatayiinwewidanziwegiban,<<baatayiinwewid>>anziwegiban,JDN-2010-MS-VAI-p28,,,,,,
VAI_Pl,Cnj,VAI_am,baatayiinwewidamoog,baatayiinwewid,2PlSubj,NONE,Prt,Pos,baatayiinwewidamegoban,<<baatayiinwewid>>amegoban,NJ-ngs-2023Aug18,baatayiinwewidamegiban,<<baatayiinwewid>>amegiban,JDN-2010-MS-VAI-p27,,,
VAI_Pl,Ind,VAI_am,baatayiinwewidamoog,baatayiinwewid,2PlSubj,NONE,Neu,Pos,gibaatayiinwewidaam,gi<<baatayiinwewid>>aam,JDN-2010-MS-VAI-p7,,,,,,
VAI_Pl,Ind,VAI_am,baatayiinwewidamoog,baatayiinwewid,2PlSubj,NONE,Neu,Neg,gibaatayiinwewidanziim,gi<<baatayiinwewid>>anziim,JDN-2010-MS-VAI-p8,,,,,,
VAI_Pl,Ind,VAI_am,baatayiinwewidamoog,baatayiinwewid,2PlSubj,NONE,Prt,Pos,gibaatayiinwewidaamwaaban,gi<<baatayiinwewid>>aamwaaban,JDN-2010-MS-VAI-p11,,,,,,
VAI_Pl,Ind,VAI_am,baatayiinwewidamoog,baatayiinwewid,2PlSubj,NONE,Prt,Neg,gibaatayiinwewidanziimwaaban,gi<<baatayiinwewid>>anziimwaaban,JDN-2010-MS-VAI-p12,,,,,,
VAI_Pl,Ind,VAI_am,baatayiinwewidamoog,baatayiinwewid,2PlSubj,NONE,Dub,Pos,gibaatayiinwewidaamwaadog,gi<<baatayiinwewid>>aamwaadog,JDN-2010-MS-VAI-p15,,,,,,
VAI_Pl,Ind,VAI_am,baatayiinwewidamoog,baatayiinwewid,2PlSubj,NONE,Dub,Neg,gibaatayiinwewidanziimwaadog,gi<<baatayiinwewid>>anziimwaadog,JDN-2010-MS-VAI-p16,,,,,,
VAI_Pl,Ind,VAI_am,baatayiinwewidamoog,baatayiinwewid,2PlSubj,NONE,DubPrt,Pos,MISSING,,,,,,,,
VAI_Pl,Ind,VAI_am,baatayiinwewidamoog,baatayiinwewid,2PlSubj,NONE,DubPrt,Neg,MISSING,,,,,,,,
VAI_Pl,Cnj,VAI_am,baatayiinwewidamoog,baatayiinwewid,3PlObvSubj,NONE,Dub,Neg,baatayiinwewidanziinigwen,<<baatayiinwewid>>anziinigwen,JDN-2010-MS-VAI-p32,,,,,,
VAI_Pl,Cnj,VAI_am,baatayiinwewidamoog,baatayiinwewid,3PlObvSubj,NONE,Dub,Pos,baatayiinwewidaminigwen,<<baatayiinwewid>>aminigwen,JDN-2010-MS-VAI-p31,,,,,,
VAI_Pl,Cnj,VAI_am,baatayiinwewidamoog,baatayiinwewid,3PlObvSubj,NONE,DubPrt,Neg,baatayiinwewidaminigobanen,<<baatayiinwewid>>aminigobanen,JDN-2010-MS-VAI-p36,,,,,,
VAI_Pl,Cnj,VAI_am,baatayiinwewidamoog,baatayiinwewid,3PlObvSubj,NONE,DubPrt,Pos,baatayiinwewidaminigobanen,<<baatayiinwewid>>aminigobanen,JDN-2010-MS-VAI-p35,,,,,,
VAI_Pl,Cnj,VAI_am,baatayiinwewidamoog,baatayiinwewid,3PlObvSubj,NONE,Neu,Neg,baatayiinwewidanzinid,<<baatayiinwewid>>anzinid,NJ-ngs-2023Aug18,baatayiinwewidanzinig,<<baatayiinwewid>>anzinig,JDN-2010-MS-VAI-p24,,,
VAI_Pl,Cnj,VAI_am,baatayiinwewidamoog,baatayiinwewid,3PlObvSubj,NONE,Neu,Pos,baatayiinwewidaminid,<<baatayiinwewid>>aminid,JDN-2010-MS-VAI-p23,,,,,,
VAI_Pl,Cnj,VAI_am,baatayiinwewidamoog,baatayiinwewid,3PlObvSubj,NONE,Prt,Neg,baatayiinwewidanzinigoban,<<baatayiinwewid>>anzinigoban,JDN-2010-MS-VAI-p28,,,,,,
VAI_Pl,Cnj,VAI_am,baatayiinwewidamoog,baatayiinwewid,3PlObvSubj,NONE,Prt,Pos,baatayiinwewidaminipan,<<baatayiinwewid>>aminipan,JDN-2010-MS-VAI-p27,,,,,,
VAI_Pl,Ind,VAI_am,baatayiinwewidamoog,baatayiinwewid,3PlObvSubj,NONE,Neu,Pos,baatayiinwewidamoo',<<baatayiinwewid>>amoo',GUESS,baatayiinwewidamoon,<<baatayiinwewid>>amoon,JDN-2010-MS-VAI-p7,,,
VAI_Pl,Ind,VAI_am,baatayiinwewidamoog,baatayiinwewid,3PlObvSubj,NONE,Neu,Neg,baatayiinwewidanziiwa',<<baatayiinwewid>>anziiwa',GUESS,baatayiinwewidanziiwan,<<baatayiinwewid>>anziiwan,JDN-2010-MS-VAI-p8,,,
VAI_Pl,Ind,VAI_am,baatayiinwewidamoog,baatayiinwewid,3PlObvSubj,NONE,Prt,Pos,baatayiinwewidamoobanii',<<baatayiinwewid>>amoobanii',GUESS,baatayiinwewidamoobaniin,<<baatayiinwewid>>amoobaniin,JDN-2010-MS-VAI-p11,baatayiinwewidamoobanen,<<baatayiinwewid>>amoobanen,JDN-2010-MS-VAI-p11
VAI_Pl,Ind,VAI_am,baatayiinwewidamoog,baatayiinwewid,3PlObvSubj,NONE,Prt,Neg,baatayiinwewidanziibanii',<<baatayiinwewid>>anziibanii',GUESS,baatayiinwewidanziibaniin,<<baatayiinwewid>>anziibaniin,JDN-2010-MS-VAI-p12,baatayiinwewidanziibanen,<<baatayiinwewid>>anziibanen,JDN-2010-MS-VAI-p12
VAI_Pl,Ind,VAI_am,baatayiinwewidamoog,baatayiinwewid,3PlObvSubj,NONE,Dub,Pos,baatayiinwewidamodogena',<<baatayiinwewid>>amodogena',GUESS,baatayiinwewidamowidogenan,<<baatayiinwewid>>amowidogenan,JDN-2010-MS-VAI-p15,baatayiinwewidamowidogena',<<baatayiinwewid>>amowidogena',JDN-2010-MS-VAI-p15
VAI_Pl,Ind,VAI_am,baatayiinwewidamoog,baatayiinwewid,3PlObvSubj,NONE,Dub,Neg,baatayiinwewidanziidogena',<<baatayiinwewid>>anziidogena',GUESS,baatayiinwewidanziidogenan,<<baatayiinwewid>>anziidogenan,JDN-2010-MS-VAI-p16,,,
VAI_Pl,Ind,VAI_am,baatayiinwewidamoog,baatayiinwewid,3PlObvSubj,NONE,DubPrt,Pos,MISSING,,,,,,,,
VAI_Pl,Ind,VAI_am,baatayiinwewidamoog,baatayiinwewid,3PlObvSubj,NONE,DubPrt,Neg,MISSING,,,,,,,,
VAI_Pl,Cnj,VAI_am,baatayiinwewidamoog,baatayiinwewid,3PlProxSubj,NONE,Dub,Neg,baatayiinwewidanziiwaagwen,<<baatayiinwewid>>anziiwaagwen,JDN-2010-MS-VAI-p32,,,,,,
VAI_Pl,Cnj,VAI_am,baatayiinwewidamoog,baatayiinwewid,3PlProxSubj,NONE,Dub,Pos,baatayiinwewidamowaagwen,<<baatayiinwewid>>amowaagwen,JDN-2010-MS-VAI-p31,,,,,,
VAI_Pl,Cnj,VAI_am,baatayiinwewidamoog,baatayiinwewid,3PlProxSubj,NONE,DubPrt,Neg,baatayiinwewidamowaagobanen,<<baatayiinwewid>>amowaagobanen,JDN-2010-MS-VAI-p36,,,,,,
VAI_Pl,Cnj,VAI_am,baatayiinwewidamoog,baatayiinwewid,3PlProxSubj,NONE,DubPrt,Pos,baatayiinwewidamowaagobanen,<<baatayiinwewid>>amowaagobanen,JDN-2010-MS-VAI-p35,,,,,,
VAI_Pl,Cnj,VAI_am,baatayiinwewidamoog,baatayiinwewid,3PlProxSubj,NONE,Neu,Neg,baatayiinwewidanzigwaa,<<baatayiinwewid>>anzigwaa,JDN-2010-MS-VAI-p24,,,,,,
VAI_Pl,Cnj,VAI_am,baatayiinwewidamoog,baatayiinwewid,3PlProxSubj,NONE,Neu,Pos,baatayiinwewidamowaan,<<baatayiinwewid>>amowaan,JDN-2010-MS-VAI-p23,,,,,,
VAI_Pl,Cnj,VAI_am,baatayiinwewidamoog,baatayiinwewid,3PlProxSubj,NONE,Prt,Neg,baatayiinwewidanzigwaaban,<<baatayiinwewid>>anzigwaaban,JDN-2010-MS-VAI-p28,,,,,,
VAI_Pl,Cnj,VAI_am,baatayiinwewidamoog,baatayiinwewid,3PlProxSubj,NONE,Prt,Pos,baatayiinwewidamowaapan,<<baatayiinwewid>>amowaapan,JDN-2010-MS-VAI-p27,,,,,,
VAI_Pl,Ind,VAI_am,baatayiinwewidamoog,baatayiinwewid,3PlProxSubj,NONE,Neu,Pos,baatayiinwewidamoog,<<baatayiinwewid>>amoog,JDN-2010-MS-VAI-p7,,,,,,
VAI_Pl,Ind,VAI_am,baatayiinwewidamoog,baatayiinwewid,3PlProxSubj,NONE,Neu,Neg,baatayiinwewidanziiwag,<<baatayiinwewid>>anziiwag,JDN-2010-MS-VAI-p8,,,,,,
VAI_Pl,Ind,VAI_am,baatayiinwewidamoog,baatayiinwewid,3PlProxSubj,NONE,Prt,Pos,baatayiinwewidamoobaniig,<<baatayiinwewid>>amoobaniig,JDN-2010-MS-VAI-p11,,,,baatayiinwewidamoobaneg,<<baatayiinwewid>>amoobaneg,JDN-2010-MS-VAI-p11
VAI_Pl,Ind,VAI_am,baatayiinwewidamoog,baatayiinwewid,3PlProxSubj,NONE,Prt,Neg,baatayiinwewidanziibaniig,<<baatayiinwewid>>anziibaniig,JDN-2010-MS-VAI-p12,,,,baatayiinwewidanziibaneg,<<baatayiinwewid>>anziibaneg,JDN-2010-MS-VAI-p12
VAI_Pl,Ind,VAI_am,baatayiinwewidamoog,baatayiinwewid,3PlProxSubj,NONE,Dub,Pos,baatayiinwewidamowidogenag,<<baatayiinwewid>>amowidogenag,JDN-2010-MS-VAI-p15,baatayiinwewidamodogenan,<<baatayiinwewid>>amodogenan,JDN-2010-MS-VAI-p15,,,
VAI_Pl,Ind,VAI_am,baatayiinwewidamoog,baatayiinwewid,3PlProxSubj,NONE,Dub,Neg,baatayiinwewidanziidogenag,<<baatayiinwewid>>anziidogenag,JDN-2010-MS-VAI-p16,,,,,,
VAI_Pl,Ind,VAI_am,baatayiinwewidamoog,baatayiinwewid,3PlProxSubj,NONE,DubPrt,Pos,baatayiinwewidamogwaaban,<<baatayiinwewid>>amogwaaban,JDN-2010-MS-VAI-p19,,,,,,
VAI_Pl,Ind,VAI_am,baatayiinwewidamoog,baatayiinwewid,3PlProxSubj,NONE,DubPrt,Neg,baatayiinwewidanziigwaaban,<<baatayiinwewid>>anziigwaaban,JDN-2010-MS-VAI-p20,,,,,,
VAI_Pl,Cnj,VAI_am,baatayiinwewidamoog,baatayiinwewid,ExclSubj,NONE,Dub,Neg,baatayiinwewidanziiwaangen,<<baatayiinwewid>>anziiwaangen,JDN-2010-MS-VAI-p32,,,,,,
VAI_Pl,Cnj,VAI_am,baatayiinwewidamoog,baatayiinwewid,ExclSubj,NONE,Dub,Pos,baatayiinwewidamowaangen,<<baatayiinwewid>>amowaangen,JDN-2010-MS-VAI-p31,,,,,,
VAI_Pl,Cnj,VAI_am,baatayiinwewidamoog,baatayiinwewid,ExclSubj,NONE,DubPrt,Neg,baatayiinwewidamowaangibanen,<<baatayiinwewid>>amowaangibanen,JDN-2010-MS-VAI-p36,,,,,,
VAI_Pl,Cnj,VAI_am,baatayiinwewidamoog,baatayiinwewid,ExclSubj,NONE,DubPrt,Pos,baatayiinwewidamowaangibanen,<<baatayiinwewid>>amowaangibanen,JDN-2010-MS-VAI-p35,,,,,,
VAI_Pl,Cnj,VAI_am,baatayiinwewidamoog,baatayiinwewid,ExclSubj,NONE,Neu,Neg,baatayiinwewidanziwaang,<<baatayiinwewid>>anziwaang,JDN-2010-MS-VAI-p24,,,,,,
VAI_Pl,Cnj,VAI_am,baatayiinwewidamoog,baatayiinwewid,ExclSubj,NONE,Neu,Pos,baatayiinwewidamaang,<<baatayiinwewid>>amaang,JDN-2010-MS-VAI-p23,,,,,,
VAI_Pl,Cnj,VAI_am,baatayiinwewidamoog,baatayiinwewid,ExclSubj,NONE,Prt,Neg,baatayiinwewidanziwaangiban,<<baatayiinwewid>>anziwaangiban,JDN-2010-MS-VAI-p28,,,,,,
VAI_Pl,Cnj,VAI_am,baatayiinwewidamoog,baatayiinwewid,ExclSubj,NONE,Prt,Pos,baatayiinwewidamaangiban,<<baatayiinwewid>>amaangiban,JDN-2010-MS-VAI-p27,,,,,,
VAI_Pl,Ind,VAI_am,baatayiinwewidamoog,baatayiinwewid,ExclSubj,NONE,Neu,Pos,nibaatayiinwewidaamin,ni<<baatayiinwewid>>aamin,JDN-2010-MS-VAI-p7,,,,,,
VAI_Pl,Ind,VAI_am,baatayiinwewidamoog,baatayiinwewid,ExclSubj,NONE,Neu,Neg,nibaatayiinwewidanziimin,ni<<baatayiinwewid>>anziimin,JDN-2010-MS-VAI-p8,,,,,,
VAI_Pl,Ind,VAI_am,baatayiinwewidamoog,baatayiinwewid,ExclSubj,NONE,Prt,Pos,nibaatayiinwewidaaminaaban,ni<<baatayiinwewid>>aaminaaban,JDN-2010-MS-VAI-p11,,,,,,
VAI_Pl,Ind,VAI_am,baatayiinwewidamoog,baatayiinwewid,ExclSubj,NONE,Prt,Neg,nibaatayiinwewidanziiminaaban,ni<<baatayiinwewid>>anziiminaaban,JDN-2010-MS-VAI-p12,,,,,,
VAI_Pl,Ind,VAI_am,baatayiinwewidamoog,baatayiinwewid,ExclSubj,NONE,Dub,Pos,nibaatayiinwewidaaminaadog,ni<<baatayiinwewid>>aaminaadog,JDN-2010-MS-VAI-p15,,,,,,
VAI_Pl,Ind,VAI_am,baatayiinwewidamoog,baatayiinwewid,ExclSubj,NONE,Dub,Neg,nibaatayiinwewidanziiminaadog,ni<<baatayiinwewid>>anziiminaadog,JDN-2010-MS-VAI-p16,,,,,,
VAI_Pl,Ind,VAI_am,baatayiinwewidamoog,baatayiinwewid,ExclSubj,NONE,DubPrt,Pos,MISSING,,,,,,,,
VAI_Pl,Ind,VAI_am,baatayiinwewidamoog,baatayiinwewid,ExclSubj,NONE,DubPrt,Neg,MISSING,,,,,,,,
VAI_Pl,Cnj,VAI_am,baatayiinwewidamoog,baatayiinwewid,InclSubj,NONE,Dub,Neg,baatayiinwewidanziiwangen,<<baatayiinwewid>>anziiwangen,JDN-2010-MS-VAI-p32,,,,,,
VAI_Pl,Cnj,VAI_am,baatayiinwewidamoog,baatayiinwewid,InclSubj,NONE,Dub,Pos,baatayiinwewidamowangen,<<baatayiinwewid>>amowangen,JDN-2010-MS-VAI-p31,,,,,,
VAI_Pl,Cnj,VAI_am,baatayiinwewidamoog,baatayiinwewid,InclSubj,NONE,DubPrt,Neg,baatayiinwewidamowangibanen,<<baatayiinwewid>>amowangibanen,JDN-2010-MS-VAI-p36,,,,,,
VAI_Pl,Cnj,VAI_am,baatayiinwewidamoog,baatayiinwewid,InclSubj,NONE,DubPrt,Pos,baatayiinwewidamowangibanen,<<baatayiinwewid>>amowangibanen,JDN-2010-MS-VAI-p35,,,,,,
VAI_Pl,Cnj,VAI_am,baatayiinwewidamoog,baatayiinwewid,InclSubj,NONE,Neu,Neg,baatayiinwewidanziwang,<<baatayiinwewid>>anziwang,JDN-2010-MS-VAI-p24,,,,,,
VAI_Pl,Cnj,VAI_am,baatayiinwewidamoog,baatayiinwewid,InclSubj,NONE,Neu,Pos,baatayiinwewidamang,<<baatayiinwewid>>amang,JDN-2010-MS-VAI-p23,,,,,,
VAI_Pl,Cnj,VAI_am,baatayiinwewidamoog,baatayiinwewid,InclSubj,NONE,Prt,Neg,baatayiinwewidanziwangiban,<<baatayiinwewid>>anziwangiban,JDN-2010-MS-VAI-p28,,,,,,
VAI_Pl,Cnj,VAI_am,baatayiinwewidamoog,baatayiinwewid,InclSubj,NONE,Prt,Pos,baatayiinwewidamangoban,<<baatayiinwewid>>amangoban,NJ-ngs-2023Aug18,baatayiinwewidamangiban,<<baatayiinwewid>>amangiban,JDN-2010-MS-VAI-p27,,,
VAI_Pl,Ind,VAI_am,baatayiinwewidamoog,baatayiinwewid,InclSubj,NONE,Neu,Pos,gibaatayiinwewidaamin,gi<<baatayiinwewid>>aamin,JDN-2010-MS-VAI-p7,,,,,,
VAI_Pl,Ind,VAI_am,baatayiinwewidamoog,baatayiinwewid,InclSubj,NONE,Neu,Neg,gibaatayiinwewidanziimin,gi<<baatayiinwewid>>anziimin,JDN-2010-MS-VAI-p8,,,,,,
VAI_Pl,Ind,VAI_am,baatayiinwewidamoog,baatayiinwewid,InclSubj,NONE,Prt,Pos,gibaatayiinwewidaaminaaban,gi<<baatayiinwewid>>aaminaaban,JDN-2010-MS-VAI-p11,,,,,,
VAI_Pl,Ind,VAI_am,baatayiinwewidamoog,baatayiinwewid,InclSubj,NONE,Prt,Neg,gibaatayiinwewidanziiminaaban,gi<<baatayiinwewid>>anziiminaaban,JDN-2010-MS-VAI-p12,,,,,,
VAI_Pl,Ind,VAI_am,baatayiinwewidamoog,baatayiinwewid,InclSubj,NONE,Dub,Pos,gibaatayiinwewidaaminaadog,gi<<baatayiinwewid>>aaminaadog,JDN-2010-MS-VAI-p15,,,,,,
VAI_Pl,Ind,VAI_am,baatayiinwewidamoog,baatayiinwewid,InclSubj,NONE,Dub,Neg,gibaatayiinwewidanziiminaadog,gi<<baatayiinwewid>>anziiminaadog,JDN-2010-MS-VAI-p16,,,,,,
VAI_Pl,Ind,VAI_am,baatayiinwewidamoog,baatayiinwewid,InclSubj,NONE,DubPrt,Pos,MISSING,,,,,,,,
VAI_Pl,Ind,VAI_am,baatayiinwewidamoog,baatayiinwewid,InclSubj,NONE,DubPrt,Neg,MISSING,,,,,,,,
VAI_Pl,Imp,VAI_am,baatayiinwewidamoog,baatayiinwewid,2PlSubj,NONE,Del,NONE,baatayiinwewidamookegon,<<baatayiinwewid>>amookegon,NJ-ngs-2023Aug18,baatayiinwewidamookeg,<<baatayiinwewid>>amookeg,JDN-2010-MS-VAI-p39,,,
VAI_Pl,Imp,VAI_am,baatayiinwewidamoog,baatayiinwewid,2PlSubj,NONE,Prb,NONE,baatayiinwewidangegon,<<baatayiinwewid>>angegon,JDN-2010-MS-VAI-p40,,,,,,
VAI_Pl,Imp,VAI_am,baatayiinwewidamoog,baatayiinwewid,2PlSubj,NONE,Sim,NONE,baatayiinwewidamog,<<baatayiinwewid>>amog,JDN-2010-MS-VAI-p39,baatayiinwewidamok,<<baatayiinwewid>>amok,JDN-2010-MS-VAI-p39,,,
VAI_Pl,Imp,VAI_am,baatayiinwewidamoog,baatayiinwewid,InclSubj,NONE,Del,NONE,baatayiinwewidandaa,<<baatayiinwewid>>andaa,NJ-ngs-2023Aug18,baatayiinwewidamookang,<<baatayiinwewid>>amookang,JDN-2010-MS-VAI-p39,,,
VAI_Pl,Imp,VAI_am,baatayiinwewidamoog,baatayiinwewid,InclSubj,NONE,Prb,NONE,baatayiinwewidanziidaa,<<baatayiinwewid>>anziidaa,JDN-2010-MS-VAI-p40,,,,,,
VAI_Pl,Imp,VAI_am,baatayiinwewidamoog,baatayiinwewid,InclSubj,NONE,Sim,NONE,baatayiinwewidandaa,<<baatayiinwewid>>andaa,JDN-2010-MS-VAI-p39,,,,,,
VAI_Pl,Imp,VAI_n,okoshinoog,okoshin,2PlSubj,NONE,Del,NONE,okoshinookegon,<<okoshin>>ookegon,NJ-ngs-2023Aug18,okoshinookeg,<<okoshin>>ookeg,JDN-2010-MS-VAI-p39,,,
VAI_Pl,Imp,VAI_n,okoshinoog,okoshin,2PlSubj,NONE,Prb,NONE,okoshingegon,<<okoshin>>gegon,JDN-2010-MS-VAI-p40,,,,,,
VAI_Pl,Imp,VAI_n,okoshinoog,okoshin,2PlSubj,NONE,Sim,NONE,okoshinok,<<okoshin>>ok,JDN-2010-MS-VAI-p39,okoshinog,<<okoshin>>og,JDN-2010-MS-VAI-p39,,,
VAI_Pl,Imp,VAI_n,okoshinoog,okoshin,InclSubj,NONE,Del,NONE,okoshindaa,<<okoshin>>daa,NJ-ngs-2023Aug18,okoshinookang,<<okoshin>>ookang,JDN-2010-MS-VAI-p39,,,
VAI_Pl,Imp,VAI_n,okoshinoog,okoshin,InclSubj,NONE,Prb,NONE,okoshinziidaa,<<okoshin>>ziidaa,JDN-2010-MS-VAI-p40,,,,,,
VAI_Pl,Imp,VAI_n,okoshinoog,okoshin,InclSubj,NONE,Sim,NONE,okoshindaa,<<okoshin>>daa,JDN-2010-MS-VAI-p39,,,,,,
VAI_Pl,Imp,VAI_V,maamawoobiwag,maamawoobi,2PlSubj,NONE,Del,NONE,maamawoobiikegon,<<maamawoobi>>V1kegon,NJ-ngs-2023Aug18,maamawoobiikeg,<<maamawoobi>>V1keg,JDN-2010-MS-VAI-p39,,,
VAI_Pl,Imp,VAI_V,maamawoobiwag,maamawoobi,2PlSubj,NONE,Prb,NONE,maamawoobikegon,<<maamawoobi>>kegon,JDN-2010-MS-VAI-p40,,,,,,
VAI_Pl,Imp,VAI_V,maamawoobiwag,maamawoobi,2PlSubj,NONE,Sim,NONE,maamawoobiyok,<<maamawoobi>>yok,JDN-2010-MS-VAI-p39,maamawoobik,<<maamawoobi>>k,JDN-2010-MS-VAI-p39,maamawoobig,<<maamawoobi>>g,JDN-2010-MS-VAI-p39
VAI_Pl,Imp,VAI_V,maamawoobiwag,maamawoobi,InclSubj,NONE,Del,NONE,maamawoobidaa,<<maamawoobi>>daa,NJ-ngs-2023Aug18,maamawoobiikang,<<maamawoobi>>V1kang,JDN-2010-MS-VAI-p39,,,
VAI_Pl,Imp,VAI_V,maamawoobiwag,maamawoobi,InclSubj,NONE,Prb,NONE,maamawoobisiidaa,<<maamawoobi>>siidaa,JDN-2010-MS-VAI-p40,,,,,,
VAI_Pl,Imp,VAI_V,maamawoobiwag,maamawoobi,InclSubj,NONE,Sim,NONE,maamawoobidaa,<<maamawoobi>>daa,JDN-2010-MS-VAI-p39,,,,,,
VAI_Pl,Imp,VAI_VV,okogewag,okoge,2PlSubj,NONE,Del,NONE,okogekegon,<<okoge>>kegon,NJ-ngs-2023Aug18,okogekeg,<<okoge>>keg,JDN-2010-MS-VAI-p39,,,
VAI_Pl,Imp,VAI_VV,okogewag,okoge,2PlSubj,NONE,Prb,NONE,okogekegon,<<okoge>>kegon,GUESS,,,,,,
VAI_Pl,Imp,VAI_VV,okogewag,okoge,2PlSubj,NONE,Sim,NONE,okogek,<<okoge>>k,JDN-2010-MS-VAI-p39,okogeg,<<okoge>>g,JDN-2010-MS-VAI-p39,,,
VAI_Pl,Imp,VAI_VV,okogewag,okoge,InclSubj,NONE,Del,NONE,okogedaa,<<okoge>>daa,NJ-ngs-2023Aug18,okogekang,<<okoge>>kang,JDN-2010-MS-VAI-p39,,,
VAI_Pl,Imp,VAI_VV,okogewag,okoge,InclSubj,NONE,Prb,NONE,MISSING,,,,,,,,
VAI_Pl,Imp,VAI_VV,okogewag,okoge,InclSubj,NONE,Sim,NONE,okogedaa,<<okoge>>daa,JDN-2010-MS-VAI-p39,,,,,,