Paradigm,Order,Class,Lemma,Stem,Head,Subject,Object,Mode,Negation,Form1Surface,Form1Split,Form1Source,Form2Surface,Form2Split,Form2Source,Form3Surface,Form3Split,Form3Source
VAI,Ind,VAI_am,zaaga'am,zaaga',NONE,1SgSubj,NONE,Dub,Neg,nizaaga'anziinaadog,ni<<zaaga'>>anziinaadog,JDN-2010-MS-VAI-p16,,,,,,
VAI,Ind,VAI_m,minongwaam,minongwaam,NONE,1SgSubj,NONE,Dub,Neg,niminongwaanziinaadog,ni<<minongwaan>>ziinaadog,JDN-2010-MS-VAI-p16,,,,,,
VAI,Ind,VAI_n,wanishin,wanishin,NONE,1SgSubj,NONE,Dub,Neg,niwanishinziinaadog,ni<<wanishin>>ziinaadog,JDN-2010-MS-VAI-p16,,,,,,
VAI,Ind,VAI_V,nagamo,nagamo,NONE,1SgSubj,NONE,Dub,Neg,ninagamosiinaadog,ni<<nagamo>>siinaadog,JDN-2010-MS-VAI-p16,,,,,,
VAI,Ind,VAI_V,niimi,niimi,NONE,1SgSubj,NONE,Dub,Neg,niniimisiinaadog,ni<<niimi>>siinaadog,JDN-2010-MS-VAI-p16,,,,,,
VAI,Ind,VAI_VV,maajiibatoo,maajiibatoo,NONE,1SgSubj,NONE,Dub,Neg,nimaajiibatoosiinaadog,ni<<maajiibatoo>>siinaadog,JDN-2010-MS-VAI-p16,,,,,,
VAI,Ind,VAI_VV,madaabii,madaabii,NONE,1SgSubj,NONE,Dub,Neg,nimadaabiisiinaadog,ni<<madaabii>>siinaadog,JDN-2010-MS-VAI-p16,,,,,,
VAI,Ind,VAI_VV,nibaa,nibaa,NONE,1SgSubj,NONE,Dub,Neg,ninibaasiinaadog,ni<<nibaa>>siinaadog,NJ-ngs-2023Aug18; JDN-2010-MS-VAI-p16,,,,,,
VAI,Ind,VAI_VV,webinige,webinige,NONE,1SgSubj,NONE,Dub,Neg,niwebinigesiinaadog,ni<<webinige>>siinaadog,JDN-2010-MS-VAI-p16,,,,,,
VAI,Ind,VAI_am,zaaga'am,zaaga',NONE,2PlSubj,NONE,Dub,Neg,gizaaga'anziimwaadog,gi<<zaaga'>>anziimwaadog,JDN-2010-MS-VAI-p16,,,,,,
VAI,Ind,VAI_m,minongwaam,minongwaam,NONE,2PlSubj,NONE,Dub,Neg,giminongwaanziimwaadog,gi<<minongwaan>>ziimwaadog,JDN-2010-MS-VAI-p16,,,,,,
VAI,Ind,VAI_n,wanishin,wanishin,NONE,2PlSubj,NONE,Dub,Neg,giwanishinziimwaadog,gi<<wanishin>>ziimwaadog,JDN-2010-MS-VAI-p16,,,,,,
VAI,Ind,VAI_V,nagamo,nagamo,NONE,2PlSubj,NONE,Dub,Neg,ginagamosiimwaadog,gi<<nagamo>>siimwaadog,JDN-2010-MS-VAI-p16,,,,,,
VAI,Ind,VAI_V,niimi,niimi,NONE,2PlSubj,NONE,Dub,Neg,giniimisiimwaadog,gi<<niimi>>siimwaadog,JDN-2010-MS-VAI-p16,,,,,,
VAI,Ind,VAI_VV,maajiibatoo,maajiibatoo,NONE,2PlSubj,NONE,Dub,Neg,gimaajiibatoosiimwaadog,gi<<maajiibatoo>>siimwaadog,JDN-2010-MS-VAI-p16,,,,,,
VAI,Ind,VAI_VV,madaabii,madaabii,NONE,2PlSubj,NONE,Dub,Neg,gimadaabiisiimwaadog,gi<<madaabii>>siimwaadog,JDN-2010-MS-VAI-p16,,,,,,
VAI,Ind,VAI_VV,nibaa,nibaa,NONE,2PlSubj,NONE,Dub,Neg,ginibaasiimwaadog,gi<<nibaa>>siimwaadog,NJ-ngs-2023Aug18; JDN-2010-MS-VAI-p16,,,,,,
VAI,Ind,VAI_VV,webinige,webinige,NONE,2PlSubj,NONE,Dub,Neg,giwebinigesiimwaadog,gi<<webinige>>siimwaadog,JDN-2010-MS-VAI-p16,,,,,,
VAI,Ind,VAI_am,zaaga'am,zaaga',NONE,2SgSubj,NONE,Dub,Neg,gizaaga'anziinaadog,gi<<zaaga'>>anziinaadog,JDN-2010-MS-VAI-p16,,,,,,
VAI,Ind,VAI_m,minongwaam,minongwaam,NONE,2SgSubj,NONE,Dub,Neg,giminongwaanziinaadog,gi<<minongwaan>>ziinaadog,JDN-2010-MS-VAI-p16,,,,,,
VAI,Ind,VAI_n,wanishin,wanishin,NONE,2SgSubj,NONE,Dub,Neg,giwanishinziinaadog,gi<<wanishin>>ziinaadog,JDN-2010-MS-VAI-p16,,,,,,
VAI,Ind,VAI_V,nagamo,nagamo,NONE,2SgSubj,NONE,Dub,Neg,ginagamosiinaadog,gi<<nagamo>>siinaadog,JDN-2010-MS-VAI-p16,,,,,,
VAI,Ind,VAI_V,niimi,niimi,NONE,2SgSubj,NONE,Dub,Neg,giniimisiinaadog,gi<<niimi>>siinaadog,JDN-2010-MS-VAI-p16,,,,,,
VAI,Ind,VAI_VV,maajiibatoo,maajiibatoo,NONE,2SgSubj,NONE,Dub,Neg,gimaajiibatoosiinaadog,gi<<maajiibatoo>>siinaadog,JDN-2010-MS-VAI-p16,,,,,,
VAI,Ind,VAI_VV,madaabii,madaabii,NONE,2SgSubj,NONE,Dub,Neg,gimadaabiisiinaadog,gi<<madaabii>>siinaadog,JDN-2010-MS-VAI-p16,,,,,,
VAI,Ind,VAI_VV,nibaa,nibaa,NONE,2SgSubj,NONE,Dub,Neg,ginibaasiinaadog,gi<<nibaa>>siinaadog,NJ-ngs-2023Aug18; JDN-2010-MS-VAI-p16,,,,,,
VAI,Ind,VAI_VV,webinige,webinige,NONE,2SgSubj,NONE,Dub,Neg,giwebinigesiinaadog,gi<<webinige>>siinaadog,JDN-2010-MS-VAI-p16,,,,,,
VAI,Ind,VAI_am,zaaga'am,zaaga',NONE,3PlObvSubj,NONE,Dub,Neg,zaaga'anziidogena',<<zaaga'>>anziidogena',GUESS,zaaga'anziidogenan,<<zaaga'>>anziidogenan,JDN-2010-MS-VAI-p16,,,
VAI,Ind,VAI_m,minongwaam,minongwaam,NONE,3PlObvSubj,NONE,Dub,Neg,minongwaanziidogena',<<minongwaan>>ziidogena',GUESS,minongwaanziidogenan,<<minongwaan>>ziidogenan,JDN-2010-MS-VAI-p16,,,
VAI,Ind,VAI_n,wanishin,wanishin,NONE,3PlObvSubj,NONE,Dub,Neg,wanishinziidogena',<<wanishin>>ziidogena',GUESS,wanishinziidogenan,<<wanishin>>ziidogenan,JDN-2010-MS-VAI-p16,,,
VAI,Ind,VAI_V,nagamo,nagamo,NONE,3PlObvSubj,NONE,Dub,Neg,nagamosiidogena',<<nagamo>>siidogena',GUESS,nagamosiidogenan,<<nagamo>>siidogenan,JDN-2010-MS-VAI-p16,,,
VAI,Ind,VAI_V,niimi,niimi,NONE,3PlObvSubj,NONE,Dub,Neg,niimisiidogena',<<niimi>>siidogena',GUESS,niimisiidogenan,<<niimi>>siidogenan,JDN-2010-MS-VAI-p16,,,
VAI,Ind,VAI_VV,maajiibatoo,maajiibatoo,NONE,3PlObvSubj,NONE,Dub,Neg,maajiibatoosiidogena',<<maajiibatoo>>siidogena',GUESS,maajiibatoosiidogenan,<<maajiibatoo>>siidogenan,JDN-2010-MS-VAI-p16,,,
VAI,Ind,VAI_VV,madaabii,madaabii,NONE,3PlObvSubj,NONE,Dub,Neg,madaabiisiidogena',<<madaabii>>siidogena',GUESS,madaabiisiidogenan,<<madaabii>>siidogenan,JDN-2010-MS-VAI-p16,,,
VAI,Ind,VAI_VV,nibaa,nibaa,NONE,3PlObvSubj,NONE,Dub,Neg,nibaasiidogena',<<nibaa>>siidogena',NJ-ngs-2023Aug18,nibaasiidogenan,<<nibaa>>siidogenan,JDN-2010-MS-VAI-p16,,,
VAI,Ind,VAI_VV,webinige,webinige,NONE,3PlObvSubj,NONE,Dub,Neg,webinigesiidogena',<<webinige>>siidogena',GUESS,webinigesiidogenan,<<webinige>>siidogenan,JDN-2010-MS-VAI-p16,,,
VAI,Ind,VAI_am,zaaga'am,zaaga',NONE,3PlProxSubj,NONE,Dub,Neg,zaaga'anziidogenag,<<zaaga'>>anziidogenag,JDN-2010-MS-VAI-p16,,,,,,
VAI,Ind,VAI_m,minongwaam,minongwaam,NONE,3PlProxSubj,NONE,Dub,Neg,minongwaanziidogenag,<<minongwaan>>ziidogenag,JDN-2010-MS-VAI-p16,,,,,,
VAI,Ind,VAI_n,wanishin,wanishin,NONE,3PlProxSubj,NONE,Dub,Neg,wanishinziidogenag,<<wanishin>>ziidogenag,JDN-2010-MS-VAI-p16,,,,,,
VAI,Ind,VAI_V,nagamo,nagamo,NONE,3PlProxSubj,NONE,Dub,Neg,nagamosiidogenag,<<nagamo>>siidogenag,JDN-2010-MS-VAI-p16,,,,,,
VAI,Ind,VAI_V,niimi,niimi,NONE,3PlProxSubj,NONE,Dub,Neg,niimisiidogenag,<<niimi>>siidogenag,JDN-2010-MS-VAI-p16,,,,,,
VAI,Ind,VAI_VV,maajiibatoo,maajiibatoo,NONE,3PlProxSubj,NONE,Dub,Neg,maajiibatoosiidogenag,<<maajiibatoo>>siidogenag,JDN-2010-MS-VAI-p16,,,,,,
VAI,Ind,VAI_VV,madaabii,madaabii,NONE,3PlProxSubj,NONE,Dub,Neg,madaabiisiidogenag,<<madaabii>>siidogenag,JDN-2010-MS-VAI-p16,,,,,,
VAI,Ind,VAI_VV,nibaa,nibaa,NONE,3PlProxSubj,NONE,Dub,Neg,nibaasiidogenag,<<nibaa>>siidogenag,NJ-ngs-2023Aug18; JDN-2010-MS-VAI-p16,,,,,,
VAI,Ind,VAI_VV,webinige,webinige,NONE,3PlProxSubj,NONE,Dub,Neg,webinigesiidogenag,<<webinige>>siidogenag,JDN-2010-MS-VAI-p16,,,,,,
VAI,Ind,VAI_am,zaaga'am,zaaga',NONE,3SgObvSubj,NONE,Dub,Neg,zaaga'anziidogenan,<<zaaga'>>anziidogenan,JDN-2010-MS-VAI-p16,,,,,,
VAI,Ind,VAI_m,minongwaam,minongwaam,NONE,3SgObvSubj,NONE,Dub,Neg,minongwaanziidogenan,<<minongwaan>>ziidogenan,JDN-2010-MS-VAI-p16,,,,,,
VAI,Ind,VAI_n,wanishin,wanishin,NONE,3SgObvSubj,NONE,Dub,Neg,wanishinziidogenan,<<wanishin>>ziidogenan,JDN-2010-MS-VAI-p16,,,,,,
VAI,Ind,VAI_V,nagamo,nagamo,NONE,3SgObvSubj,NONE,Dub,Neg,nagamosiidogenan,<<nagamo>>siidogenan,JDN-2010-MS-VAI-p16,,,,,,
VAI,Ind,VAI_V,niimi,niimi,NONE,3SgObvSubj,NONE,Dub,Neg,niimisiidogenan,<<niimi>>siidogenan,JDN-2010-MS-VAI-p16,,,,,,
VAI,Ind,VAI_VV,maajiibatoo,maajiibatoo,NONE,3SgObvSubj,NONE,Dub,Neg,maajiibatoosiidogenan,<<maajiibatoo>>siidogenan,JDN-2010-MS-VAI-p16,,,,,,
VAI,Ind,VAI_VV,madaabii,madaabii,NONE,3SgObvSubj,NONE,Dub,Neg,madaabiisiidogenan,<<madaabii>>siidogenan,JDN-2010-MS-VAI-p16,,,,,,
VAI,Ind,VAI_VV,nibaa,nibaa,NONE,3SgObvSubj,NONE,Dub,Neg,nibaasiidogenan,<<nibaa>>siidogenan,NJ-ngs-2023Aug18; JDN-2010-MS-VAI-p16,,,,,,
VAI,Ind,VAI_VV,webinige,webinige,NONE,3SgObvSubj,NONE,Dub,Neg,webinigesiidogenan,<<webinige>>siidogenan,JDN-2010-MS-VAI-p16,,,,,,
VAI,Ind,VAI_am,zaaga'am,zaaga',NONE,3SgProxSubj,NONE,Dub,Neg,zaaga'anziidog,<<zaaga'>>anziidog,JDN-2010-MS-VAI-p16,,,,,,
VAI,Ind,VAI_m,minongwaam,minongwaam,NONE,3SgProxSubj,NONE,Dub,Neg,minongwaanziidog,<<minongwaan>>ziidog,JDN-2010-MS-VAI-p16,,,,,,
VAI,Ind,VAI_n,wanishin,wanishin,NONE,3SgProxSubj,NONE,Dub,Neg,wanishinziidog,<<wanishin>>ziidog,JDN-2010-MS-VAI-p16,,,,,,
VAI,Ind,VAI_V,nagamo,nagamo,NONE,3SgProxSubj,NONE,Dub,Neg,nagamosiidog,<<nagamo>>siidog,JDN-2010-MS-VAI-p16,,,,,,
VAI,Ind,VAI_V,niimi,niimi,NONE,3SgProxSubj,NONE,Dub,Neg,niimisiidog,<<niimi>>siidog,JDN-2010-MS-VAI-p16,,,,,,
VAI,Ind,VAI_VV,maajiibatoo,maajiibatoo,NONE,3SgProxSubj,NONE,Dub,Neg,maajiibatoosiidog,<<maajiibatoo>>siidog,JDN-2010-MS-VAI-p16,,,,,,
VAI,Ind,VAI_VV,madaabii,madaabii,NONE,3SgProxSubj,NONE,Dub,Neg,madaabiisiidog,<<madaabii>>siidog,JDN-2010-MS-VAI-p16,,,,,,
VAI,Ind,VAI_VV,nibaa,nibaa,NONE,3SgProxSubj,NONE,Dub,Neg,nibaasiidog,<<nibaa>>siidog,NJ-ngs-2023Aug18; JDN-2010-MS-VAI-p16,,,,,,
VAI,Ind,VAI_VV,webinige,webinige,NONE,3SgProxSubj,NONE,Dub,Neg,webinigesiidog,<<webinige>>siidog,JDN-2010-MS-VAI-p16,,,,,,
VAI,Ind,VAI_am,zaaga'am,zaaga',NONE,ExclSubj,NONE,Dub,Neg,nizaaga'anziiminaadog,ni<<zaaga'>>anziiminaadog,JDN-2010-MS-VAI-p16,,,,,,
VAI,Ind,VAI_m,minongwaam,minongwaam,NONE,ExclSubj,NONE,Dub,Neg,niminongwaanziiminaadog,ni<<minongwaan>>ziiminaadog,JDN-2010-MS-VAI-p16,,,,,,
VAI,Ind,VAI_n,wanishin,wanishin,NONE,ExclSubj,NONE,Dub,Neg,niwanishinziiminaadog,ni<<wanishin>>ziiminaadog,JDN-2010-MS-VAI-p16,,,,,,
VAI,Ind,VAI_V,nagamo,nagamo,NONE,ExclSubj,NONE,Dub,Neg,ninagamosiiminaadog,ni<<nagamo>>siiminaadog,JDN-2010-MS-VAI-p16,,,,,,
VAI,Ind,VAI_V,niimi,niimi,NONE,ExclSubj,NONE,Dub,Neg,niniimisiiminaadog,ni<<niimi>>siiminaadog,JDN-2010-MS-VAI-p16,,,,,,
VAI,Ind,VAI_VV,maajiibatoo,maajiibatoo,NONE,ExclSubj,NONE,Dub,Neg,nimaajiibatoosiiminaadog,ni<<maajiibatoo>>siiminaadog,JDN-2010-MS-VAI-p16,,,,,,
VAI,Ind,VAI_VV,madaabii,madaabii,NONE,ExclSubj,NONE,Dub,Neg,nimadaabiisiiminaadog,ni<<madaabii>>siiminaadog,JDN-2010-MS-VAI-p16,,,,,,
VAI,Ind,VAI_VV,nibaa,nibaa,NONE,ExclSubj,NONE,Dub,Neg,ninibaasiiminaadog,ni<<nibaa>>siiminaadog,NJ-ngs-2023Aug18; JDN-2010-MS-VAI-p16,,,,,,
VAI,Ind,VAI_VV,webinige,webinige,NONE,ExclSubj,NONE,Dub,Neg,niwebinigesiiminaadog,ni<<webinige>>siiminaadog,JDN-2010-MS-VAI-p16,,,,,,
VAI,Ind,VAI_am,zaaga'am,zaaga',NONE,InclSubj,NONE,Dub,Neg,gizaaga'anziiminaadog,gi<<zaaga'>>anziiminaadog,JDN-2010-MS-VAI-p16,,,,,,
VAI,Ind,VAI_m,minongwaam,minongwaam,NONE,InclSubj,NONE,Dub,Neg,giminongwaanziiminaadog,gi<<minongwaan>>ziiminaadog,JDN-2010-MS-VAI-p16,,,,,,
VAI,Ind,VAI_n,wanishin,wanishin,NONE,InclSubj,NONE,Dub,Neg,giwanishinziiminaadog,gi<<wanishin>>ziiminaadog,JDN-2010-MS-VAI-p16,,,,,,
VAI,Ind,VAI_V,nagamo,nagamo,NONE,InclSubj,NONE,Dub,Neg,ginagamosiiminaadog,gi<<nagamo>>siiminaadog,JDN-2010-MS-VAI-p16,,,,,,
VAI,Ind,VAI_V,niimi,niimi,NONE,InclSubj,NONE,Dub,Neg,giniimisiiminaadog,gi<<niimi>>siiminaadog,JDN-2010-MS-VAI-p16,,,,,,
VAI,Ind,VAI_VV,maajiibatoo,maajiibatoo,NONE,InclSubj,NONE,Dub,Neg,gimaajiibatoosiiminaadog,gi<<maajiibatoo>>siiminaadog,JDN-2010-MS-VAI-p16,,,,,,
VAI,Ind,VAI_VV,madaabii,madaabii,NONE,InclSubj,NONE,Dub,Neg,gimadaabiisiiminaadog,gi<<madaabii>>siiminaadog,JDN-2010-MS-VAI-p16,,,,,,
VAI,Ind,VAI_VV,nibaa,nibaa,NONE,InclSubj,NONE,Dub,Neg,ginibaasiiminaadog,gi<<nibaa>>siiminaadog,NJ-ngs-2023Aug18; JDN-2010-MS-VAI-p16,,,,,,
VAI,Ind,VAI_VV,webinige,webinige,NONE,InclSubj,NONE,Dub,Neg,giwebinigesiiminaadog,gi<<webinige>>siiminaadog,JDN-2010-MS-VAI-p16,,,,,,
VAI,Ind,VAI_am,zaaga'am,zaaga',NONE,XSubj,NONE,Dub,Neg,zaaga'anziimwaadog,<<zaaga'>>anziimwaadog,JDN-2010-MS-VAI-p16,,,,,,
VAI,Ind,VAI_m,minongwaam,minongwaam,NONE,XSubj,NONE,Dub,Neg,minongwaanziimwaadog,<<minongwaan>>ziimwaadog,JDN-2010-MS-VAI-p16,,,,,,
VAI,Ind,VAI_n,wanishin,wanishin,NONE,XSubj,NONE,Dub,Neg,wanishinziimwaadog,<<wanishin>>ziimwaadog,JDN-2010-MS-VAI-p16,,,,,,
VAI,Ind,VAI_V,nagamo,nagamo,NONE,XSubj,NONE,Dub,Neg,nagamosiimwaadog,<<nagamo>>siimwaadog,JDN-2010-MS-VAI-p16,,,,,,
VAI,Ind,VAI_V,niimi,niimi,NONE,XSubj,NONE,Dub,Neg,niimisiimwaadog,<<niimi>>siimwaadog,JDN-2010-MS-VAI-p16,,,,,,
VAI,Ind,VAI_VV,maajiibatoo,maajiibatoo,NONE,XSubj,NONE,Dub,Neg,maajiibatoosiimwaadog,<<maajiibatoo>>siimwaadog,JDN-2010-MS-VAI-p16,,,,,,
VAI,Ind,VAI_VV,madaabii,madaabii,NONE,XSubj,NONE,Dub,Neg,madaabiisiimwaadog,<<madaabii>>siimwaadog,JDN-2010-MS-VAI-p16,,,,,,
VAI,Ind,VAI_VV,nibaa,nibaa,NONE,XSubj,NONE,Dub,Neg,nibaasiimwaadog,<<nibaa>>siimwaadog,NJ-ngs-2023Aug18; JDN-2010-MS-VAI-p16,,,,,,
VAI,Ind,VAI_VV,webinige,webinige,NONE,XSubj,NONE,Dub,Neg,webinigesiimwaadog,<<webinige>>siimwaadog,JDN-2010-MS-VAI-p16,,,,,,
VAI,Ind,VAI_am,zaaga'am,zaaga',NONE,1SgSubj,NONE,Dub,Pos,nizaaga'aanaadog,ni<<zaaga'>>aanaadog,JDN-2010-MS-VAI-p15,,,,,,
VAI,Ind,VAI_m,minongwaam,minongwaam,NONE,1SgSubj,NONE,Dub,Pos,niminongwaaminaadog,ni<<minongwaam>>inaadog,JDN-2010-MS-VAI-p15,,,,,,
VAI,Ind,VAI_n,wanishin,wanishin,NONE,1SgSubj,NONE,Dub,Pos,niwanishininaadog,ni<<wanishin>>inaadog,JDN-2010-MS-VAI-p15,,,,,,
VAI,Ind,VAI_V,nagamo,nagamo,NONE,1SgSubj,NONE,Dub,Pos,ninagamonaadog,ni<<nagamo>>naadog,JDN-2010-MS-VAI-p15,,,,,,
VAI,Ind,VAI_V,niimi,niimi,NONE,1SgSubj,NONE,Dub,Pos,niniiminaadog,ni<<niimi>>naadog,JDN-2010-MS-VAI-p15,,,,,,
VAI,Ind,VAI_VV,maajiibatoo,maajiibatoo,NONE,1SgSubj,NONE,Dub,Pos,nimaajiibatoonaadog,ni<<maajiibatoo>>naadog,JDN-2010-MS-VAI-p15,,,,,,
VAI,Ind,VAI_VV,madaabii,madaabii,NONE,1SgSubj,NONE,Dub,Pos,nimadaabiinaadog,ni<<madaabii>>naadog,JDN-2010-MS-VAI-p15,,,,,,
VAI,Ind,VAI_VV,nibaa,nibaa,NONE,1SgSubj,NONE,Dub,Pos,ninibaanaadog,ni<<nibaa>>naadog,NJ-ngs-2023Aug18; JDN-2010-MS-VAI-p15,,,,,,
VAI,Ind,VAI_VV,webinige,webinige,NONE,1SgSubj,NONE,Dub,Pos,niwebinigenaadog,ni<<webinige>>naadog,JDN-2010-MS-VAI-p15,,,,,,
VAI,Ind,VAI_am,zaaga'am,zaaga',NONE,2PlSubj,NONE,Dub,Pos,gizaaga'aamwaadog,gi<<zaaga'>>aamwaadog,JDN-2010-MS-VAI-p15,,,,,,
VAI,Ind,VAI_m,minongwaam,minongwaam,NONE,2PlSubj,NONE,Dub,Pos,giminongwaamimwaadog,gi<<minongwaam>>imwaadog,JDN-2010-MS-VAI-p15,,,,,,
VAI,Ind,VAI_n,wanishin,wanishin,NONE,2PlSubj,NONE,Dub,Pos,giwanishinimwaadog,gi<<wanishin>>imwaadog,JDN-2010-MS-VAI-p15,,,,,,
VAI,Ind,VAI_V,nagamo,nagamo,NONE,2PlSubj,NONE,Dub,Pos,ginagamomwaadog,gi<<nagamo>>mwaadog,JDN-2010-MS-VAI-p15,,,,,,
VAI,Ind,VAI_V,niimi,niimi,NONE,2PlSubj,NONE,Dub,Pos,giniimimwaadog,gi<<niimi>>mwaadog,JDN-2010-MS-VAI-p15,,,,,,
VAI,Ind,VAI_VV,maajiibatoo,maajiibatoo,NONE,2PlSubj,NONE,Dub,Pos,gimaajiibatoomwaadog,gi<<maajiibatoo>>mwaadog,JDN-2010-MS-VAI-p15,,,,,,
VAI,Ind,VAI_VV,madaabii,madaabii,NONE,2PlSubj,NONE,Dub,Pos,gimadaabiimwaadog,gi<<madaabii>>mwaadog,JDN-2010-MS-VAI-p15,,,,,,
VAI,Ind,VAI_VV,nibaa,nibaa,NONE,2PlSubj,NONE,Dub,Pos,ginibaamwaadog,gi<<nibaa>>mwaadog,NJ-ngs-2023Aug18; JDN-2010-MS-VAI-p15,,,,,,
VAI,Ind,VAI_VV,webinige,webinige,NONE,2PlSubj,NONE,Dub,Pos,giwebinigemwaadog,gi<<webinige>>mwaadog,JDN-2010-MS-VAI-p15,,,,,,
VAI,Ind,VAI_am,zaaga'am,zaaga',NONE,2SgSubj,NONE,Dub,Pos,gizaaga'aanaadog,gi<<zaaga'>>aanaadog,JDN-2010-MS-VAI-p15,,,,,,
VAI,Ind,VAI_m,minongwaam,minongwaam,NONE,2SgSubj,NONE,Dub,Pos,giminongwaaminaadog,gi<<minongwaam>>inaadog,JDN-2010-MS-VAI-p15,,,,,,
VAI,Ind,VAI_n,wanishin,wanishin,NONE,2SgSubj,NONE,Dub,Pos,giwanishininaadog,gi<<wanishin>>inaadog,JDN-2010-MS-VAI-p15,,,,,,
VAI,Ind,VAI_V,nagamo,nagamo,NONE,2SgSubj,NONE,Dub,Pos,ginagamonaadog,gi<<nagamo>>naadog,JDN-2010-MS-VAI-p15,,,,,,
VAI,Ind,VAI_V,niimi,niimi,NONE,2SgSubj,NONE,Dub,Pos,giniiminaadog,gi<<niimi>>naadog,JDN-2010-MS-VAI-p15,,,,,,
VAI,Ind,VAI_VV,maajiibatoo,maajiibatoo,NONE,2SgSubj,NONE,Dub,Pos,gimaajiibatoonaadog,gi<<maajiibatoo>>naadog,JDN-2010-MS-VAI-p15,,,,,,
VAI,Ind,VAI_VV,madaabii,madaabii,NONE,2SgSubj,NONE,Dub,Pos,gimadaabiinaadog,gi<<madaabii>>naadog,JDN-2010-MS-VAI-p15,,,,,,
VAI,Ind,VAI_VV,nibaa,nibaa,NONE,2SgSubj,NONE,Dub,Pos,ginibaanaadog,gi<<nibaa>>naadog,NJ-ngs-2023Aug18; JDN-2010-MS-VAI-p15,,,,,,
VAI,Ind,VAI_VV,webinige,webinige,NONE,2SgSubj,NONE,Dub,Pos,giwebinigenaadog,gi<<webinige>>naadog,JDN-2010-MS-VAI-p15,,,,,,
VAI,Ind,VAI_am,zaaga'am,zaaga',NONE,3PlObvSubj,NONE,Dub,Pos,zaaga'amodogena',<<zaaga'>>amodogena',GUESS,zaaga'amowidogenan,<<zaaga'>>amowidogenan,JDN-2010-MS-VAI-p15,zaaga'amowidogena',<<zaaga'>>amowidogena',JDN-2010-MS-VAI-p15
VAI,Ind,VAI_m,minongwaam,minongwaam,NONE,3PlObvSubj,NONE,Dub,Pos,minongwaamodogena',<<minongwaam>>odogena',GUESS,minongwaamowidogenan,<<minongwaam>>owidogenan,JDN-2010-MS-VAI-p15,minongwaamowidogena',<<minongwaam>>owidogena',JDN-2010-MS-VAI-p15
VAI,Ind,VAI_n,wanishin,wanishin,NONE,3PlObvSubj,NONE,Dub,Pos,wanishinodogena',<<wanishin>>odogena',GUESS,wanishinowidogenan,<<wanishin>>owidogenan,JDN-2010-MS-VAI-p15,wanishinowidogena',<<wanishin>>owidogena',JDN-2010-MS-VAI-p15
VAI,Ind,VAI_V,nagamo,nagamo,NONE,3PlObvSubj,NONE,Dub,Pos,nagamodogena',<<nagamo>>dogena',GUESS,nagamowidogenan,<<nagamo>>widogenan,JDN-2010-MS-VAI-p15,nagamowidogena',<<nagamo>>widogena',JDN-2010-MS-VAI-p15
VAI,Ind,VAI_V,niimi,niimi,NONE,3PlObvSubj,NONE,Dub,Pos,niimidogena',<<niimi>>dogena',GUESS,niimiwidogenan,<<niimi>>widogenan,JDN-2010-MS-VAI-p15,niimiwidogena',<<niimi>>widogena',JDN-2010-MS-VAI-p15
VAI,Ind,VAI_VV,maajiibatoo,maajiibatoo,NONE,3PlObvSubj,NONE,Dub,Pos,maajiibatoodogena',<<maajiibatoo>>dogena',GUESS,maajiibatoodogenan,<<maajiibatoo>>dogenan,JDN-2010-MS-VAI-p15,,,
VAI,Ind,VAI_VV,madaabii,madaabii,NONE,3PlObvSubj,NONE,Dub,Pos,madaabiidogena',<<madaabii>>dogena',GUESS,madaabiidogenan,<<madaabii>>dogenan,JDN-2010-MS-VAI-p15,,,
VAI,Ind,VAI_VV,nibaa,nibaa,NONE,3PlObvSubj,NONE,Dub,Pos,nibaadogena',<<nibaa>>dogena',NJ-ngs-2023Aug18,nibaadogenan,<<nibaa>>dogenan,JDN-2010-MS-VAI-p15,,,
VAI,Ind,VAI_VV,webinige,webinige,NONE,3PlObvSubj,NONE,Dub,Pos,webinigedogena',<<webinige>>dogena',GUESS,webinigedogenan,<<webinige>>dogenan,JDN-2010-MS-VAI-p15,,,
VAI,Ind,VAI_am,zaaga'am,zaaga',NONE,3PlProxSubj,NONE,Dub,Pos,zaaga'amodogenan,<<zaaga'>>amodogenan,JDN-2010-MS-VAI-p15,zaaga'amowidogenag,<<zaaga'>>amowidogenag,JDN-2010-MS-VAI-p15,,,
VAI,Ind,VAI_m,minongwaam,minongwaam,NONE,3PlProxSubj,NONE,Dub,Pos,minongwaamodogenag,<<minongwaam>>odogenag,JDN-2010-MS-VAI-p15,minongwaamowidogenag,<<minongwaam>>owidogenag,JDN-2010-MS-VAI-p15,,,
VAI,Ind,VAI_n,wanishin,wanishin,NONE,3PlProxSubj,NONE,Dub,Pos,wanishinodogenag,<<wanishin>>odogenag,JDN-2010-MS-VAI-p15,wanishinowidogenag,<<wanishin>>owidogenag,JDN-2010-MS-VAI-p15,,,
VAI,Ind,VAI_V,nagamo,nagamo,NONE,3PlProxSubj,NONE,Dub,Pos,nagamodogenag,<<nagamo>>dogenag,JDN-2010-MS-VAI-p15,nagamowidogenag,<<nagamo>>widogenag,JDN-2010-MS-VAI-p15,,,
VAI,Ind,VAI_V,niimi,niimi,NONE,3PlProxSubj,NONE,Dub,Pos,niimidogenag,<<niimi>>dogenag,JDN-2010-MS-VAI-p15,niimiwidogenag,<<niimi>>widogenag,JDN-2010-MS-VAI-p15,,,
VAI,Ind,VAI_VV,maajiibatoo,maajiibatoo,NONE,3PlProxSubj,NONE,Dub,Pos,maajiibatoodogenag,<<maajiibatoo>>dogenag,JDN-2010-MS-VAI-p15,,,,,,
VAI,Ind,VAI_VV,madaabii,madaabii,NONE,3PlProxSubj,NONE,Dub,Pos,madaabiidogenag,<<madaabii>>dogenag,JDN-2010-MS-VAI-p15,,,,,,
VAI,Ind,VAI_VV,nibaa,nibaa,NONE,3PlProxSubj,NONE,Dub,Pos,nibaadogenag,<<nibaa>>dogenag,NJ-ngs-2023Aug18; JDN-2010-MS-VAI-p15,,,,,,
VAI,Ind,VAI_VV,webinige,webinige,NONE,3PlProxSubj,NONE,Dub,Pos,webinigedogenag,<<webinige>>dogenag,JDN-2010-MS-VAI-p15,,,,,,
VAI,Ind,VAI_am,zaaga'am,zaaga',NONE,3SgObvSubj,NONE,Dub,Pos,zaaga'amodogenan,<<zaaga'>>amodogenan,JDN-2010-MS-VAI-p15,zaaga'amowidogenan,<<zaaga'>>amowidogenan,JDN-2010-MS-VAI-p15,,,
VAI,Ind,VAI_m,minongwaam,minongwaam,NONE,3SgObvSubj,NONE,Dub,Pos,minongwaamodogenan,<<minongwaam>>odogenan,JDN-2010-MS-VAI-p15,minongwaamowidogenan,<<minongwaam>>owidogenan,JDN-2010-MS-VAI-p15,,,
VAI,Ind,VAI_n,wanishin,wanishin,NONE,3SgObvSubj,NONE,Dub,Pos,wanishinodogenan,<<wanishin>>odogenan,JDN-2010-MS-VAI-p15,wanishinowidogenan,<<wanishin>>owidogenan,JDN-2010-MS-VAI-p15,,,
VAI,Ind,VAI_V,nagamo,nagamo,NONE,3SgObvSubj,NONE,Dub,Pos,nagamodogenan,<<nagamo>>dogenan,JDN-2010-MS-VAI-p15,nagamowidogenan,<<nagamo>>widogenan,JDN-2010-MS-VAI-p15,,,
VAI,Ind,VAI_V,niimi,niimi,NONE,3SgObvSubj,NONE,Dub,Pos,niimidogenan,<<niimi>>dogenan,JDN-2010-MS-VAI-p15,niimiwidogenan,<<niimi>>widogenan,JDN-2010-MS-VAI-p15,,,
VAI,Ind,VAI_VV,maajiibatoo,maajiibatoo,NONE,3SgObvSubj,NONE,Dub,Pos,maajiibatoodogenan,<<maajiibatoo>>dogenan,JDN-2010-MS-VAI-p15,,,,,,
VAI,Ind,VAI_VV,madaabii,madaabii,NONE,3SgObvSubj,NONE,Dub,Pos,madaabiidogenan,<<madaabii>>dogenan,JDN-2010-MS-VAI-p15,,,,,,
VAI,Ind,VAI_VV,nibaa,nibaa,NONE,3SgObvSubj,NONE,Dub,Pos,nibaadogenan,<<nibaa>>dogenan,NJ-ngs-2023Aug18; JDN-2010-MS-VAI-p15,,,,,,
VAI,Ind,VAI_VV,webinige,webinige,NONE,3SgObvSubj,NONE,Dub,Pos,webinigedogenan,<<webinige>>dogenan,JDN-2010-MS-VAI-p15,,,,,,
VAI,Ind,VAI_am,zaaga'am,zaaga',NONE,3SgProxSubj,NONE,Dub,Pos,zaaga'amodog,<<zaaga'>>amodog,JDN-2010-MS-VAI-p15,zaaga'amowidog,<<zaaga'>>amowidog,JDN-2010-MS-VAI-p15,,,
VAI,Ind,VAI_m,minongwaam,minongwaam,NONE,3SgProxSubj,NONE,Dub,Pos,minongwaamodog,<<minongwaam>>odog,JDN-2010-MS-VAI-p15,minongwaamowidog,<<minongwaam>>owidog,JDN-2010-MS-VAI-p15,,,
VAI,Ind,VAI_n,wanishin,wanishin,NONE,3SgProxSubj,NONE,Dub,Pos,wanishinodog,<<wanishin>>odog,JDN-2010-MS-VAI-p15,wanishinowidog,<<wanishin>>owidog,JDN-2010-MS-VAI-p15,,,
VAI,Ind,VAI_V,nagamo,nagamo,NONE,3SgProxSubj,NONE,Dub,Pos,nagamodog,<<nagamo>>dog,JDN-2010-MS-VAI-p15,nagamowidog,<<nagamo>>widog,JDN-2010-MS-VAI-p15,,,
VAI,Ind,VAI_V,niimi,niimi,NONE,3SgProxSubj,NONE,Dub,Pos,niimidog,<<niimi>>dog,JDN-2010-MS-VAI-p15,niimiwidog,<<niimi>>widog,JDN-2010-MS-VAI-p15,,,
VAI,Ind,VAI_VV,maajiibatoo,maajiibatoo,NONE,3SgProxSubj,NONE,Dub,Pos,maajiibatoodog,<<maajiibatoo>>dog,JDN-2010-MS-VAI-p15,,,,,,
VAI,Ind,VAI_VV,madaabii,madaabii,NONE,3SgProxSubj,NONE,Dub,Pos,madaabiidog,<<madaabii>>dog,JDN-2010-MS-VAI-p15,,,,,,
VAI,Ind,VAI_VV,nibaa,nibaa,NONE,3SgProxSubj,NONE,Dub,Pos,nibaadog,<<nibaa>>dog,NJ-ngs-2023Aug18; JDN-2010-MS-VAI-p15,,,,,,
VAI,Ind,VAI_VV,webinige,webinige,NONE,3SgProxSubj,NONE,Dub,Pos,webinigedog,<<webinige>>dog,JDN-2010-MS-VAI-p15,,,,,,
VAI,Ind,VAI_am,zaaga'am,zaaga',NONE,ExclSubj,NONE,Dub,Pos,nizaaga'aaminaadog,ni<<zaaga'>>aaminaadog,JDN-2010-MS-VAI-p15,,,,,,
VAI,Ind,VAI_m,minongwaam,minongwaam,NONE,ExclSubj,NONE,Dub,Pos,niminongwaamiminaadog,ni<<minongwaam>>iminaadog,JDN-2010-MS-VAI-p15,,,,,,
VAI,Ind,VAI_n,wanishin,wanishin,NONE,ExclSubj,NONE,Dub,Pos,niwanishiniminaadog,ni<<wanishin>>iminaadog,JDN-2010-MS-VAI-p15,,,,,,
VAI,Ind,VAI_V,nagamo,nagamo,NONE,ExclSubj,NONE,Dub,Pos,ninagamominaadog,ni<<nagamo>>minaadog,JDN-2010-MS-VAI-p15,,,,,,
VAI,Ind,VAI_V,niimi,niimi,NONE,ExclSubj,NONE,Dub,Pos,niniimiminaadog,ni<<niimi>>minaadog,JDN-2010-MS-VAI-p15,,,,,,
VAI,Ind,VAI_VV,maajiibatoo,maajiibatoo,NONE,ExclSubj,NONE,Dub,Pos,nimaajiibatoominaadog,ni<<maajiibatoo>>minaadog,JDN-2010-MS-VAI-p15,,,,,,
VAI,Ind,VAI_VV,madaabii,madaabii,NONE,ExclSubj,NONE,Dub,Pos,nimadaabiiminaadog,ni<<madaabii>>minaadog,JDN-2010-MS-VAI-p15,,,,,,
VAI,Ind,VAI_VV,nibaa,nibaa,NONE,ExclSubj,NONE,Dub,Pos,ninibaaminaadog,ni<<nibaa>>minaadog,NJ-ngs-2023Aug18; JDN-2010-MS-VAI-p15,,,,,,
VAI,Ind,VAI_VV,webinige,webinige,NONE,ExclSubj,NONE,Dub,Pos,niwebinigeminaadog,ni<<webinige>>minaadog,JDN-2010-MS-VAI-p15,,,,,,
VAI,Ind,VAI_am,zaaga'am,zaaga',NONE,InclSubj,NONE,Dub,Pos,gizaaga'aaminaadog,gi<<zaaga'>>aaminaadog,JDN-2010-MS-VAI-p15,,,,,,
VAI,Ind,VAI_m,minongwaam,minongwaam,NONE,InclSubj,NONE,Dub,Pos,giminongwaamiminaadog,gi<<minongwaam>>iminaadog,JDN-2010-MS-VAI-p15,,,,,,
VAI,Ind,VAI_n,wanishin,wanishin,NONE,InclSubj,NONE,Dub,Pos,giwanishiniminaadog,gi<<wanishin>>iminaadog,JDN-2010-MS-VAI-p15,,,,,,
VAI,Ind,VAI_V,nagamo,nagamo,NONE,InclSubj,NONE,Dub,Pos,ginagamominaadog,gi<<nagamo>>minaadog,JDN-2010-MS-VAI-p15,,,,,,
VAI,Ind,VAI_V,niimi,niimi,NONE,InclSubj,NONE,Dub,Pos,giniimiminaadog,gi<<niimi>>minaadog,JDN-2010-MS-VAI-p15,,,,,,
VAI,Ind,VAI_VV,maajiibatoo,maajiibatoo,NONE,InclSubj,NONE,Dub,Pos,gimaajiibatoominaadog,gi<<maajiibatoo>>minaadog,JDN-2010-MS-VAI-p15,,,,,,
VAI,Ind,VAI_VV,madaabii,madaabii,NONE,InclSubj,NONE,Dub,Pos,gimadaabiiminaadog,gi<<madaabii>>minaadog,JDN-2010-MS-VAI-p15,,,,,,
VAI,Ind,VAI_VV,nibaa,nibaa,NONE,InclSubj,NONE,Dub,Pos,ginibaaminaadog,gi<<nibaa>>minaadog,NJ-ngs-2023Aug18; JDN-2010-MS-VAI-p15,,,,,,
VAI,Ind,VAI_VV,webinige,webinige,NONE,InclSubj,NONE,Dub,Pos,giwebinigeminaadog,gi<<webinige>>minaadog,JDN-2010-MS-VAI-p15,,,,,,
VAI,Ind,VAI_am,zaaga'am,zaaga',NONE,XSubj,NONE,Dub,Pos,zaaga'aamwaadog,<<zaaga'>>aamwaadog,JDN-2010-MS-VAI-p15,,,,,,
VAI,Ind,VAI_m,minongwaam,minongwaam,NONE,XSubj,NONE,Dub,Pos,minongwaamimwaadog,<<minongwaam>>imwaadog,JDN-2010-MS-VAI-p15,,,,,,
VAI,Ind,VAI_n,wanishin,wanishin,NONE,XSubj,NONE,Dub,Pos,wanishinimwaadog,<<wanishin>>imwaadog,JDN-2010-MS-VAI-p15,,,,,,
VAI,Ind,VAI_V,nagamo,nagamo,NONE,XSubj,NONE,Dub,Pos,nagamomwaadog,<<nagamo>>mwaadog,JDN-2010-MS-VAI-p15,,,,,,
VAI,Ind,VAI_V,niimi,niimi,NONE,XSubj,NONE,Dub,Pos,niimimwaadog,<<niimi>>mwaadog,JDN-2010-MS-VAI-p15,,,,,,
VAI,Ind,VAI_VV,maajiibatoo,maajiibatoo,NONE,XSubj,NONE,Dub,Pos,maajiibatoomwaadog,<<maajiibatoo>>mwaadog,JDN-2010-MS-VAI-p15,,,,,,
VAI,Ind,VAI_VV,madaabii,madaabii,NONE,XSubj,NONE,Dub,Pos,madaabiimwaadog,<<madaabii>>mwaadog,JDN-2010-MS-VAI-p15,,,,,,
VAI,Ind,VAI_VV,nibaa,nibaa,NONE,XSubj,NONE,Dub,Pos,nibaamwaadog,<<nibaa>>mwaadog,NJ-ngs-2023Aug18; JDN-2010-MS-VAI-p15,,,,,,
VAI,Ind,VAI_VV,webinige,webinige,NONE,XSubj,NONE,Dub,Pos,webinigemwaadog,<<webinige>>mwaadog,JDN-2010-MS-VAI-p15,,,,,,
VAI,Ind,VAI_am,zaaga'am,zaaga',NONE,1SgSubj,NONE,DubPrt,Neg,MISSING,,,,,,,,
VAI,Ind,VAI_m,minongwaam,minongwaam,NONE,1SgSubj,NONE,DubPrt,Neg,MISSING,,,,,,,,
VAI,Ind,VAI_n,wanishin,wanishin,NONE,1SgSubj,NONE,DubPrt,Neg,MISSING,,,,,,,,
VAI,Ind,VAI_V,nagamo,nagamo,NONE,1SgSubj,NONE,DubPrt,Neg,MISSING,,,,,,,,
VAI,Ind,VAI_V,niimi,niimi,NONE,1SgSubj,NONE,DubPrt,Neg,MISSING,,,,,,,,
VAI,Ind,VAI_VV,maajiibatoo,maajiibatoo,NONE,1SgSubj,NONE,DubPrt,Neg,MISSING,,,,,,,,
VAI,Ind,VAI_VV,madaabii,madaabii,NONE,1SgSubj,NONE,DubPrt,Neg,MISSING,,,,,,,,
VAI,Ind,VAI_VV,nibaa,nibaa,NONE,1SgSubj,NONE,DubPrt,Neg,MISSING,,,,,,,,
VAI,Ind,VAI_VV,webinige,webinige,NONE,1SgSubj,NONE,DubPrt,Neg,MISSING,,,,,,,,
VAI,Ind,VAI_am,zaaga'am,zaaga',NONE,2PlSubj,NONE,DubPrt,Neg,MISSING,,,,,,,,
VAI,Ind,VAI_m,minongwaam,minongwaam,NONE,2PlSubj,NONE,DubPrt,Neg,MISSING,,,,,,,,
VAI,Ind,VAI_n,wanishin,wanishin,NONE,2PlSubj,NONE,DubPrt,Neg,MISSING,,,,,,,,
VAI,Ind,VAI_V,nagamo,nagamo,NONE,2PlSubj,NONE,DubPrt,Neg,MISSING,,,,,,,,
VAI,Ind,VAI_V,niimi,niimi,NONE,2PlSubj,NONE,DubPrt,Neg,MISSING,,,,,,,,
VAI,Ind,VAI_VV,maajiibatoo,maajiibatoo,NONE,2PlSubj,NONE,DubPrt,Neg,MISSING,,,,,,,,
VAI,Ind,VAI_VV,madaabii,madaabii,NONE,2PlSubj,NONE,DubPrt,Neg,MISSING,,,,,,,,
VAI,Ind,VAI_VV,nibaa,nibaa,NONE,2PlSubj,NONE,DubPrt,Neg,MISSING,,,,,,,,
VAI,Ind,VAI_VV,webinige,webinige,NONE,2PlSubj,NONE,DubPrt,Neg,MISSING,,,,,,,,
VAI,Ind,VAI_am,zaaga'am,zaaga',NONE,2SgSubj,NONE,DubPrt,Neg,MISSING,,,,,,,,
VAI,Ind,VAI_m,minongwaam,minongwaam,NONE,2SgSubj,NONE,DubPrt,Neg,MISSING,,,,,,,,
VAI,Ind,VAI_n,wanishin,wanishin,NONE,2SgSubj,NONE,DubPrt,Neg,MISSING,,,,,,,,
VAI,Ind,VAI_V,nagamo,nagamo,NONE,2SgSubj,NONE,DubPrt,Neg,MISSING,,,,,,,,
VAI,Ind,VAI_V,niimi,niimi,NONE,2SgSubj,NONE,DubPrt,Neg,MISSING,,,,,,,,
VAI,Ind,VAI_VV,maajiibatoo,maajiibatoo,NONE,2SgSubj,NONE,DubPrt,Neg,MISSING,,,,,,,,
VAI,Ind,VAI_VV,madaabii,madaabii,NONE,2SgSubj,NONE,DubPrt,Neg,MISSING,,,,,,,,
VAI,Ind,VAI_VV,nibaa,nibaa,NONE,2SgSubj,NONE,DubPrt,Neg,MISSING,,,,,,,,
VAI,Ind,VAI_VV,webinige,webinige,NONE,2SgSubj,NONE,DubPrt,Neg,MISSING,,,,,,,,
VAI,Ind,VAI_am,zaaga'am,zaaga',NONE,3PlObvSubj,NONE,DubPrt,Neg,MISSING,,,,,,,,
VAI,Ind,VAI_m,minongwaam,minongwaam,NONE,3PlObvSubj,NONE,DubPrt,Neg,MISSING,,,,,,,,
VAI,Ind,VAI_n,wanishin,wanishin,NONE,3PlObvSubj,NONE,DubPrt,Neg,MISSING,,,,,,,,
VAI,Ind,VAI_V,nagamo,nagamo,NONE,3PlObvSubj,NONE,DubPrt,Neg,MISSING,,,,,,,,
VAI,Ind,VAI_V,niimi,niimi,NONE,3PlObvSubj,NONE,DubPrt,Neg,MISSING,,,,,,,,
VAI,Ind,VAI_VV,maajiibatoo,maajiibatoo,NONE,3PlObvSubj,NONE,DubPrt,Neg,MISSING,,,,,,,,
VAI,Ind,VAI_VV,madaabii,madaabii,NONE,3PlObvSubj,NONE,DubPrt,Neg,MISSING,,,,,,,,
VAI,Ind,VAI_VV,nibaa,nibaa,NONE,3PlObvSubj,NONE,DubPrt,Neg,MISSING,,,,,,,,
VAI,Ind,VAI_VV,webinige,webinige,NONE,3PlObvSubj,NONE,DubPrt,Neg,MISSING,,,,,,,,
VAI,Ind,VAI_am,zaaga'am,zaaga',NONE,3PlProxSubj,NONE,DubPrt,Neg,zaaga'anziigwaaban,<<zaaga'>>anziigwaaban,JDN-2010-MS-VAI-p20,,,,,,
VAI,Ind,VAI_m,minongwaam,minongwaam,NONE,3PlProxSubj,NONE,DubPrt,Neg,minongwaanziigwaaban,<<minongwaan>>ziigwaaban,JDN-2010-MS-VAI-p20,,,,,,
VAI,Ind,VAI_n,wanishin,wanishin,NONE,3PlProxSubj,NONE,DubPrt,Neg,wanishinziigwaaban,<<wanishin>>ziigwaaban,JDN-2010-MS-VAI-p20,,,,,,
VAI,Ind,VAI_V,nagamo,nagamo,NONE,3PlProxSubj,NONE,DubPrt,Neg,nagamosiigwaaban,<<nagamo>>siigwaaban,JDN-2010-MS-VAI-p20,,,,,,
VAI,Ind,VAI_V,niimi,niimi,NONE,3PlProxSubj,NONE,DubPrt,Neg,niimisiigwaaban,<<niimi>>siigwaaban,JDN-2010-MS-VAI-p20,,,,,,
VAI,Ind,VAI_VV,maajiibatoo,maajiibatoo,NONE,3PlProxSubj,NONE,DubPrt,Neg,maajiibatoosiigwaaban,<<maajiibatoo>>siigwaaban,JDN-2010-MS-VAI-p20,,,,,,
VAI,Ind,VAI_VV,madaabii,madaabii,NONE,3PlProxSubj,NONE,DubPrt,Neg,madaabiisiigwaaban,<<madaabii>>siigwaaban,JDN-2010-MS-VAI-p20,,,,,,
VAI,Ind,VAI_VV,nibaa,nibaa,NONE,3PlProxSubj,NONE,DubPrt,Neg,nibaasiigwaaban,<<nibaa>>siigwaaban,JDN-2010-MS-VAI-p20,,,,,,
VAI,Ind,VAI_VV,webinige,webinige,NONE,3PlProxSubj,NONE,DubPrt,Neg,webinigesiigwaaban,<<webinige>>siigwaaban,JDN-2010-MS-VAI-p20,,,,,,
VAI,Ind,VAI_am,zaaga'am,zaaga',NONE,3SgObvSubj,NONE,DubPrt,Neg,zaaga'anziinigoban,<<zaaga'>>anziinigoban,JDN-2010-MS-VAI-p20,,,,,,
VAI,Ind,VAI_m,minongwaam,minongwaam,NONE,3SgObvSubj,NONE,DubPrt,Neg,minongwaanziinigoban,<<minongwaan>>ziinigoban,JDN-2010-MS-VAI-p20,,,,,,
VAI,Ind,VAI_n,wanishin,wanishin,NONE,3SgObvSubj,NONE,DubPrt,Neg,wanishinziinigoban,<<wanishin>>ziinigoban,JDN-2010-MS-VAI-p20,,,,,,
VAI,Ind,VAI_V,nagamo,nagamo,NONE,3SgObvSubj,NONE,DubPrt,Neg,nagamosiinigoban,<<nagamo>>siinigoban,JDN-2010-MS-VAI-p20,,,,,,
VAI,Ind,VAI_V,niimi,niimi,NONE,3SgObvSubj,NONE,DubPrt,Neg,niimisiinigoban,<<niimi>>siinigoban,JDN-2010-MS-VAI-p20,,,,,,
VAI,Ind,VAI_VV,maajiibatoo,maajiibatoo,NONE,3SgObvSubj,NONE,DubPrt,Neg,maajiibatoosiinigoban,<<maajiibatoo>>siinigoban,JDN-2010-MS-VAI-p20,,,,,,
VAI,Ind,VAI_VV,madaabii,madaabii,NONE,3SgObvSubj,NONE,DubPrt,Neg,madaabiisiinigoban,<<madaabii>>siinigoban,JDN-2010-MS-VAI-p20,,,,,,
VAI,Ind,VAI_VV,nibaa,nibaa,NONE,3SgObvSubj,NONE,DubPrt,Neg,nibaasiinigoban,<<nibaa>>siinigoban,JDN-2010-MS-VAI-p20,,,,,,
VAI,Ind,VAI_VV,webinige,webinige,NONE,3SgObvSubj,NONE,DubPrt,Neg,webinigesiinigoban,<<webinige>>siinigoban,JDN-2010-MS-VAI-p20,,,,,,
VAI,Ind,VAI_am,zaaga'am,zaaga',NONE,3SgProxSubj,NONE,DubPrt,Neg,zaaga'anziigoban,<<zaaga'>>anziigoban,JDN-2010-MS-VAI-p20,,,,,,
VAI,Ind,VAI_m,minongwaam,minongwaam,NONE,3SgProxSubj,NONE,DubPrt,Neg,minongwaanziigoban,<<minongwaan>>ziigoban,JDN-2010-MS-VAI-p20,,,,,,
VAI,Ind,VAI_n,wanishin,wanishin,NONE,3SgProxSubj,NONE,DubPrt,Neg,wanishinziigoban,<<wanishin>>ziigoban,JDN-2010-MS-VAI-p20,,,,,,
VAI,Ind,VAI_V,nagamo,nagamo,NONE,3SgProxSubj,NONE,DubPrt,Neg,nagamosiigoban,<<nagamo>>siigoban,JDN-2010-MS-VAI-p20,,,,,,
VAI,Ind,VAI_V,niimi,niimi,NONE,3SgProxSubj,NONE,DubPrt,Neg,niimisiigoban,<<niimi>>siigoban,JDN-2010-MS-VAI-p20,,,,,,
VAI,Ind,VAI_VV,maajiibatoo,maajiibatoo,NONE,3SgProxSubj,NONE,DubPrt,Neg,maajiibatoosiigoban,<<maajiibatoo>>siigoban,JDN-2010-MS-VAI-p20,,,,,,
VAI,Ind,VAI_VV,madaabii,madaabii,NONE,3SgProxSubj,NONE,DubPrt,Neg,madaabiisiigoban,<<madaabii>>siigoban,JDN-2010-MS-VAI-p20,,,,,,
VAI,Ind,VAI_VV,nibaa,nibaa,NONE,3SgProxSubj,NONE,DubPrt,Neg,nibaasiigoban,<<nibaa>>siigoban,JDN-2010-MS-VAI-p20,,,,,,
VAI,Ind,VAI_VV,webinige,webinige,NONE,3SgProxSubj,NONE,DubPrt,Neg,webinigesiigoban,<<webinige>>siigoban,JDN-2010-MS-VAI-p20,,,,,,
VAI,Ind,VAI_am,zaaga'am,zaaga',NONE,ExclSubj,NONE,DubPrt,Neg,MISSING,,,,,,,,
VAI,Ind,VAI_m,minongwaam,minongwaam,NONE,ExclSubj,NONE,DubPrt,Neg,MISSING,,,,,,,,
VAI,Ind,VAI_n,wanishin,wanishin,NONE,ExclSubj,NONE,DubPrt,Neg,MISSING,,,,,,,,
VAI,Ind,VAI_V,nagamo,nagamo,NONE,ExclSubj,NONE,DubPrt,Neg,MISSING,,,,,,,,
VAI,Ind,VAI_V,niimi,niimi,NONE,ExclSubj,NONE,DubPrt,Neg,MISSING,,,,,,,,
VAI,Ind,VAI_VV,maajiibatoo,maajiibatoo,NONE,ExclSubj,NONE,DubPrt,Neg,MISSING,,,,,,,,
VAI,Ind,VAI_VV,madaabii,madaabii,NONE,ExclSubj,NONE,DubPrt,Neg,MISSING,,,,,,,,
VAI,Ind,VAI_VV,nibaa,nibaa,NONE,ExclSubj,NONE,DubPrt,Neg,MISSING,,,,,,,,
VAI,Ind,VAI_VV,webinige,webinige,NONE,ExclSubj,NONE,DubPrt,Neg,MISSING,,,,,,,,
VAI,Ind,VAI_am,zaaga'am,zaaga',NONE,InclSubj,NONE,DubPrt,Neg,MISSING,,,,,,,,
VAI,Ind,VAI_m,minongwaam,minongwaam,NONE,InclSubj,NONE,DubPrt,Neg,MISSING,,,,,,,,
VAI,Ind,VAI_n,wanishin,wanishin,NONE,InclSubj,NONE,DubPrt,Neg,MISSING,,,,,,,,
VAI,Ind,VAI_V,nagamo,nagamo,NONE,InclSubj,NONE,DubPrt,Neg,MISSING,,,,,,,,
VAI,Ind,VAI_V,niimi,niimi,NONE,InclSubj,NONE,DubPrt,Neg,MISSING,,,,,,,,
VAI,Ind,VAI_VV,maajiibatoo,maajiibatoo,NONE,InclSubj,NONE,DubPrt,Neg,MISSING,,,,,,,,
VAI,Ind,VAI_VV,madaabii,madaabii,NONE,InclSubj,NONE,DubPrt,Neg,MISSING,,,,,,,,
VAI,Ind,VAI_VV,nibaa,nibaa,NONE,InclSubj,NONE,DubPrt,Neg,MISSING,,,,,,,,
VAI,Ind,VAI_VV,webinige,webinige,NONE,InclSubj,NONE,DubPrt,Neg,MISSING,,,,,,,,
VAI,Ind,VAI_am,zaaga'am,zaaga',NONE,XSubj,NONE,DubPrt,Neg,MISSING,,,,,,,,
VAI,Ind,VAI_m,minongwaam,minongwaam,NONE,XSubj,NONE,DubPrt,Neg,MISSING,,,,,,,,
VAI,Ind,VAI_n,wanishin,wanishin,NONE,XSubj,NONE,DubPrt,Neg,MISSING,,,,,,,,
VAI,Ind,VAI_V,nagamo,nagamo,NONE,XSubj,NONE,DubPrt,Neg,MISSING,,,,,,,,
VAI,Ind,VAI_V,niimi,niimi,NONE,XSubj,NONE,DubPrt,Neg,MISSING,,,,,,,,
VAI,Ind,VAI_VV,maajiibatoo,maajiibatoo,NONE,XSubj,NONE,DubPrt,Neg,MISSING,,,,,,,,
VAI,Ind,VAI_VV,madaabii,madaabii,NONE,XSubj,NONE,DubPrt,Neg,MISSING,,,,,,,,
VAI,Ind,VAI_VV,nibaa,nibaa,NONE,XSubj,NONE,DubPrt,Neg,MISSING,,,,,,,,
VAI,Ind,VAI_VV,webinige,webinige,NONE,XSubj,NONE,DubPrt,Neg,MISSING,,,,,,,,
VAI,Ind,VAI_am,zaaga'am,zaaga',NONE,1SgSubj,NONE,DubPrt,Pos,MISSING,,,,,,,,
VAI,Ind,VAI_m,minongwaam,minongwaam,NONE,1SgSubj,NONE,DubPrt,Pos,MISSING,,,,,,,,
VAI,Ind,VAI_n,wanishin,wanishin,NONE,1SgSubj,NONE,DubPrt,Pos,MISSING,,,,,,,,
VAI,Ind,VAI_V,nagamo,nagamo,NONE,1SgSubj,NONE,DubPrt,Pos,MISSING,,,,,,,,
VAI,Ind,VAI_V,niimi,niimi,NONE,1SgSubj,NONE,DubPrt,Pos,MISSING,,,,,,,,
VAI,Ind,VAI_VV,maajiibatoo,maajiibatoo,NONE,1SgSubj,NONE,DubPrt,Pos,MISSING,,,,,,,,
VAI,Ind,VAI_VV,madaabii,madaabii,NONE,1SgSubj,NONE,DubPrt,Pos,MISSING,,,,,,,,
VAI,Ind,VAI_VV,nibaa,nibaa,NONE,1SgSubj,NONE,DubPrt,Pos,MISSING,,,,,,,,
VAI,Ind,VAI_VV,webinige,webinige,NONE,1SgSubj,NONE,DubPrt,Pos,MISSING,,,,,,,,
VAI,Ind,VAI_am,zaaga'am,zaaga',NONE,2PlSubj,NONE,DubPrt,Pos,MISSING,,,,,,,,
VAI,Ind,VAI_m,minongwaam,minongwaam,NONE,2PlSubj,NONE,DubPrt,Pos,MISSING,,,,,,,,
VAI,Ind,VAI_n,wanishin,wanishin,NONE,2PlSubj,NONE,DubPrt,Pos,MISSING,,,,,,,,
VAI,Ind,VAI_V,nagamo,nagamo,NONE,2PlSubj,NONE,DubPrt,Pos,MISSING,,,,,,,,
VAI,Ind,VAI_V,niimi,niimi,NONE,2PlSubj,NONE,DubPrt,Pos,MISSING,,,,,,,,
VAI,Ind,VAI_VV,maajiibatoo,maajiibatoo,NONE,2PlSubj,NONE,DubPrt,Pos,MISSING,,,,,,,,
VAI,Ind,VAI_VV,madaabii,madaabii,NONE,2PlSubj,NONE,DubPrt,Pos,MISSING,,,,,,,,
VAI,Ind,VAI_VV,nibaa,nibaa,NONE,2PlSubj,NONE,DubPrt,Pos,MISSING,,,,,,,,
VAI,Ind,VAI_VV,webinige,webinige,NONE,2PlSubj,NONE,DubPrt,Pos,MISSING,,,,,,,,
VAI,Ind,VAI_am,zaaga'am,zaaga',NONE,2SgSubj,NONE,DubPrt,Pos,MISSING,,,,,,,,
VAI,Ind,VAI_m,minongwaam,minongwaam,NONE,2SgSubj,NONE,DubPrt,Pos,MISSING,,,,,,,,
VAI,Ind,VAI_n,wanishin,wanishin,NONE,2SgSubj,NONE,DubPrt,Pos,MISSING,,,,,,,,
VAI,Ind,VAI_V,nagamo,nagamo,NONE,2SgSubj,NONE,DubPrt,Pos,MISSING,,,,,,,,
VAI,Ind,VAI_V,niimi,niimi,NONE,2SgSubj,NONE,DubPrt,Pos,MISSING,,,,,,,,
VAI,Ind,VAI_VV,maajiibatoo,maajiibatoo,NONE,2SgSubj,NONE,DubPrt,Pos,MISSING,,,,,,,,
VAI,Ind,VAI_VV,madaabii,madaabii,NONE,2SgSubj,NONE,DubPrt,Pos,MISSING,,,,,,,,
VAI,Ind,VAI_VV,nibaa,nibaa,NONE,2SgSubj,NONE,DubPrt,Pos,MISSING,,,,,,,,
VAI,Ind,VAI_VV,webinige,webinige,NONE,2SgSubj,NONE,DubPrt,Pos,MISSING,,,,,,,,
VAI,Ind,VAI_am,zaaga'am,zaaga',NONE,3PlObvSubj,NONE,DubPrt,Pos,MISSING,,,,,,,,
VAI,Ind,VAI_m,minongwaam,minongwaam,NONE,3PlObvSubj,NONE,DubPrt,Pos,MISSING,,,,,,,,
VAI,Ind,VAI_n,wanishin,wanishin,NONE,3PlObvSubj,NONE,DubPrt,Pos,MISSING,,,,,,,,
VAI,Ind,VAI_V,nagamo,nagamo,NONE,3PlObvSubj,NONE,DubPrt,Pos,MISSING,,,,,,,,
VAI,Ind,VAI_V,niimi,niimi,NONE,3PlObvSubj,NONE,DubPrt,Pos,MISSING,,,,,,,,
VAI,Ind,VAI_VV,maajiibatoo,maajiibatoo,NONE,3PlObvSubj,NONE,DubPrt,Pos,MISSING,,,,,,,,
VAI,Ind,VAI_VV,madaabii,madaabii,NONE,3PlObvSubj,NONE,DubPrt,Pos,MISSING,,,,,,,,
VAI,Ind,VAI_VV,nibaa,nibaa,NONE,3PlObvSubj,NONE,DubPrt,Pos,MISSING,,,,,,,,
VAI,Ind,VAI_VV,webinige,webinige,NONE,3PlObvSubj,NONE,DubPrt,Pos,MISSING,,,,,,,,
VAI,Ind,VAI_am,zaaga'am,zaaga',NONE,3PlProxSubj,NONE,DubPrt,Pos,zaaga'amogwaaban,<<zaaga'>>amogwaaban,JDN-2010-MS-VAI-p19,,,,,,
VAI,Ind,VAI_m,minongwaam,minongwaam,NONE,3PlProxSubj,NONE,DubPrt,Pos,minongwaamogwaaban,<<minongwaam>>ogwaaban,JDN-2010-MS-VAI-p19,,,,,,
VAI,Ind,VAI_n,wanishin,wanishin,NONE,3PlProxSubj,NONE,DubPrt,Pos,wanishinogwaaban,<<wanishin>>ogwaaban,JDN-2010-MS-VAI-p19,,,,,,
VAI,Ind,VAI_V,nagamo,nagamo,NONE,3PlProxSubj,NONE,DubPrt,Pos,nagamogwaaban,<<nagamo>>gwaaban,JDN-2010-MS-VAI-p19,,,,,,
VAI,Ind,VAI_V,niimi,niimi,NONE,3PlProxSubj,NONE,DubPrt,Pos,niimigwaaan,<<niimi>>gwaaan,JDN-2010-MS-VAI-p19,,,,,,
VAI,Ind,VAI_VV,maajiibatoo,maajiibatoo,NONE,3PlProxSubj,NONE,DubPrt,Pos,maajiibatoogwaaban,<<maajiibatoo>>gwaaban,JDN-2010-MS-VAI-p19,,,,,,
VAI,Ind,VAI_VV,madaabii,madaabii,NONE,3PlProxSubj,NONE,DubPrt,Pos,madaabiigwaaban,<<madaabii>>gwaaban,JDN-2010-MS-VAI-p19,,,,,,
VAI,Ind,VAI_VV,nibaa,nibaa,NONE,3PlProxSubj,NONE,DubPrt,Pos,nibaagwaaban,<<nibaa>>gwaaban,JDN-2010-MS-VAI-p19,,,,,,
VAI,Ind,VAI_VV,webinige,webinige,NONE,3PlProxSubj,NONE,DubPrt,Pos,webinigegwaaban,<<webinige>>gwaaban,JDN-2010-MS-VAI-p19,,,,,,
VAI,Ind,VAI_am,zaaga'am,zaaga',NONE,3SgObvSubj,NONE,DubPrt,Pos,zaaga'aminigoban,<<zaaga'>>aminigoban,JDN-2010-MS-VAI-p19,,,,,,
VAI,Ind,VAI_m,minongwaam,minongwaam,NONE,3SgObvSubj,NONE,DubPrt,Pos,minongwaaminigoban,<<minongwaam>>inigoban,JDN-2010-MS-VAI-p19,,,,,,
VAI,Ind,VAI_n,wanishin,wanishin,NONE,3SgObvSubj,NONE,DubPrt,Pos,wanishininigoban,<<wanishin>>inigoban,JDN-2010-MS-VAI-p19,,,,,,
VAI,Ind,VAI_V,nagamo,nagamo,NONE,3SgObvSubj,NONE,DubPrt,Pos,nagamonigoban,<<nagamo>>nigoban,JDN-2010-MS-VAI-p19,,,,,,
VAI,Ind,VAI_V,niimi,niimi,NONE,3SgObvSubj,NONE,DubPrt,Pos,niiminigoban,<<niimi>>nigoban,JDN-2010-MS-VAI-p19,,,,,,
VAI,Ind,VAI_VV,maajiibatoo,maajiibatoo,NONE,3SgObvSubj,NONE,DubPrt,Pos,maajiibatoonigoban,<<maajiibatoo>>nigoban,JDN-2010-MS-VAI-p19,,,,,,
VAI,Ind,VAI_VV,madaabii,madaabii,NONE,3SgObvSubj,NONE,DubPrt,Pos,madaabiinigoban,<<madaabii>>nigoban,JDN-2010-MS-VAI-p19,,,,,,
VAI,Ind,VAI_VV,nibaa,nibaa,NONE,3SgObvSubj,NONE,DubPrt,Pos,nibaanigoban,<<nibaa>>nigoban,JDN-2010-MS-VAI-p19,,,,,,
VAI,Ind,VAI_VV,webinige,webinige,NONE,3SgObvSubj,NONE,DubPrt,Pos,webinigenigoban,<<webinige>>nigoban,JDN-2010-MS-VAI-p19,,,,,,
VAI,Ind,VAI_am,zaaga'am,zaaga',NONE,3SgProxSubj,NONE,DubPrt,Pos,zaaga'amogoban,<<zaaga'>>amogoban,JDN-2010-MS-VAI-p19,,,,,,
VAI,Ind,VAI_m,minongwaam,minongwaam,NONE,3SgProxSubj,NONE,DubPrt,Pos,minongwaamogoban,<<minongwaam>>ogoban,JDN-2010-MS-VAI-p19,,,,,,
VAI,Ind,VAI_n,wanishin,wanishin,NONE,3SgProxSubj,NONE,DubPrt,Pos,wanishinogoban,<<wanishin>>ogoban,JDN-2010-MS-VAI-p19,,,,,,
VAI,Ind,VAI_V,nagamo,nagamo,NONE,3SgProxSubj,NONE,DubPrt,Pos,nagamogoban,<<nagamo>>goban,JDN-2010-MS-VAI-p19,,,,,,
VAI,Ind,VAI_V,niimi,niimi,NONE,3SgProxSubj,NONE,DubPrt,Pos,niimigoban,<<niimi>>goban,JDN-2010-MS-VAI-p19,,,,,,
VAI,Ind,VAI_VV,maajiibatoo,maajiibatoo,NONE,3SgProxSubj,NONE,DubPrt,Pos,maajiibatoogoban,<<maajiibatoo>>goban,JDN-2010-MS-VAI-p19,,,,,,
VAI,Ind,VAI_VV,madaabii,madaabii,NONE,3SgProxSubj,NONE,DubPrt,Pos,madaabiigoban,<<madaabii>>goban,JDN-2010-MS-VAI-p19,,,,,,
VAI,Ind,VAI_VV,nibaa,nibaa,NONE,3SgProxSubj,NONE,DubPrt,Pos,nibaagoban,<<nibaa>>goban,JDN-2010-MS-VAI-p19,,,,,,
VAI,Ind,VAI_VV,webinige,webinige,NONE,3SgProxSubj,NONE,DubPrt,Pos,webinigegoban,<<webinige>>goban,JDN-2010-MS-VAI-p19,,,,,,
VAI,Ind,VAI_am,zaaga'am,zaaga',NONE,ExclSubj,NONE,DubPrt,Pos,MISSING,,,,,,,,
VAI,Ind,VAI_m,minongwaam,minongwaam,NONE,ExclSubj,NONE,DubPrt,Pos,MISSING,,,,,,,,
VAI,Ind,VAI_n,wanishin,wanishin,NONE,ExclSubj,NONE,DubPrt,Pos,MISSING,,,,,,,,
VAI,Ind,VAI_V,nagamo,nagamo,NONE,ExclSubj,NONE,DubPrt,Pos,MISSING,,,,,,,,
VAI,Ind,VAI_V,niimi,niimi,NONE,ExclSubj,NONE,DubPrt,Pos,MISSING,,,,,,,,
VAI,Ind,VAI_VV,maajiibatoo,maajiibatoo,NONE,ExclSubj,NONE,DubPrt,Pos,MISSING,,,,,,,,
VAI,Ind,VAI_VV,madaabii,madaabii,NONE,ExclSubj,NONE,DubPrt,Pos,MISSING,,,,,,,,
VAI,Ind,VAI_VV,nibaa,nibaa,NONE,ExclSubj,NONE,DubPrt,Pos,MISSING,,,,,,,,
VAI,Ind,VAI_VV,webinige,webinige,NONE,ExclSubj,NONE,DubPrt,Pos,MISSING,,,,,,,,
VAI,Ind,VAI_am,zaaga'am,zaaga',NONE,InclSubj,NONE,DubPrt,Pos,MISSING,,,,,,,,
VAI,Ind,VAI_m,minongwaam,minongwaam,NONE,InclSubj,NONE,DubPrt,Pos,MISSING,,,,,,,,
VAI,Ind,VAI_n,wanishin,wanishin,NONE,InclSubj,NONE,DubPrt,Pos,MISSING,,,,,,,,
VAI,Ind,VAI_V,nagamo,nagamo,NONE,InclSubj,NONE,DubPrt,Pos,MISSING,,,,,,,,
VAI,Ind,VAI_V,niimi,niimi,NONE,InclSubj,NONE,DubPrt,Pos,MISSING,,,,,,,,
VAI,Ind,VAI_VV,maajiibatoo,maajiibatoo,NONE,InclSubj,NONE,DubPrt,Pos,MISSING,,,,,,,,
VAI,Ind,VAI_VV,madaabii,madaabii,NONE,InclSubj,NONE,DubPrt,Pos,MISSING,,,,,,,,
VAI,Ind,VAI_VV,nibaa,nibaa,NONE,InclSubj,NONE,DubPrt,Pos,MISSING,,,,,,,,
VAI,Ind,VAI_VV,webinige,webinige,NONE,InclSubj,NONE,DubPrt,Pos,MISSING,,,,,,,,
VAI,Ind,VAI_am,zaaga'am,zaaga',NONE,XSubj,NONE,DubPrt,Pos,MISSING,,,,,,,,
VAI,Ind,VAI_m,minongwaam,minongwaam,NONE,XSubj,NONE,DubPrt,Pos,MISSING,,,,,,,,
VAI,Ind,VAI_n,wanishin,wanishin,NONE,XSubj,NONE,DubPrt,Pos,MISSING,,,,,,,,
VAI,Ind,VAI_V,nagamo,nagamo,NONE,XSubj,NONE,DubPrt,Pos,MISSING,,,,,,,,
VAI,Ind,VAI_V,niimi,niimi,NONE,XSubj,NONE,DubPrt,Pos,MISSING,,,,,,,,
VAI,Ind,VAI_VV,maajiibatoo,maajiibatoo,NONE,XSubj,NONE,DubPrt,Pos,MISSING,,,,,,,,
VAI,Ind,VAI_VV,madaabii,madaabii,NONE,XSubj,NONE,DubPrt,Pos,MISSING,,,,,,,,
VAI,Ind,VAI_VV,nibaa,nibaa,NONE,XSubj,NONE,DubPrt,Pos,MISSING,,,,,,,,
VAI,Ind,VAI_VV,webinige,webinige,NONE,XSubj,NONE,DubPrt,Pos,MISSING,,,,,,,,
VAI,Ind,VAI_am,zaaga'am,zaaga',NONE,1SgSubj,NONE,Neu,Neg,nizaaga'anzii,ni<<zaaga'>>anzii,JDN-2010-MS-VAI-p8,nizaaga'anziin,ni<<zaaga'>>anziin,JDN-2010-MS-VAI-p8,,,
VAI,Ind,VAI_m,minongwaam,minongwaam,NONE,1SgSubj,NONE,Neu,Neg,niminongwaanzii,ni<<minongwaan>>zii,JDN-2010-MS-VAI-p8,niminongwaanziin,ni<<minongwaan>>ziin,JDN-2010-MS-VAI-p8,,,
VAI,Ind,VAI_n,wanishin,wanishin,NONE,1SgSubj,NONE,Neu,Neg,niwanishinzii,ni<<wanishin>>zii,JDN-2010-MS-VAI-p8,niwanishinziin,ni<<wanishin>>ziin,JDN-2010-MS-VAI-p8,,,
VAI,Ind,VAI_V,nagamo,nagamo,NONE,1SgSubj,NONE,Neu,Neg,ninagamosii,ni<<nagamo>>sii,JDN-2010-MS-VAI-p8,ninagamosiin,ni<<nagamo>>siin,JDN-2010-MS-VAI-p8,,,
VAI,Ind,VAI_V,niimi,niimi,NONE,1SgSubj,NONE,Neu,Neg,niniimisii,ni<<niimi>>sii,JDN-2010-MS-VAI-p8,niniimisiin,ni<<niimi>>siin,JDN-2010-MS-VAI-p8,,,
VAI,Ind,VAI_VV,maajiibatoo,maajiibatoo,NONE,1SgSubj,NONE,Neu,Neg,nimaajiibatoosii,ni<<maajiibatoo>>sii,JDN-2010-MS-VAI-p8,nimaajiibatoosiin,ni<<maajiibatoo>>siin,JDN-2010-MS-VAI-p8,,,
VAI,Ind,VAI_VV,madaabii,madaabii,NONE,1SgSubj,NONE,Neu,Neg,nimadaabiisii,ni<<madaabii>>sii,JDN-2010-MS-VAI-p8,nimadaabiisiin,ni<<madaabii>>siin,JDN-2010-MS-VAI-p8,,,
VAI,Ind,VAI_VV,nibaa,nibaa,NONE,1SgSubj,NONE,Neu,Neg,ninibaasii,ni<<nibaa>>sii,NJ-ngs-2023Aug18; JDN-2010-MS-VAI-p8,ninibaasiin,ni<<nibaa>>siin,JDN-2010-MS-VAI-p8,,,
VAI,Ind,VAI_VV,webinige,webinige,NONE,1SgSubj,NONE,Neu,Neg,niwebinigesii,ni<<webinige>>sii,JDN-2010-MS-VAI-p8,niwebinigesiin,ni<<webinige>>siin,JDN-2010-MS-VAI-p8,,,
VAI,Ind,VAI_am,zaaga'am,zaaga',NONE,2PlSubj,NONE,Neu,Neg,gizaaga'anziim,gi<<zaaga'>>anziim,JDN-2010-MS-VAI-p8,,,,,,
VAI,Ind,VAI_m,minongwaam,minongwaam,NONE,2PlSubj,NONE,Neu,Neg,giminongwaanziim,gi<<minongwaan>>ziim,JDN-2010-MS-VAI-p8,,,,,,
VAI,Ind,VAI_n,wanishin,wanishin,NONE,2PlSubj,NONE,Neu,Neg,giwanishinziim,gi<<wanishin>>ziim,JDN-2010-MS-VAI-p8,,,,,,
VAI,Ind,VAI_V,nagamo,nagamo,NONE,2PlSubj,NONE,Neu,Neg,ginagamosiim,gi<<nagamo>>siim,JDN-2010-MS-VAI-p8,,,,,,
VAI,Ind,VAI_V,niimi,niimi,NONE,2PlSubj,NONE,Neu,Neg,giniimisiim,gi<<niimi>>siim,JDN-2010-MS-VAI-p8,,,,,,
VAI,Ind,VAI_VV,maajiibatoo,maajiibatoo,NONE,2PlSubj,NONE,Neu,Neg,gimaajiibatoosiim,gi<<maajiibatoo>>siim,JDN-2010-MS-VAI-p8,,,,,,
VAI,Ind,VAI_VV,madaabii,madaabii,NONE,2PlSubj,NONE,Neu,Neg,gimadaabiisiim,gi<<madaabii>>siim,JDN-2010-MS-VAI-p8,,,,,,
VAI,Ind,VAI_VV,nibaa,nibaa,NONE,2PlSubj,NONE,Neu,Neg,ginibaasiim,gi<<nibaa>>siim,NJ-ngs-2023Aug18; JDN-2010-MS-VAI-p8,,,,,,
VAI,Ind,VAI_VV,webinige,webinige,NONE,2PlSubj,NONE,Neu,Neg,giwebinigesiim,gi<<webinige>>siim,JDN-2010-MS-VAI-p8,,,,,,
VAI,Ind,VAI_am,zaaga'am,zaaga',NONE,2SgSubj,NONE,Neu,Neg,gizaaga'anzii,gi<<zaaga'>>anzii,JDN-2010-MS-VAI-p8,gizaaga'anziin,gi<<zaaga'>>anziin,JDN-2010-MS-VAI-p8,,,
VAI,Ind,VAI_m,minongwaam,minongwaam,NONE,2SgSubj,NONE,Neu,Neg,giminongwaanzii,gi<<minongwaan>>zii,JDN-2010-MS-VAI-p8,giminongwaanziin,gi<<minongwaan>>ziin,JDN-2010-MS-VAI-p8,,,
VAI,Ind,VAI_n,wanishin,wanishin,NONE,2SgSubj,NONE,Neu,Neg,giwanishinzii,gi<<wanishin>>zii,JDN-2010-MS-VAI-p8,giwanishinziin,gi<<wanishin>>ziin,JDN-2010-MS-VAI-p8,,,
VAI,Ind,VAI_V,nagamo,nagamo,NONE,2SgSubj,NONE,Neu,Neg,ginagamosii,gi<<nagamo>>sii,JDN-2010-MS-VAI-p8,ginagamosiin,gi<<nagamo>>siin,JDN-2010-MS-VAI-p8,,,
VAI,Ind,VAI_V,niimi,niimi,NONE,2SgSubj,NONE,Neu,Neg,giniimisii,gi<<niimi>>sii,JDN-2010-MS-VAI-p8,giniimisiin,gi<<niimi>>siin,JDN-2010-MS-VAI-p8,,,
VAI,Ind,VAI_VV,maajiibatoo,maajiibatoo,NONE,2SgSubj,NONE,Neu,Neg,gimaajiibatoosii,gi<<maajiibatoo>>sii,JDN-2010-MS-VAI-p8,gimaajiibatoosiin,gi<<maajiibatoo>>siin,JDN-2010-MS-VAI-p8,,,
VAI,Ind,VAI_VV,madaabii,madaabii,NONE,2SgSubj,NONE,Neu,Neg,gimadaabiisii,gi<<madaabii>>sii,JDN-2010-MS-VAI-p8,gimadaabiisiin,gi<<madaabii>>siin,JDN-2010-MS-VAI-p8,,,
VAI,Ind,VAI_VV,nibaa,nibaa,NONE,2SgSubj,NONE,Neu,Neg,ginibaasii,gi<<nibaa>>sii,NJ-ngs-2023Aug18; JDN-2010-MS-VAI-p8,ginibaasiin,gi<<nibaa>>siin,JDN-2010-MS-VAI-p8,,,
VAI,Ind,VAI_VV,webinige,webinige,NONE,2SgSubj,NONE,Neu,Neg,giwebinigesii,gi<<webinige>>sii,JDN-2010-MS-VAI-p8,giwebinigesiin,gi<<webinige>>siin,JDN-2010-MS-VAI-p8,,,
VAI,Ind,VAI_am,zaaga'am,zaaga',NONE,3PlObvSubj,NONE,Neu,Neg,zaaga'anziiwa',<<zaaga'>>anziiwa',GUESS,zaaga'anziiwan,<<zaaga'>>anziiwan,JDN-2010-MS-VAI-p8,,,
VAI,Ind,VAI_m,minongwaam,minongwaam,NONE,3PlObvSubj,NONE,Neu,Neg,minongwaanziiwa',<<minongwaan>>ziiwa',GUESS,minongwaanziiwan,<<minongwaan>>ziiwan,JDN-2010-MS-VAI-p8,,,
VAI,Ind,VAI_n,wanishin,wanishin,NONE,3PlObvSubj,NONE,Neu,Neg,wanishinziiwa',<<wanishin>>ziiwa',GUESS,wanishinziiwan,<<wanishin>>ziiwan,JDN-2010-MS-VAI-p8,,,
VAI,Ind,VAI_V,nagamo,nagamo,NONE,3PlObvSubj,NONE,Neu,Neg,nagamosiiwa',<<nagamo>>siiwa',GUESS,nagamosiiwan,<<nagamo>>siiwan,JDN-2010-MS-VAI-p8,,,
VAI,Ind,VAI_V,niimi,niimi,NONE,3PlObvSubj,NONE,Neu,Neg,niimisiiwa',<<niimi>>siiwa',GUESS,niimisiiwan,<<niimi>>siiwan,JDN-2010-MS-VAI-p8,,,
VAI,Ind,VAI_VV,maajiibatoo,maajiibatoo,NONE,3PlObvSubj,NONE,Neu,Neg,maajiibatoosiiwa',<<maajiibatoo>>siiwa',GUESS,maajiibatoosiiwan,<<maajiibatoo>>siiwan,JDN-2010-MS-VAI-p8,,,
VAI,Ind,VAI_VV,madaabii,madaabii,NONE,3PlObvSubj,NONE,Neu,Neg,madaabiisiiwa',<<madaabii>>siiwa',GUESS,madaabiisiiwan,<<madaabii>>siiwan,JDN-2010-MS-VAI-p8,,,
VAI,Ind,VAI_VV,nibaa,nibaa,NONE,3PlObvSubj,NONE,Neu,Neg,nibaasiiwa',<<nibaa>>siiwa',NJ-ngs-2023Aug18,nibaasiiwan,<<nibaa>>siiwan,JDN-2010-MS-VAI-p8,,,
VAI,Ind,VAI_VV,webinige,webinige,NONE,3PlObvSubj,NONE,Neu,Neg,webinigesiiwa',<<webinige>>siiwa',GUESS,webinigesiiwan,<<webinige>>siiwan,JDN-2010-MS-VAI-p8,,,
VAI,Ind,VAI_am,zaaga'am,zaaga',NONE,3PlProxSubj,NONE,Neu,Neg,zaaga'anziiwag,<<zaaga'>>anziiwag,JDN-2010-MS-VAI-p8,,,,,,
VAI,Ind,VAI_m,minongwaam,minongwaam,NONE,3PlProxSubj,NONE,Neu,Neg,minongwaanziiwag,<<minongwaan>>ziiwag,JDN-2010-MS-VAI-p8,,,,,,
VAI,Ind,VAI_n,wanishin,wanishin,NONE,3PlProxSubj,NONE,Neu,Neg,wanishinziiwag,<<wanishin>>ziiwag,JDN-2010-MS-VAI-p8,,,,,,
VAI,Ind,VAI_V,nagamo,nagamo,NONE,3PlProxSubj,NONE,Neu,Neg,nagamosiiwag,<<nagamo>>siiwag,JDN-2010-MS-VAI-p8,,,,,,
VAI,Ind,VAI_V,niimi,niimi,NONE,3PlProxSubj,NONE,Neu,Neg,niimisiiwag,<<niimi>>siiwag,JDN-2010-MS-VAI-p8,,,,,,
VAI,Ind,VAI_VV,maajiibatoo,maajiibatoo,NONE,3PlProxSubj,NONE,Neu,Neg,maajiibatoosiiwag,<<maajiibatoo>>siiwag,JDN-2010-MS-VAI-p8,,,,,,
VAI,Ind,VAI_VV,madaabii,madaabii,NONE,3PlProxSubj,NONE,Neu,Neg,madaabiisiiwag,<<madaabii>>siiwag,JDN-2010-MS-VAI-p8,,,,,,
VAI,Ind,VAI_VV,nibaa,nibaa,NONE,3PlProxSubj,NONE,Neu,Neg,nibaasiiwag,<<nibaa>>siiwag,NJ-ngs-2023Aug18; JDN-2010-MS-VAI-p8,,,,,,
VAI,Ind,VAI_VV,webinige,webinige,NONE,3PlProxSubj,NONE,Neu,Neg,webinigesiiwag,<<webinige>>siiwag,JDN-2010-MS-VAI-p8,,,,,,
VAI,Ind,VAI_am,zaaga'am,zaaga',NONE,3SgObvSubj,NONE,Neu,Neg,zaaga'anziiwan,<<zaaga'>>anziiwan,JDN-2010-MS-VAI-p8,,,,,,
VAI,Ind,VAI_m,minongwaam,minongwaam,NONE,3SgObvSubj,NONE,Neu,Neg,minongwaanziiwan,<<minongwaan>>ziiwan,JDN-2010-MS-VAI-p8,,,,,,
VAI,Ind,VAI_n,wanishin,wanishin,NONE,3SgObvSubj,NONE,Neu,Neg,wanishinziiwan,<<wanishin>>ziiwan,JDN-2010-MS-VAI-p8,,,,,,
VAI,Ind,VAI_V,nagamo,nagamo,NONE,3SgObvSubj,NONE,Neu,Neg,nagamosiiwan,<<nagamo>>siiwan,JDN-2010-MS-VAI-p8,,,,,,
VAI,Ind,VAI_V,niimi,niimi,NONE,3SgObvSubj,NONE,Neu,Neg,niimisiiwan,<<niimi>>siiwan,JDN-2010-MS-VAI-p8,,,,,,
VAI,Ind,VAI_VV,maajiibatoo,maajiibatoo,NONE,3SgObvSubj,NONE,Neu,Neg,maajiibatoosiiwan,<<maajiibatoo>>siiwan,JDN-2010-MS-VAI-p8,,,,,,
VAI,Ind,VAI_VV,madaabii,madaabii,NONE,3SgObvSubj,NONE,Neu,Neg,madaabiisiiwan,<<madaabii>>siiwan,JDN-2010-MS-VAI-p8,,,,,,
VAI,Ind,VAI_VV,nibaa,nibaa,NONE,3SgObvSubj,NONE,Neu,Neg,nibaasiiwan,<<nibaa>>siiwan,NJ-ngs-2023Aug18; JDN-2010-MS-VAI-p8,,,,,,
VAI,Ind,VAI_VV,webinige,webinige,NONE,3SgObvSubj,NONE,Neu,Neg,webinigesiiwan,<<webinige>>siiwan,JDN-2010-MS-VAI-p8,,,,,,
VAI,Ind,VAI_am,zaaga'am,zaaga',NONE,3SgProxSubj,NONE,Neu,Neg,zaaga'anzii,<<zaaga'>>anzii,JDN-2010-MS-VAI-p8,zaaga'anziin,<<zaaga'>>anziin,JDN-2010-MS-VAI-p8,,,
VAI,Ind,VAI_m,minongwaam,minongwaam,NONE,3SgProxSubj,NONE,Neu,Neg,minongwaanzii,<<minongwaan>>zii,JDN-2010-MS-VAI-p8,minongwaanziin,<<minongwaan>>ziin,JDN-2010-MS-VAI-p8,,,
VAI,Ind,VAI_n,wanishin,wanishin,NONE,3SgProxSubj,NONE,Neu,Neg,wanishinzii,<<wanishin>>zii,JDN-2010-MS-VAI-p8,wanishinziin,<<wanishin>>ziin,JDN-2010-MS-VAI-p8,,,
VAI,Ind,VAI_V,nagamo,nagamo,NONE,3SgProxSubj,NONE,Neu,Neg,nagamosii,<<nagamo>>sii,JDN-2010-MS-VAI-p8,nagamosiin,<<nagamo>>siin,JDN-2010-MS-VAI-p8,,,
VAI,Ind,VAI_V,niimi,niimi,NONE,3SgProxSubj,NONE,Neu,Neg,niimisii,<<niimi>>sii,JDN-2010-MS-VAI-p8,niimisiin,<<niimi>>siin,JDN-2010-MS-VAI-p8,,,
VAI,Ind,VAI_VV,maajiibatoo,maajiibatoo,NONE,3SgProxSubj,NONE,Neu,Neg,maajiibatoosii,<<maajiibatoo>>sii,JDN-2010-MS-VAI-p8,maajiibatoosiin,<<maajiibatoo>>siin,JDN-2010-MS-VAI-p8,,,
VAI,Ind,VAI_VV,madaabii,madaabii,NONE,3SgProxSubj,NONE,Neu,Neg,madaabiisii,<<madaabii>>sii,JDN-2010-MS-VAI-p8,madaabiisiin,<<madaabii>>siin,JDN-2010-MS-VAI-p8,,,
VAI,Ind,VAI_VV,nibaa,nibaa,NONE,3SgProxSubj,NONE,Neu,Neg,nibaasii,<<nibaa>>sii,NJ-ngs-2023Aug18; JDN-2010-MS-VAI-p8,nibaasiin,<<nibaa>>siin,JDN-2010-MS-VAI-p8,,,
VAI,Ind,VAI_VV,webinige,webinige,NONE,3SgProxSubj,NONE,Neu,Neg,webinigesii,<<webinige>>sii,JDN-2010-MS-VAI-p8,webinigesiin,<<webinige>>siin,JDN-2010-MS-VAI-p8,,,
VAI,Ind,VAI_am,zaaga'am,zaaga',NONE,ExclSubj,NONE,Neu,Neg,nizaaga'anziimin,ni<<zaaga'>>anziimin,JDN-2010-MS-VAI-p8,,,,,,
VAI,Ind,VAI_m,minongwaam,minongwaam,NONE,ExclSubj,NONE,Neu,Neg,niminongwaanziimin,ni<<minongwaan>>ziimin,JDN-2010-MS-VAI-p8,,,,,,
VAI,Ind,VAI_n,wanishin,wanishin,NONE,ExclSubj,NONE,Neu,Neg,niwanishinziimin,ni<<wanishin>>ziimin,JDN-2010-MS-VAI-p8,,,,,,
VAI,Ind,VAI_V,nagamo,nagamo,NONE,ExclSubj,NONE,Neu,Neg,ninagamosiimin,ni<<nagamo>>siimin,JDN-2010-MS-VAI-p8,,,,,,
VAI,Ind,VAI_V,niimi,niimi,NONE,ExclSubj,NONE,Neu,Neg,niniimisiimin,ni<<niimi>>siimin,JDN-2010-MS-VAI-p8,,,,,,
VAI,Ind,VAI_VV,maajiibatoo,maajiibatoo,NONE,ExclSubj,NONE,Neu,Neg,nimaajiibatoosiimin,ni<<maajiibatoo>>siimin,JDN-2010-MS-VAI-p8,,,,,,
VAI,Ind,VAI_VV,madaabii,madaabii,NONE,ExclSubj,NONE,Neu,Neg,nimadaabiisiimin,ni<<madaabii>>siimin,JDN-2010-MS-VAI-p8,,,,,,
VAI,Ind,VAI_VV,nibaa,nibaa,NONE,ExclSubj,NONE,Neu,Neg,ninibaasiimin,ni<<nibaa>>siimin,NJ-ngs-2023Aug18; JDN-2010-MS-VAI-p8,,,,,,
VAI,Ind,VAI_VV,webinige,webinige,NONE,ExclSubj,NONE,Neu,Neg,niwebinigesiimin,ni<<webinige>>siimin,JDN-2010-MS-VAI-p8,,,,,,
VAI,Ind,VAI_am,zaaga'am,zaaga',NONE,InclSubj,NONE,Neu,Neg,gizaaga'anziimin,gi<<zaaga'>>anziimin,JDN-2010-MS-VAI-p8,,,,,,
VAI,Ind,VAI_m,minongwaam,minongwaam,NONE,InclSubj,NONE,Neu,Neg,giminongwaanziimin,gi<<minongwaan>>ziimin,JDN-2010-MS-VAI-p8,,,,,,
VAI,Ind,VAI_n,wanishin,wanishin,NONE,InclSubj,NONE,Neu,Neg,giwanishinziimin,gi<<wanishin>>ziimin,JDN-2010-MS-VAI-p8,,,,,,
VAI,Ind,VAI_V,nagamo,nagamo,NONE,InclSubj,NONE,Neu,Neg,ginagamosiimin,gi<<nagamo>>siimin,JDN-2010-MS-VAI-p8,,,,,,
VAI,Ind,VAI_V,niimi,niimi,NONE,InclSubj,NONE,Neu,Neg,giniimisiimin,gi<<niimi>>siimin,JDN-2010-MS-VAI-p8,,,,,,
VAI,Ind,VAI_VV,maajiibatoo,maajiibatoo,NONE,InclSubj,NONE,Neu,Neg,gimaajiibatoosiimin,gi<<maajiibatoo>>siimin,JDN-2010-MS-VAI-p8,,,,,,
VAI,Ind,VAI_VV,madaabii,madaabii,NONE,InclSubj,NONE,Neu,Neg,gimadaabiisiimin,gi<<madaabii>>siimin,JDN-2010-MS-VAI-p8,,,,,,
VAI,Ind,VAI_VV,nibaa,nibaa,NONE,InclSubj,NONE,Neu,Neg,ginibaasiimin,gi<<nibaa>>siimin,NJ-ngs-2023Aug18; JDN-2010-MS-VAI-p8,,,,,,
VAI,Ind,VAI_VV,webinige,webinige,NONE,InclSubj,NONE,Neu,Neg,giwebinigesiimin,gi<<webinige>>siimin,JDN-2010-MS-VAI-p8,,,,,,
VAI,Ind,VAI_am,zaaga'am,zaaga',NONE,XSubj,NONE,Neu,Neg,zaaga'anziim,<<zaaga'>>anziim,JDN-2010-MS-VAI-p8,,,,,,
VAI,Ind,VAI_m,minongwaam,minongwaam,NONE,XSubj,NONE,Neu,Neg,minongwaanziim,<<minongwaan>>ziim,JDN-2010-MS-VAI-p8,,,,,,
VAI,Ind,VAI_n,wanishin,wanishin,NONE,XSubj,NONE,Neu,Neg,wanishinziim,<<wanishin>>ziim,JDN-2010-MS-VAI-p8,,,,,,
VAI,Ind,VAI_V,nagamo,nagamo,NONE,XSubj,NONE,Neu,Neg,nagamosiim,<<nagamo>>siim,JDN-2010-MS-VAI-p8,,,,,,
VAI,Ind,VAI_V,niimi,niimi,NONE,XSubj,NONE,Neu,Neg,niimisiim,<<niimi>>siim,JDN-2010-MS-VAI-p8,,,,,,
VAI,Ind,VAI_VV,maajiibatoo,maajiibatoo,NONE,XSubj,NONE,Neu,Neg,maajiibatoosiim,<<maajiibatoo>>siim,JDN-2010-MS-VAI-p8,,,,,,
VAI,Ind,VAI_VV,madaabii,madaabii,NONE,XSubj,NONE,Neu,Neg,madaabiisiim,<<madaabii>>siim,JDN-2010-MS-VAI-p8,,,,,,
VAI,Ind,VAI_VV,nibaa,nibaa,NONE,XSubj,NONE,Neu,Neg,nibaasiim,<<nibaa>>siim,NJ-ngs-2023Aug18; JDN-2010-MS-VAI-p8,,,,,,
VAI,Ind,VAI_VV,webinige,webinige,NONE,XSubj,NONE,Neu,Neg,webinigesiim,<<webinige>>siim,JDN-2010-MS-VAI-p8,,,,,,
VAI,Ind,VAI_am,zaaga'am,zaaga',NONE,1SgSubj,NONE,Neu,Pos,nizaaga'am,ni<<zaaga'>>am,JDN-2010-MS-VAI-p7,,,,,,
VAI,Ind,VAI_m,minongwaam,minongwaam,NONE,1SgSubj,NONE,Neu,Pos,niminongwaam,ni<<minongwaam>>,JDN-2010-MS-VAI-p7,,,,,,
VAI,Ind,VAI_n,wanishin,wanishin,NONE,1SgSubj,NONE,Neu,Pos,niwanishin,ni<<wanishin>>,JDN-2010-MS-VAI-p7,,,,,,
VAI,Ind,VAI_V,nagamo,nagamo,NONE,1SgSubj,NONE,Neu,Pos,ninagam,ni<<nagam>>,JDN-2010-MS-VAI-p7,,,,,,
VAI,Ind,VAI_V,niimi,niimi,NONE,1SgSubj,NONE,Neu,Pos,niniim,ni<<niim>>,JDN-2010-MS-VAI-p7,,,,,,
VAI,Ind,VAI_VV,maajiibatoo,maajiibatoo,NONE,1SgSubj,NONE,Neu,Pos,nimaajiibatoo,ni<<maajiibatoo>>,JDN-2010-MS-VAI-p7,,,,,,
VAI,Ind,VAI_VV,madaabii,madaabii,NONE,1SgSubj,NONE,Neu,Pos,nimadaabii,ni<<madaabii>>,JDN-2010-MS-VAI-p7,,,,,,
VAI,Ind,VAI_VV,nibaa,nibaa,NONE,1SgSubj,NONE,Neu,Pos,ninibaa,ni<<nibaa>>,NJ-ngs-2023Aug18; JDN-2010-MS-VAI-p7,,,,,,
VAI,Ind,VAI_VV,webinige,webinige,NONE,1SgSubj,NONE,Neu,Pos,niwebinige,ni<<webinige>>,JDN-2010-MS-VAI-p7,,,,,,
VAI,Ind,VAI_am,zaaga'am,zaaga',NONE,2PlSubj,NONE,Neu,Pos,gizaaga'aam,gi<<zaaga'>>aam,JDN-2010-MS-VAI-p7,,,,,,
VAI,Ind,VAI_m,minongwaam,minongwaam,NONE,2PlSubj,NONE,Neu,Pos,giminongwaamim,gi<<minongwaam>>im,JDN-2010-MS-VAI-p7,,,,,,
VAI,Ind,VAI_n,wanishin,wanishin,NONE,2PlSubj,NONE,Neu,Pos,giwanishinim,gi<<wanishin>>im,JDN-2010-MS-VAI-p7,,,,,,
VAI,Ind,VAI_V,nagamo,nagamo,NONE,2PlSubj,NONE,Neu,Pos,ginagamom,gi<<nagamo>>m,JDN-2010-MS-VAI-p7,,,,,,
VAI,Ind,VAI_V,niimi,niimi,NONE,2PlSubj,NONE,Neu,Pos,giniimim,gi<<niimi>>m,JDN-2010-MS-VAI-p7,,,,,,
VAI,Ind,VAI_VV,maajiibatoo,maajiibatoo,NONE,2PlSubj,NONE,Neu,Pos,gimaajiibatoom,gi<<maajiibatoo>>m,JDN-2010-MS-VAI-p7,,,,,,
VAI,Ind,VAI_VV,madaabii,madaabii,NONE,2PlSubj,NONE,Neu,Pos,gimadaabiim,gi<<madaabii>>m,JDN-2010-MS-VAI-p7,,,,,,
VAI,Ind,VAI_VV,nibaa,nibaa,NONE,2PlSubj,NONE,Neu,Pos,ginibaam,gi<<nibaa>>m,NJ-ngs-2023Aug18; JDN-2010-MS-VAI-p7,,,,,,
VAI,Ind,VAI_VV,webinige,webinige,NONE,2PlSubj,NONE,Neu,Pos,giwebinigem,gi<<webinige>>m,JDN-2010-MS-VAI-p7,,,,,,
VAI,Ind,VAI_am,zaaga'am,zaaga',NONE,2SgSubj,NONE,Neu,Pos,gizaaga'am,gi<<zaaga'>>am,JDN-2010-MS-VAI-p7,,,,,,
VAI,Ind,VAI_m,minongwaam,minongwaam,NONE,2SgSubj,NONE,Neu,Pos,giminongwaam,gi<<minongwaam>>,JDN-2010-MS-VAI-p7,,,,,,
VAI,Ind,VAI_n,wanishin,wanishin,NONE,2SgSubj,NONE,Neu,Pos,giwanishin,gi<<wanishin>>,JDN-2010-MS-VAI-p7,,,,,,
VAI,Ind,VAI_V,nagamo,nagamo,NONE,2SgSubj,NONE,Neu,Pos,ginagam,gi<<nagam>>,JDN-2010-MS-VAI-p7,,,,,,
VAI,Ind,VAI_V,niimi,niimi,NONE,2SgSubj,NONE,Neu,Pos,giniim,gi<<niim>>,JDN-2010-MS-VAI-p7,,,,,,
VAI,Ind,VAI_VV,maajiibatoo,maajiibatoo,NONE,2SgSubj,NONE,Neu,Pos,gimaajiibatoo,gi<<maajiibatoo>>,JDN-2010-MS-VAI-p7,,,,,,
VAI,Ind,VAI_VV,madaabii,madaabii,NONE,2SgSubj,NONE,Neu,Pos,gimadaabii,gi<<madaabii>>,JDN-2010-MS-VAI-p7,,,,,,
VAI,Ind,VAI_VV,nibaa,nibaa,NONE,2SgSubj,NONE,Neu,Pos,ginibaa,gi<<nibaa>>,NJ-ngs-2023Aug18; JDN-2010-MS-VAI-p7,,,,,,
VAI,Ind,VAI_VV,webinige,webinige,NONE,2SgSubj,NONE,Neu,Pos,giwebinige,gi<<webinige>>,JDN-2010-MS-VAI-p7,,,,,,
VAI,Ind,VAI_am,zaaga'am,zaaga',NONE,3PlObvSubj,NONE,Neu,Pos,zaaga'amoo',<<zaaga'>>amoo',GUESS,zaaga'amoon,<<zaaga'>>amoon,JDN-2010-MS-VAI-p7,,,
VAI,Ind,VAI_m,minongwaam,minongwaam,NONE,3PlObvSubj,NONE,Neu,Pos,minongwaamoo',<<minongwaam>>oo',GUESS,minongwaamoon,<<minongwaam>>oon,JDN-2010-MS-VAI-p7,,,
VAI,Ind,VAI_n,wanishin,wanishin,NONE,3PlObvSubj,NONE,Neu,Pos,wanishinoo',<<wanishin>>oo',GUESS,wanishinoon,<<wanishin>>oon,JDN-2010-MS-VAI-p7,,,
VAI,Ind,VAI_V,nagamo,nagamo,NONE,3PlObvSubj,NONE,Neu,Pos,nagamowa',<<nagamo>>wa',GUESS,nagamowan,<<nagamo>>wan,JDN-2010-MS-VAI-p7,,,
VAI,Ind,VAI_V,niimi,niimi,NONE,3PlObvSubj,NONE,Neu,Pos,niimiwa',<<niimi>>wa',GUESS,niimiwan,<<niimi>>wan,JDN-2010-MS-VAI-p7,,,
VAI,Ind,VAI_VV,maajiibatoo,maajiibatoo,NONE,3PlObvSubj,NONE,Neu,Pos,maajiibatoowa',<<maajiibatoo>>wa',GUESS,maajiibatoowan,<<maajiibatoo>>wan,JDN-2010-MS-VAI-p7,,,
VAI,Ind,VAI_VV,madaabii,madaabii,NONE,3PlObvSubj,NONE,Neu,Pos,madaabiiwa',<<madaabii>>wa',GUESS,madaabiiwan,<<madaabii>>wan,JDN-2010-MS-VAI-p7,,,
VAI,Ind,VAI_VV,nibaa,nibaa,NONE,3PlObvSubj,NONE,Neu,Pos,nibaawa',<<nibaa>>wa',NJ-ngs-2023Aug18,nibaawan,<<nibaa>>wan,JDN-2010-MS-VAI-p7,,,
VAI,Ind,VAI_VV,webinige,webinige,NONE,3PlObvSubj,NONE,Neu,Pos,webinigewa',<<webinige>>wa',GUESS,webinigewan,<<webinige>>wan,JDN-2010-MS-VAI-p7,,,
VAI,Ind,VAI_am,zaaga'am,zaaga',NONE,3PlProxSubj,NONE,Neu,Pos,zaaga'amoog,<<zaaga'>>amoog,JDN-2010-MS-VAI-p7,,,,,,
VAI,Ind,VAI_m,minongwaam,minongwaam,NONE,3PlProxSubj,NONE,Neu,Pos,minongwaamoog,<<minongwaam>>oog,JDN-2010-MS-VAI-p7,,,,,,
VAI,Ind,VAI_n,wanishin,wanishin,NONE,3PlProxSubj,NONE,Neu,Pos,wanishinoog,<<wanishin>>oog,JDN-2010-MS-VAI-p7,,,,,,
VAI,Ind,VAI_V,nagamo,nagamo,NONE,3PlProxSubj,NONE,Neu,Pos,nagamowag,<<nagamo>>wag,JDN-2010-MS-VAI-p7,,,,,,
VAI,Ind,VAI_V,niimi,niimi,NONE,3PlProxSubj,NONE,Neu,Pos,niimiwag,<<niimi>>wag,JDN-2010-MS-VAI-p7,,,,,,
VAI,Ind,VAI_VV,maajiibatoo,maajiibatoo,NONE,3PlProxSubj,NONE,Neu,Pos,maajiibatoowag,<<maajiibatoo>>wag,JDN-2010-MS-VAI-p7,,,,,,
VAI,Ind,VAI_VV,madaabii,madaabii,NONE,3PlProxSubj,NONE,Neu,Pos,madaabiiwag,<<madaabii>>wag,JDN-2010-MS-VAI-p7,,,,,,
VAI,Ind,VAI_VV,nibaa,nibaa,NONE,3PlProxSubj,NONE,Neu,Pos,nibaawag,<<nibaa>>wag,NJ-ngs-2023Aug18; JDN-2010-MS-VAI-p7,,,,,,
VAI,Ind,VAI_VV,webinige,webinige,NONE,3PlProxSubj,NONE,Neu,Pos,webinigewag,<<webinige>>wag,JDN-2010-MS-VAI-p7,,,,,,
VAI,Ind,VAI_am,zaaga'am,zaaga',NONE,3SgObvSubj,NONE,Neu,Pos,zaaga'amoon,<<zaaga'>>amoon,JDN-2010-MS-VAI-p7,,,,,,
VAI,Ind,VAI_m,minongwaam,minongwaam,NONE,3SgObvSubj,NONE,Neu,Pos,minongwaamoon,<<minongwaam>>oon,JDN-2010-MS-VAI-p7,,,,,,
VAI,Ind,VAI_n,wanishin,wanishin,NONE,3SgObvSubj,NONE,Neu,Pos,wanishinoon,<<wanishin>>oon,JDN-2010-MS-VAI-p7,,,,,,
VAI,Ind,VAI_V,nagamo,nagamo,NONE,3SgObvSubj,NONE,Neu,Pos,nagamowan,<<nagamo>>wan,JDN-2010-MS-VAI-p7,,,,,,
VAI,Ind,VAI_V,niimi,niimi,NONE,3SgObvSubj,NONE,Neu,Pos,niimiwan,<<niimi>>wan,JDN-2010-MS-VAI-p7,,,,,,
VAI,Ind,VAI_VV,maajiibatoo,maajiibatoo,NONE,3SgObvSubj,NONE,Neu,Pos,maajiibatoowan,<<maajiibatoo>>wan,JDN-2010-MS-VAI-p7,,,,,,
VAI,Ind,VAI_VV,madaabii,madaabii,NONE,3SgObvSubj,NONE,Neu,Pos,madaabiiwan,<<madaabii>>wan,JDN-2010-MS-VAI-p7,,,,,,
VAI,Ind,VAI_VV,nibaa,nibaa,NONE,3SgObvSubj,NONE,Neu,Pos,nibaawan,<<nibaa>>wan,NJ-ngs-2023Aug18; JDN-2010-MS-VAI-p7,,,,,,
VAI,Ind,VAI_VV,webinige,webinige,NONE,3SgObvSubj,NONE,Neu,Pos,webinigewan,<<webinige>>wan,JDN-2010-MS-VAI-p7,,,,,,
VAI,Ind,VAI_am,zaaga'am,zaaga',NONE,3SgProxSubj,NONE,Neu,Pos,zaaga'am,<<zaaga'>>am,JDN-2010-MS-VAI-p7,,,,,,
VAI,Ind,VAI_m,minongwaam,minongwaam,NONE,3SgProxSubj,NONE,Neu,Pos,minongwaam,<<minongwaam>>w1,JDN-2010-MS-VAI-p7,,,,,,
VAI,Ind,VAI_n,wanishin,wanishin,NONE,3SgProxSubj,NONE,Neu,Pos,wanishin,<<wanishin>>w1,JDN-2010-MS-VAI-p7,,,,,,
VAI,Ind,VAI_V,nagamo,nagamo,NONE,3SgProxSubj,NONE,Neu,Pos,nagamo,<<nagamo>>w1,JDN-2010-MS-VAI-p7,,,,,,
VAI,Ind,VAI_V,niimi,niimi,NONE,3SgProxSubj,NONE,Neu,Pos,niimi,<<niimi>>w1,JDN-2010-MS-VAI-p7,,,,,,
VAI,Ind,VAI_VV,maajiibatoo,maajiibatoo,NONE,3SgProxSubj,NONE,Neu,Pos,maajiibatoo,<<maajiibatoo>>w1,JDN-2010-MS-VAI-p7,,,,,,
VAI,Ind,VAI_VV,madaabii,madaabii,NONE,3SgProxSubj,NONE,Neu,Pos,madaabii,<<madaabii>>w1,JDN-2010-MS-VAI-p7,,,,,,
VAI,Ind,VAI_VV,nibaa,nibaa,NONE,3SgProxSubj,NONE,Neu,Pos,nibaa,<<nibaa>>w1,NJ-ngs-2023Aug18; JDN-2010-MS-VAI-p7,,,,,,
VAI,Ind,VAI_VV,webinige,webinige,NONE,3SgProxSubj,NONE,Neu,Pos,webinige,<<webinige>>w1,JDN-2010-MS-VAI-p7,,,,,,
VAI,Ind,VAI_am,zaaga'am,zaaga',NONE,ExclSubj,NONE,Neu,Pos,nizaaga'aamin,ni<<zaaga'>>aamin,JDN-2010-MS-VAI-p7,,,,,,
VAI,Ind,VAI_m,minongwaam,minongwaam,NONE,ExclSubj,NONE,Neu,Pos,niminongwaamimin,ni<<minongwaam>>imin,JDN-2010-MS-VAI-p7,,,,,,
VAI,Ind,VAI_n,wanishin,wanishin,NONE,ExclSubj,NONE,Neu,Pos,niwanishinimin,ni<<wanishin>>imin,JDN-2010-MS-VAI-p7,,,,,,
VAI,Ind,VAI_V,nagamo,nagamo,NONE,ExclSubj,NONE,Neu,Pos,ninagamomin,ni<<nagamo>>min,JDN-2010-MS-VAI-p7,,,,,,
VAI,Ind,VAI_V,niimi,niimi,NONE,ExclSubj,NONE,Neu,Pos,niniimimin,ni<<niimi>>min,JDN-2010-MS-VAI-p7,,,,,,
VAI,Ind,VAI_VV,maajiibatoo,maajiibatoo,NONE,ExclSubj,NONE,Neu,Pos,nimaajiibatoomin,ni<<maajiibatoo>>min,JDN-2010-MS-VAI-p7,,,,,,
VAI,Ind,VAI_VV,madaabii,madaabii,NONE,ExclSubj,NONE,Neu,Pos,nimadaabiimin,ni<<madaabii>>min,JDN-2010-MS-VAI-p7,,,,,,
VAI,Ind,VAI_VV,nibaa,nibaa,NONE,ExclSubj,NONE,Neu,Pos,ninibaamin,ni<<nibaa>>min,NJ-ngs-2023Aug18; JDN-2010-MS-VAI-p7,,,,,,
VAI,Ind,VAI_VV,webinige,webinige,NONE,ExclSubj,NONE,Neu,Pos,niwebinigemin,ni<<webinige>>min,JDN-2010-MS-VAI-p7,,,,,,
VAI,Ind,VAI_am,zaaga'am,zaaga',NONE,InclSubj,NONE,Neu,Pos,gizaaga'aamin,gi<<zaaga'>>aamin,JDN-2010-MS-VAI-p7,,,,,,
VAI,Ind,VAI_m,minongwaam,minongwaam,NONE,InclSubj,NONE,Neu,Pos,giminongwaamimin,gi<<minongwaam>>imin,JDN-2010-MS-VAI-p7,,,,,,
VAI,Ind,VAI_n,wanishin,wanishin,NONE,InclSubj,NONE,Neu,Pos,giwanishinimin,gi<<wanishin>>imin,JDN-2010-MS-VAI-p7,,,,,,
VAI,Ind,VAI_V,nagamo,nagamo,NONE,InclSubj,NONE,Neu,Pos,ginagamomin,gi<<nagamo>>min,JDN-2010-MS-VAI-p7,,,,,,
VAI,Ind,VAI_V,niimi,niimi,NONE,InclSubj,NONE,Neu,Pos,giniimimin,gi<<niimi>>min,JDN-2010-MS-VAI-p7,,,,,,
VAI,Ind,VAI_VV,maajiibatoo,maajiibatoo,NONE,InclSubj,NONE,Neu,Pos,gimaajiibatoomin,gi<<maajiibatoo>>min,JDN-2010-MS-VAI-p7,,,,,,
VAI,Ind,VAI_VV,madaabii,madaabii,NONE,InclSubj,NONE,Neu,Pos,gimadaabiimin,gi<<madaabii>>min,JDN-2010-MS-VAI-p7,,,,,,
VAI,Ind,VAI_VV,nibaa,nibaa,NONE,InclSubj,NONE,Neu,Pos,ginibaamin,gi<<nibaa>>min,NJ-ngs-2023Aug18; JDN-2010-MS-VAI-p7,,,,,,
VAI,Ind,VAI_VV,webinige,webinige,NONE,InclSubj,NONE,Neu,Pos,giwebinigemin,gi<<webinige>>min,JDN-2010-MS-VAI-p7,,,,,,
VAI,Ind,VAI_am,zaaga'am,zaaga',NONE,XSubj,NONE,Neu,Pos,zaaga'aam,<<zaaga'>>aam,JDN-2010-MS-VAI-p7,,,,,,
VAI,Ind,VAI_m,minongwaam,minongwaam,NONE,XSubj,NONE,Neu,Pos,minongwaamim,<<minongwaam>>im,JDN-2010-MS-VAI-p7,,,,,,
VAI,Ind,VAI_n,wanishin,wanishin,NONE,XSubj,NONE,Neu,Pos,wanishinim,<<wanishin>>im,JDN-2010-MS-VAI-p7,,,,,,
VAI,Ind,VAI_V,nagamo,nagamo,NONE,XSubj,NONE,Neu,Pos,nagamom,<<nagamo>>m,JDN-2010-MS-VAI-p7,,,,,,
VAI,Ind,VAI_V,niimi,niimi,NONE,XSubj,NONE,Neu,Pos,niimim,<<niimi>>m,JDN-2010-MS-VAI-p7,,,,,,
VAI,Ind,VAI_VV,maajiibatoo,maajiibatoo,NONE,XSubj,NONE,Neu,Pos,maajiibatoom,<<maajiibatoo>>m,JDN-2010-MS-VAI-p7,,,,,,
VAI,Ind,VAI_VV,madaabii,madaabii,NONE,XSubj,NONE,Neu,Pos,madaabiim,<<madaabii>>m,JDN-2010-MS-VAI-p7,,,,,,
VAI,Ind,VAI_VV,nibaa,nibaa,NONE,XSubj,NONE,Neu,Pos,nibaam,<<nibaa>>m,NJ-ngs-2023Aug18; JDN-2010-MS-VAI-p7,,,,,,
VAI,Ind,VAI_VV,webinige,webinige,NONE,XSubj,NONE,Neu,Pos,webinigem,<<webinige>>m,JDN-2010-MS-VAI-p7,,,,,,
VAI,Ind,VAI_am,zaaga'am,zaaga',NONE,1SgSubj,NONE,Prt,Neg,nizaaga'anziinaaban,ni<<zaaga'>>anziinaaban,JDN-2010-MS-VAI-p12,,,,,,
VAI,Ind,VAI_m,minongwaam,minongwaam,NONE,1SgSubj,NONE,Prt,Neg,niminongwaanziinaaban,ni<<minongwaan>>ziinaaban,JDN-2010-MS-VAI-p12,,,,,,
VAI,Ind,VAI_n,wanishin,wanishin,NONE,1SgSubj,NONE,Prt,Neg,niwanishinziinaaban,ni<<wanishin>>ziinaaban,JDN-2010-MS-VAI-p12,,,,,,
VAI,Ind,VAI_V,nagamo,nagamo,NONE,1SgSubj,NONE,Prt,Neg,ninagamosiinaaban,ni<<nagamo>>siinaaban,JDN-2010-MS-VAI-p12,,,,,,
VAI,Ind,VAI_V,niimi,niimi,NONE,1SgSubj,NONE,Prt,Neg,niniimisiinaaban,ni<<niimi>>siinaaban,JDN-2010-MS-VAI-p12,,,,,,
VAI,Ind,VAI_VV,maajiibatoo,maajiibatoo,NONE,1SgSubj,NONE,Prt,Neg,nimaajiibatoosiinaaban,ni<<maajiibatoo>>siinaaban,JDN-2010-MS-VAI-p12,,,,,,
VAI,Ind,VAI_VV,madaabii,madaabii,NONE,1SgSubj,NONE,Prt,Neg,nimadaabiisiinaaban,ni<<madaabii>>siinaaban,JDN-2010-MS-VAI-p12,,,,,,
VAI,Ind,VAI_VV,nibaa,nibaa,NONE,1SgSubj,NONE,Prt,Neg,ninibaasiinaaban,ni<<nibaa>>siinaaban,NJ-ngs-2023Aug18; JDN-2010-MS-VAI-p12,,,,,,
VAI,Ind,VAI_VV,webinige,webinige,NONE,1SgSubj,NONE,Prt,Neg,niwebinigesiinaaban,ni<<webinige>>siinaaban,JDN-2010-MS-VAI-p12,,,,,,
VAI,Ind,VAI_am,zaaga'am,zaaga',NONE,2PlSubj,NONE,Prt,Neg,gizaaga'anziimwaaban,gi<<zaaga'>>anziimwaaban,JDN-2010-MS-VAI-p12,,,,,,
VAI,Ind,VAI_m,minongwaam,minongwaam,NONE,2PlSubj,NONE,Prt,Neg,giminongwaanziimwaaban,gi<<minongwaan>>ziimwaaban,JDN-2010-MS-VAI-p12,,,,,,
VAI,Ind,VAI_n,wanishin,wanishin,NONE,2PlSubj,NONE,Prt,Neg,giwanishinziimwaaban,gi<<wanishin>>ziimwaaban,JDN-2010-MS-VAI-p12,,,,,,
VAI,Ind,VAI_V,nagamo,nagamo,NONE,2PlSubj,NONE,Prt,Neg,ginagamosiimwaaban,gi<<nagamo>>siimwaaban,JDN-2010-MS-VAI-p12,,,,,,
VAI,Ind,VAI_V,niimi,niimi,NONE,2PlSubj,NONE,Prt,Neg,giniimisiimwaaban,gi<<niimi>>siimwaaban,JDN-2010-MS-VAI-p12,,,,,,
VAI,Ind,VAI_VV,maajiibatoo,maajiibatoo,NONE,2PlSubj,NONE,Prt,Neg,gimaajiibatoosiimwaaban,gi<<maajiibatoo>>siimwaaban,JDN-2010-MS-VAI-p12,,,,,,
VAI,Ind,VAI_VV,madaabii,madaabii,NONE,2PlSubj,NONE,Prt,Neg,gimadaabiisiimwaaban,gi<<madaabii>>siimwaaban,JDN-2010-MS-VAI-p12,,,,,,
VAI,Ind,VAI_VV,nibaa,nibaa,NONE,2PlSubj,NONE,Prt,Neg,ginibaasiimwaaban,gi<<nibaa>>siimwaaban,NJ-ngs-2023Aug18; JDN-2010-MS-VAI-p12,,,,,,
VAI,Ind,VAI_VV,webinige,webinige,NONE,2PlSubj,NONE,Prt,Neg,giwebinigesiimwaaban,gi<<webinige>>siimwaaban,JDN-2010-MS-VAI-p12,,,,,,
VAI,Ind,VAI_am,zaaga'am,zaaga',NONE,2SgSubj,NONE,Prt,Neg,gizaaga'anziinaaban,gi<<zaaga'>>anziinaaban,JDN-2010-MS-VAI-p12,,,,,,
VAI,Ind,VAI_m,minongwaam,minongwaam,NONE,2SgSubj,NONE,Prt,Neg,giminongwaanziinaaban,gi<<minongwaan>>ziinaaban,JDN-2010-MS-VAI-p12,,,,,,
VAI,Ind,VAI_n,wanishin,wanishin,NONE,2SgSubj,NONE,Prt,Neg,giwanishinziinaaban,gi<<wanishin>>ziinaaban,JDN-2010-MS-VAI-p12,,,,,,
VAI,Ind,VAI_V,nagamo,nagamo,NONE,2SgSubj,NONE,Prt,Neg,ginagamosiinaaban,gi<<nagamo>>siinaaban,JDN-2010-MS-VAI-p12,,,,,,
VAI,Ind,VAI_V,niimi,niimi,NONE,2SgSubj,NONE,Prt,Neg,giniimisiinaaban,gi<<niimi>>siinaaban,JDN-2010-MS-VAI-p12,,,,,,
VAI,Ind,VAI_VV,maajiibatoo,maajiibatoo,NONE,2SgSubj,NONE,Prt,Neg,gimaajiibatoosiinaaban,gi<<maajiibatoo>>siinaaban,JDN-2010-MS-VAI-p12,,,,,,
VAI,Ind,VAI_VV,madaabii,madaabii,NONE,2SgSubj,NONE,Prt,Neg,gimadaabiisiinaaban,gi<<madaabii>>siinaaban,JDN-2010-MS-VAI-p12,,,,,,
VAI,Ind,VAI_VV,nibaa,nibaa,NONE,2SgSubj,NONE,Prt,Neg,ginibaasiinaaban,gi<<nibaa>>siinaaban,NJ-ngs-2023Aug18; JDN-2010-MS-VAI-p12,,,,,,
VAI,Ind,VAI_VV,webinige,webinige,NONE,2SgSubj,NONE,Prt,Neg,giwebinigesiinaaban,gi<<webinige>>siinaaban,JDN-2010-MS-VAI-p12,,,,,,
VAI,Ind,VAI_am,zaaga'am,zaaga',NONE,3PlObvSubj,NONE,Prt,Neg,zaaga'anziibanii',<<zaaga'>>anziibanii',GUESS,zaaga'anziibaniin,<<zaaga'>>anziibaniin,JDN-2010-MS-VAI-p12,zaaga'anziibanen,<<zaaga'>>anziibanen,JDN-2010-MS-VAI-p12
VAI,Ind,VAI_m,minongwaam,minongwaam,NONE,3PlObvSubj,NONE,Prt,Neg,minongwaanziibanii',<<minongwaan>>ziibanii',GUESS,minongwaanziibaniin,<<minongwaan>>ziibaniin,JDN-2010-MS-VAI-p12,minongwaanziibanen,<<minongwaan>>ziibanen,JDN-2010-MS-VAI-p12
VAI,Ind,VAI_n,wanishin,wanishin,NONE,3PlObvSubj,NONE,Prt,Neg,wanishinziibanii',<<wanishin>>ziibanii',GUESS,wanishinziibaniin,<<wanishin>>ziibaniin,JDN-2010-MS-VAI-p12,wanishinziibanen,<<wanishin>>ziibanen,JDN-2010-MS-VAI-p12
VAI,Ind,VAI_V,nagamo,nagamo,NONE,3PlObvSubj,NONE,Prt,Neg,nagamosiibanii',<<nagamo>>siibanii',GUESS,nagamosiibaniin,<<nagamo>>siibaniin,JDN-2010-MS-VAI-p12,nagamosiibanen,<<nagamo>>siibanen,JDN-2010-MS-VAI-p12
VAI,Ind,VAI_V,niimi,niimi,NONE,3PlObvSubj,NONE,Prt,Neg,niimisiibanii',<<niimi>>siibanii',GUESS,niimisiibaniin,<<niimi>>siibaniin,JDN-2010-MS-VAI-p12,niimisiibanen,<<niimi>>siibanen,JDN-2010-MS-VAI-p12
VAI,Ind,VAI_VV,maajiibatoo,maajiibatoo,NONE,3PlObvSubj,NONE,Prt,Neg,maajiibatoosiibanii',<<maajiibatoo>>siibanii',GUESS,maajiibatoosiibaniin,<<maajiibatoo>>siibaniin,JDN-2010-MS-VAI-p12,maajiibatoosiibanen,<<maajiibatoo>>siibanen,JDN-2010-MS-VAI-p12
VAI,Ind,VAI_VV,madaabii,madaabii,NONE,3PlObvSubj,NONE,Prt,Neg,madaabiisiibanii',<<madaabii>>siibanii',GUESS,madaabiisiibaniin,<<madaabii>>siibaniin,JDN-2010-MS-VAI-p12,madaabiisiibanen,<<madaabii>>siibanen,JDN-2010-MS-VAI-p12
VAI,Ind,VAI_VV,nibaa,nibaa,NONE,3PlObvSubj,NONE,Prt,Neg,nibaasiibanii',<<nibaa>>siibanii',NJ-ngs-2023Aug18,nibaasiibaniin,<<nibaa>>siibaniin,JDN-2010-MS-VAI-p12,nibaasiibanen,<<nibaa>>siibanen,JDN-2010-MS-VAI-p12
VAI,Ind,VAI_VV,webinige,webinige,NONE,3PlObvSubj,NONE,Prt,Neg,webinigesiibanii',<<webinige>>siibanii',GUESS,webinigesiibaniin,<<webinige>>siibaniin,JDN-2010-MS-VAI-p12,webinigesiibanen,<<webinige>>siibanen,JDN-2010-MS-VAI-p12
VAI,Ind,VAI_am,zaaga'am,zaaga',NONE,3PlProxSubj,NONE,Prt,Neg,zaaga'anziibaniig,<<zaaga'>>anziibaniig,JDN-2010-MS-VAI-p12,,,,zaaga'anziibaneg,<<zaaga'>>anziibaneg,JDN-2010-MS-VAI-p12
VAI,Ind,VAI_m,minongwaam,minongwaam,NONE,3PlProxSubj,NONE,Prt,Neg,minongwaanziibaniig,<<minongwaan>>ziibaniig,JDN-2010-MS-VAI-p12,,,,minongwaanziibaneg,<<minongwaan>>ziibaneg,JDN-2010-MS-VAI-p12
VAI,Ind,VAI_n,wanishin,wanishin,NONE,3PlProxSubj,NONE,Prt,Neg,wanishinziibaniig,<<wanishin>>ziibaniig,JDN-2010-MS-VAI-p12,,,,wanishinziibaneg,<<wanishin>>ziibaneg,JDN-2010-MS-VAI-p12
VAI,Ind,VAI_V,nagamo,nagamo,NONE,3PlProxSubj,NONE,Prt,Neg,nagamosiibaniig,<<nagamo>>siibaniig,JDN-2010-MS-VAI-p12,,,,nagamosiibaneg,<<nagamo>>siibaneg,JDN-2010-MS-VAI-p12
VAI,Ind,VAI_V,niimi,niimi,NONE,3PlProxSubj,NONE,Prt,Neg,niimisiibaniig,<<niimi>>siibaniig,JDN-2010-MS-VAI-p12,,,,niimisiibaneg,<<niimi>>siibaneg,JDN-2010-MS-VAI-p12
VAI,Ind,VAI_VV,maajiibatoo,maajiibatoo,NONE,3PlProxSubj,NONE,Prt,Neg,maajiibatoosiibaniig,<<maajiibatoo>>siibaniig,JDN-2010-MS-VAI-p12,,,,maajiibatoosiibaneg,<<maajiibatoo>>siibaneg,JDN-2010-MS-VAI-p12
VAI,Ind,VAI_VV,madaabii,madaabii,NONE,3PlProxSubj,NONE,Prt,Neg,madaabiisiibaniig,<<madaabii>>siibaniig,JDN-2010-MS-VAI-p12,,,,madaabiisiibaneg,<<madaabii>>siibaneg,JDN-2010-MS-VAI-p12
VAI,Ind,VAI_VV,nibaa,nibaa,NONE,3PlProxSubj,NONE,Prt,Neg,nibaasiibaniig,<<nibaa>>siibaniig,NJ-ngs-2023Aug18; JDN-2010-MS-VAI-p12,,,,nibaasiibaneg,<<nibaa>>siibaneg,JDN-2010-MS-VAI-p12
VAI,Ind,VAI_VV,webinige,webinige,NONE,3PlProxSubj,NONE,Prt,Neg,webinigesiibaniig,<<webinige>>siibaniig,JDN-2010-MS-VAI-p12,,,,webinigesiibaneg,<<webinige>>siibaneg,JDN-2010-MS-VAI-p12
VAI,Ind,VAI_am,zaaga'am,zaaga',NONE,3SgObvSubj,NONE,Prt,Neg,zaaga'anziibaniin,<<zaaga'>>anziibaniin,JDN-2010-MS-VAI-p12,,,,zaaga'anziibanen,<<zaaga'>>anziibanen,JDN-2010-MS-VAI-p12
VAI,Ind,VAI_m,minongwaam,minongwaam,NONE,3SgObvSubj,NONE,Prt,Neg,minongwaanziibaniin,<<minongwaan>>ziibaniin,JDN-2010-MS-VAI-p12,,,,minongwaanziibanen,<<minongwaan>>ziibanen,JDN-2010-MS-VAI-p12
VAI,Ind,VAI_n,wanishin,wanishin,NONE,3SgObvSubj,NONE,Prt,Neg,wanishinziibaniin,<<wanishin>>ziibaniin,JDN-2010-MS-VAI-p12,,,,wanishinziibanen,<<wanishin>>ziibanen,JDN-2010-MS-VAI-p12
VAI,Ind,VAI_V,nagamo,nagamo,NONE,3SgObvSubj,NONE,Prt,Neg,nagamosiibaniin,<<nagamo>>siibaniin,JDN-2010-MS-VAI-p12,,,,nagamosiibanen,<<nagamo>>siibanen,JDN-2010-MS-VAI-p12
VAI,Ind,VAI_V,niimi,niimi,NONE,3SgObvSubj,NONE,Prt,Neg,niimisiibaniin,<<niimi>>siibaniin,JDN-2010-MS-VAI-p12,,,,niimisiibanen,<<niimi>>siibanen,JDN-2010-MS-VAI-p12
VAI,Ind,VAI_VV,maajiibatoo,maajiibatoo,NONE,3SgObvSubj,NONE,Prt,Neg,maajiibatoosiibaniin,<<maajiibatoo>>siibaniin,JDN-2010-MS-VAI-p12,,,,maajiibatoosiibanen,<<maajiibatoo>>siibanen,JDN-2010-MS-VAI-p12
VAI,Ind,VAI_VV,madaabii,madaabii,NONE,3SgObvSubj,NONE,Prt,Neg,madaabiisiibaniin,<<madaabii>>siibaniin,JDN-2010-MS-VAI-p12,,,,madaabiisiibanen,<<madaabii>>siibanen,JDN-2010-MS-VAI-p12
VAI,Ind,VAI_VV,nibaa,nibaa,NONE,3SgObvSubj,NONE,Prt,Neg,nibaasiibaniin,<<nibaa>>siibaniin,NJ-ngs-2023Aug18; JDN-2010-MS-VAI-p12,,,,nibaasiibanen,<<nibaa>>siibanen,JDN-2010-MS-VAI-p12
VAI,Ind,VAI_VV,webinige,webinige,NONE,3SgObvSubj,NONE,Prt,Neg,webinigesiibaniin,<<webinige>>siibaniin,JDN-2010-MS-VAI-p12,,,,webinigesiibanen,<<webinige>>siibanen,JDN-2010-MS-VAI-p12
VAI,Ind,VAI_am,zaaga'am,zaaga',NONE,3SgProxSubj,NONE,Prt,Neg,zaaga'anziiban,<<zaaga'>>anziiban,JDN-2010-MS-VAI-p12,,,,,,
VAI,Ind,VAI_m,minongwaam,minongwaam,NONE,3SgProxSubj,NONE,Prt,Neg,minongwaanziiban,<<minongwaan>>ziiban,JDN-2010-MS-VAI-p12,,,,,,
VAI,Ind,VAI_n,wanishin,wanishin,NONE,3SgProxSubj,NONE,Prt,Neg,wanishinziiban,<<wanishin>>ziiban,JDN-2010-MS-VAI-p12,,,,,,
VAI,Ind,VAI_V,nagamo,nagamo,NONE,3SgProxSubj,NONE,Prt,Neg,nagamosiiban,<<nagamo>>siiban,JDN-2010-MS-VAI-p12,,,,,,
VAI,Ind,VAI_V,niimi,niimi,NONE,3SgProxSubj,NONE,Prt,Neg,niimisiiban,<<niimi>>siiban,JDN-2010-MS-VAI-p12,,,,,,
VAI,Ind,VAI_VV,maajiibatoo,maajiibatoo,NONE,3SgProxSubj,NONE,Prt,Neg,maajiibatoosiiban,<<maajiibatoo>>siiban,JDN-2010-MS-VAI-p12,,,,,,
VAI,Ind,VAI_VV,madaabii,madaabii,NONE,3SgProxSubj,NONE,Prt,Neg,madaabiisiiban,<<madaabii>>siiban,JDN-2010-MS-VAI-p12,,,,,,
VAI,Ind,VAI_VV,nibaa,nibaa,NONE,3SgProxSubj,NONE,Prt,Neg,nibaasiiban,<<nibaa>>siiban,NJ-ngs-2023Aug18; JDN-2010-MS-VAI-p12,,,,,,
VAI,Ind,VAI_VV,webinige,webinige,NONE,3SgProxSubj,NONE,Prt,Neg,webinigesiiban,<<webinige>>siiban,JDN-2010-MS-VAI-p12,,,,,,
VAI,Ind,VAI_am,zaaga'am,zaaga',NONE,ExclSubj,NONE,Prt,Neg,nizaaga'anziiminaaban,ni<<zaaga'>>anziiminaaban,JDN-2010-MS-VAI-p12,,,,,,
VAI,Ind,VAI_m,minongwaam,minongwaam,NONE,ExclSubj,NONE,Prt,Neg,niminongwaanziiminaaban,ni<<minongwaan>>ziiminaaban,JDN-2010-MS-VAI-p12,,,,,,
VAI,Ind,VAI_n,wanishin,wanishin,NONE,ExclSubj,NONE,Prt,Neg,niwanishinziiminaaban,ni<<wanishin>>ziiminaaban,JDN-2010-MS-VAI-p12,,,,,,
VAI,Ind,VAI_V,nagamo,nagamo,NONE,ExclSubj,NONE,Prt,Neg,ninagamosiiminaaban,ni<<nagamo>>siiminaaban,JDN-2010-MS-VAI-p12,,,,,,
VAI,Ind,VAI_V,niimi,niimi,NONE,ExclSubj,NONE,Prt,Neg,niniimisiiminaaban,ni<<niimi>>siiminaaban,JDN-2010-MS-VAI-p12,,,,,,
VAI,Ind,VAI_VV,maajiibatoo,maajiibatoo,NONE,ExclSubj,NONE,Prt,Neg,nimaajiibatoosiiminaaban,ni<<maajiibatoo>>siiminaaban,JDN-2010-MS-VAI-p12,,,,,,
VAI,Ind,VAI_VV,madaabii,madaabii,NONE,ExclSubj,NONE,Prt,Neg,nimadaabiisiiminaaban,ni<<madaabii>>siiminaaban,JDN-2010-MS-VAI-p12,,,,,,
VAI,Ind,VAI_VV,nibaa,nibaa,NONE,ExclSubj,NONE,Prt,Neg,ninibaasiiminaaban,ni<<nibaa>>siiminaaban,NJ-ngs-2023Aug18; JDN-2010-MS-VAI-p12,,,,,,
VAI,Ind,VAI_VV,webinige,webinige,NONE,ExclSubj,NONE,Prt,Neg,niwebinigesiiminaaban,ni<<webinige>>siiminaaban,JDN-2010-MS-VAI-p12,,,,,,
VAI,Ind,VAI_am,zaaga'am,zaaga',NONE,InclSubj,NONE,Prt,Neg,gizaaga'anziiminaaban,gi<<zaaga'>>anziiminaaban,JDN-2010-MS-VAI-p12,,,,,,
VAI,Ind,VAI_m,minongwaam,minongwaam,NONE,InclSubj,NONE,Prt,Neg,giminongwaanziiminaaban,gi<<minongwaan>>ziiminaaban,JDN-2010-MS-VAI-p12,,,,,,
VAI,Ind,VAI_n,wanishin,wanishin,NONE,InclSubj,NONE,Prt,Neg,giwanishinziiminaaban,gi<<wanishin>>ziiminaaban,JDN-2010-MS-VAI-p12,,,,,,
VAI,Ind,VAI_V,nagamo,nagamo,NONE,InclSubj,NONE,Prt,Neg,ginagamosiiminaaban,gi<<nagamo>>siiminaaban,JDN-2010-MS-VAI-p12,,,,,,
VAI,Ind,VAI_V,niimi,niimi,NONE,InclSubj,NONE,Prt,Neg,giniimisiiminaaban,gi<<niimi>>siiminaaban,JDN-2010-MS-VAI-p12,,,,,,
VAI,Ind,VAI_VV,maajiibatoo,maajiibatoo,NONE,InclSubj,NONE,Prt,Neg,gimaajiibatoosiiminaaban,gi<<maajiibatoo>>siiminaaban,JDN-2010-MS-VAI-p12,,,,,,
VAI,Ind,VAI_VV,madaabii,madaabii,NONE,InclSubj,NONE,Prt,Neg,gimadaabiisiiminaaban,gi<<madaabii>>siiminaaban,JDN-2010-MS-VAI-p12,,,,,,
VAI,Ind,VAI_VV,nibaa,nibaa,NONE,InclSubj,NONE,Prt,Neg,ginibaasiiminaaban,gi<<nibaa>>siiminaaban,NJ-ngs-2023Aug18; JDN-2010-MS-VAI-p12,,,,,,
VAI,Ind,VAI_VV,webinige,webinige,NONE,InclSubj,NONE,Prt,Neg,giwebinigesiiminaaban,gi<<webinige>>siiminaaban,JDN-2010-MS-VAI-p12,,,,,,
VAI,Ind,VAI_am,zaaga'am,zaaga',NONE,XSubj,NONE,Prt,Neg,zaaga'anziimwaaban,<<zaaga'>>anziimwaaban,JDN-2010-MS-VAI-p12,,,,,,
VAI,Ind,VAI_m,minongwaam,minongwaam,NONE,XSubj,NONE,Prt,Neg,minongwaanziimwaaban,<<minongwaan>>ziimwaaban,JDN-2010-MS-VAI-p12,,,,,,
VAI,Ind,VAI_n,wanishin,wanishin,NONE,XSubj,NONE,Prt,Neg,wanishinziimwaaban,<<wanishin>>ziimwaaban,JDN-2010-MS-VAI-p12,,,,,,
VAI,Ind,VAI_V,nagamo,nagamo,NONE,XSubj,NONE,Prt,Neg,nagamosiimwaaban,<<nagamo>>siimwaaban,JDN-2010-MS-VAI-p12,,,,,,
VAI,Ind,VAI_V,niimi,niimi,NONE,XSubj,NONE,Prt,Neg,niimisiimwaaban,<<niimi>>siimwaaban,JDN-2010-MS-VAI-p12,,,,,,
VAI,Ind,VAI_VV,maajiibatoo,maajiibatoo,NONE,XSubj,NONE,Prt,Neg,maajiibatoosiimwaaban,<<maajiibatoo>>siimwaaban,JDN-2010-MS-VAI-p12,,,,,,
VAI,Ind,VAI_VV,madaabii,madaabii,NONE,XSubj,NONE,Prt,Neg,madaabiisiimwaaban,<<madaabii>>siimwaaban,JDN-2010-MS-VAI-p12,,,,,,
VAI,Ind,VAI_VV,nibaa,nibaa,NONE,XSubj,NONE,Prt,Neg,nibaasiimwaaban,<<nibaa>>siimwaaban,NJ-ngs-2023Aug18; JDN-2010-MS-VAI-p12,,,,,,
VAI,Ind,VAI_VV,webinige,webinige,NONE,XSubj,NONE,Prt,Neg,webinigesiimwaaban,<<webinige>>siimwaaban,JDN-2010-MS-VAI-p12,,,,,,
VAI,Ind,VAI_am,zaaga'am,zaaga',NONE,1SgSubj,NONE,Prt,Pos,nizaaga'aanaaban,ni<<zaaga'>>aanaaban,JDN-2010-MS-VAI-p11,,,,,,
VAI,Ind,VAI_m,minongwaam,minongwaam,NONE,1SgSubj,NONE,Prt,Pos,niminongwaaminaaban,ni<<minongwaam>>inaaban,JDN-2010-MS-VAI-p11,,,,,,
VAI,Ind,VAI_n,wanishin,wanishin,NONE,1SgSubj,NONE,Prt,Pos,niwanishininaaban,ni<<wanishin>>inaaban,JDN-2010-MS-VAI-p11,,,,,,
VAI,Ind,VAI_V,nagamo,nagamo,NONE,1SgSubj,NONE,Prt,Pos,ninagamonaaban,ni<<nagamo>>naaban,JDN-2010-MS-VAI-p11,,,,,,
VAI,Ind,VAI_V,niimi,niimi,NONE,1SgSubj,NONE,Prt,Pos,niniiminaaban,ni<<niimi>>naaban,JDN-2010-MS-VAI-p11,,,,,,
VAI,Ind,VAI_VV,maajiibatoo,maajiibatoo,NONE,1SgSubj,NONE,Prt,Pos,nimaajiibatoonaaban,ni<<maajiibatoo>>naaban,JDN-2010-MS-VAI-p11,,,,,,
VAI,Ind,VAI_VV,madaabii,madaabii,NONE,1SgSubj,NONE,Prt,Pos,nimadaabiinaaban,ni<<madaabii>>naaban,JDN-2010-MS-VAI-p11,,,,,,
VAI,Ind,VAI_VV,nibaa,nibaa,NONE,1SgSubj,NONE,Prt,Pos,ninibaanaaban,ni<<nibaa>>naaban,NJ-ngs-2023Aug18; JDN-2010-MS-VAI-p11,,,,,,
VAI,Ind,VAI_VV,webinige,webinige,NONE,1SgSubj,NONE,Prt,Pos,niwebinigenaaban,ni<<webinige>>naaban,JDN-2010-MS-VAI-p11,,,,,,
VAI,Ind,VAI_am,zaaga'am,zaaga',NONE,2PlSubj,NONE,Prt,Pos,gizaaga'aamwaaban,gi<<zaaga'>>aamwaaban,JDN-2010-MS-VAI-p11,,,,,,
VAI,Ind,VAI_m,minongwaam,minongwaam,NONE,2PlSubj,NONE,Prt,Pos,giminongwaamimwaaban,gi<<minongwaam>>imwaaban,JDN-2010-MS-VAI-p11,,,,,,
VAI,Ind,VAI_n,wanishin,wanishin,NONE,2PlSubj,NONE,Prt,Pos,giwanishinimwaaban,gi<<wanishin>>imwaaban,JDN-2010-MS-VAI-p11,,,,,,
VAI,Ind,VAI_V,nagamo,nagamo,NONE,2PlSubj,NONE,Prt,Pos,ginagamomwaaban,gi<<nagamo>>mwaaban,JDN-2010-MS-VAI-p11,,,,,,
VAI,Ind,VAI_V,niimi,niimi,NONE,2PlSubj,NONE,Prt,Pos,giniimimwaaban,gi<<niimi>>mwaaban,JDN-2010-MS-VAI-p11,,,,,,
VAI,Ind,VAI_VV,maajiibatoo,maajiibatoo,NONE,2PlSubj,NONE,Prt,Pos,gimaajiibatoomwaaban,gi<<maajiibatoo>>mwaaban,JDN-2010-MS-VAI-p11,,,,,,
VAI,Ind,VAI_VV,madaabii,madaabii,NONE,2PlSubj,NONE,Prt,Pos,gimadaabiimwaaban,gi<<madaabii>>mwaaban,JDN-2010-MS-VAI-p11,,,,,,
VAI,Ind,VAI_VV,nibaa,nibaa,NONE,2PlSubj,NONE,Prt,Pos,ginibaamwaaban,gi<<nibaa>>mwaaban,NJ-ngs-2023Aug18; JDN-2010-MS-VAI-p11,,,,,,
VAI,Ind,VAI_VV,webinige,webinige,NONE,2PlSubj,NONE,Prt,Pos,giwebinigemwaaban,gi<<webinige>>mwaaban,JDN-2010-MS-VAI-p11,,,,,,
VAI,Ind,VAI_am,zaaga'am,zaaga',NONE,2SgSubj,NONE,Prt,Pos,gizaaga'aanaaban,gi<<zaaga'>>aanaaban,JDN-2010-MS-VAI-p11,,,,,,
VAI,Ind,VAI_m,minongwaam,minongwaam,NONE,2SgSubj,NONE,Prt,Pos,giminongwaaminaaban,gi<<minongwaam>>inaaban,JDN-2010-MS-VAI-p11,,,,,,
VAI,Ind,VAI_n,wanishin,wanishin,NONE,2SgSubj,NONE,Prt,Pos,giwanishininaaban,gi<<wanishin>>inaaban,JDN-2010-MS-VAI-p11,,,,,,
VAI,Ind,VAI_V,nagamo,nagamo,NONE,2SgSubj,NONE,Prt,Pos,ginagamonaaban,gi<<nagamo>>naaban,JDN-2010-MS-VAI-p11,,,,,,
VAI,Ind,VAI_V,niimi,niimi,NONE,2SgSubj,NONE,Prt,Pos,giniiminaaban,gi<<niimi>>naaban,JDN-2010-MS-VAI-p11,,,,,,
VAI,Ind,VAI_VV,maajiibatoo,maajiibatoo,NONE,2SgSubj,NONE,Prt,Pos,gimaajiibatoonaaban,gi<<maajiibatoo>>naaban,JDN-2010-MS-VAI-p11,,,,,,
VAI,Ind,VAI_VV,madaabii,madaabii,NONE,2SgSubj,NONE,Prt,Pos,gimadaabiinaaban,gi<<madaabii>>naaban,JDN-2010-MS-VAI-p11,,,,,,
VAI,Ind,VAI_VV,nibaa,nibaa,NONE,2SgSubj,NONE,Prt,Pos,ginibaanaaban,gi<<nibaa>>naaban,NJ-ngs-2023Aug18; JDN-2010-MS-VAI-p11,,,,,,
VAI,Ind,VAI_VV,webinige,webinige,NONE,2SgSubj,NONE,Prt,Pos,giwebinigenaaban,gi<<webinige>>naaban,JDN-2010-MS-VAI-p11,,,,,,
VAI,Ind,VAI_am,zaaga'am,zaaga',NONE,3PlObvSubj,NONE,Prt,Pos,zaaga'amoobanii',<<zaaga'>>amoobanii',GUESS,zaaga'amoobaniin,<<zaaga'>>amoobaniin,JDN-2010-MS-VAI-p11,zaaga'amoobanen,<<zaaga'>>amoobanen,JDN-2010-MS-VAI-p11
VAI,Ind,VAI_m,minongwaam,minongwaam,NONE,3PlObvSubj,NONE,Prt,Pos,minongwaamoobanii',<<minongwaam>>oobanii',GUESS,minongwaamoobaniin,<<minongwaam>>oobaniin,JDN-2010-MS-VAI-p11,minongwaamoobanen,<<minongwaam>>oobanen,JDN-2010-MS-VAI-p11
VAI,Ind,VAI_n,wanishin,wanishin,NONE,3PlObvSubj,NONE,Prt,Pos,wanishinoobanii',<<wanishin>>oobanii',GUESS,wanishinoobaniin,<<wanishin>>oobaniin,JDN-2010-MS-VAI-p11,wanishinoobanen,<<wanishin>>oobanen,JDN-2010-MS-VAI-p11
VAI,Ind,VAI_V,nagamo,nagamo,NONE,3PlObvSubj,NONE,Prt,Pos,nagamoobanii',<<nagamo>>V1banii',GUESS,nagamoobaniin,<<nagamo>>V1baniin,JDN-2010-MS-VAI-p11,nagamoobanen,<<nagamo>>V1banen,JDN-2010-MS-VAI-p11
VAI,Ind,VAI_V,niimi,niimi,NONE,3PlObvSubj,NONE,Prt,Pos,niimiibanii',<<niimi>>V1banii',GUESS,niimiibaniin,<<niimi>>V1baniin,JDN-2010-MS-VAI-p11,niimiibanen,<<niimi>>V1banen,JDN-2010-MS-VAI-p11
VAI,Ind,VAI_VV,maajiibatoo,maajiibatoo,NONE,3PlObvSubj,NONE,Prt,Pos,maajiibatoobanii',<<maajiibatoo>>banii',GUESS,maajiibatoobaniin,<<maajiibatoo>>baniin,JDN-2010-MS-VAI-p11,maajiibatoobanen,<<maajiibatoo>>banen,JDN-2010-MS-VAI-p11
VAI,Ind,VAI_VV,madaabii,madaabii,NONE,3PlObvSubj,NONE,Prt,Pos,madaabiibanii',<<madaabii>>banii',GUESS,madaabiibaniin,<<madaabii>>baniin,JDN-2010-MS-VAI-p11,madaabiibanen,<<madaabii>>banen,JDN-2010-MS-VAI-p11
VAI,Ind,VAI_VV,nibaa,nibaa,NONE,3PlObvSubj,NONE,Prt,Pos,nibaabanii',<<nibaa>>banii',NJ-ngs-2023Aug18,nibaabaniin,<<nibaa>>baniin,JDN-2010-MS-VAI-p11,nibaabanen,<<nibaa>>banen,JDN-2010-MS-VAI-p11
VAI,Ind,VAI_VV,webinige,webinige,NONE,3PlObvSubj,NONE,Prt,Pos,webinigebanii',<<webinige>>banii',GUESS,webinigebaniin,<<webinige>>baniin,JDN-2010-MS-VAI-p11,webinigebanen,<<webinige>>banen,JDN-2010-MS-VAI-p11
VAI,Ind,VAI_am,zaaga'am,zaaga',NONE,3PlProxSubj,NONE,Prt,Pos,zaaga'amoobaniig,<<zaaga'>>amoobaniig,JDN-2010-MS-VAI-p11,,,,zaaga'amoobaneg,<<zaaga'>>amoobaneg,JDN-2010-MS-VAI-p11
VAI,Ind,VAI_m,minongwaam,minongwaam,NONE,3PlProxSubj,NONE,Prt,Pos,minongwaamoobaniig,<<minongwaam>>oobaniig,JDN-2010-MS-VAI-p11,,,,minongwaamoobaneg,<<minongwaam>>oobaneg,JDN-2010-MS-VAI-p11
VAI,Ind,VAI_n,wanishin,wanishin,NONE,3PlProxSubj,NONE,Prt,Pos,wanishinoobaniig,<<wanishin>>oobaniig,JDN-2010-MS-VAI-p11,,,,wanishinoobaneg,<<wanishin>>oobaneg,JDN-2010-MS-VAI-p11
VAI,Ind,VAI_V,nagamo,nagamo,NONE,3PlProxSubj,NONE,Prt,Pos,nagamoobaniig,<<nagamo>>V1baniig,JDN-2010-MS-VAI-p11,,,,nagamoobaneg,<<nagamo>>V1baneg,JDN-2010-MS-VAI-p11
VAI,Ind,VAI_V,niimi,niimi,NONE,3PlProxSubj,NONE,Prt,Pos,niimiibaniig,<<niimi>>V1baniig,JDN-2010-MS-VAI-p11,,,,niimiibaneg,<<niimi>>V1baneg,JDN-2010-MS-VAI-p11
VAI,Ind,VAI_VV,maajiibatoo,maajiibatoo,NONE,3PlProxSubj,NONE,Prt,Pos,maajiibatoobaniig,<<maajiibatoo>>baniig,JDN-2010-MS-VAI-p11,,,,maajiibatoobaneg,<<maajiibatoo>>baneg,JDN-2010-MS-VAI-p11
VAI,Ind,VAI_VV,madaabii,madaabii,NONE,3PlProxSubj,NONE,Prt,Pos,madaabiibaniig,<<madaabii>>baniig,JDN-2010-MS-VAI-p11,,,,madaabiibaneg,<<madaabii>>baneg,JDN-2010-MS-VAI-p11
VAI,Ind,VAI_VV,nibaa,nibaa,NONE,3PlProxSubj,NONE,Prt,Pos,nibaabaniig,<<nibaa>>baniig,NJ-ngs-2023Aug18; JDN-2010-MS-VAI-p11,,,,nibaabaneg,<<nibaa>>baneg,JDN-2010-MS-VAI-p11
VAI,Ind,VAI_VV,webinige,webinige,NONE,3PlProxSubj,NONE,Prt,Pos,webinigebaniig,<<webinige>>baniig,JDN-2010-MS-VAI-p11,,,,webinigebaneg,<<webinige>>baneg,JDN-2010-MS-VAI-p11
VAI,Ind,VAI_am,zaaga'am,zaaga',NONE,3SgObvSubj,NONE,Prt,Pos,zaaga'amoobaniin,<<zaaga'>>amoobaniin,JDN-2010-MS-VAI-p11,,,,zaaga'amoobanen,<<zaaga'>>amoobanen,JDN-2010-MS-VAI-p11
VAI,Ind,VAI_m,minongwaam,minongwaam,NONE,3SgObvSubj,NONE,Prt,Pos,minongwaamoobaniin,<<minongwaam>>oobaniin,JDN-2010-MS-VAI-p11,,,,minongwaamoobanen,<<minongwaam>>oobanen,JDN-2010-MS-VAI-p11
VAI,Ind,VAI_n,wanishin,wanishin,NONE,3SgObvSubj,NONE,Prt,Pos,wanishinoobaniin,<<wanishin>>oobaniin,JDN-2010-MS-VAI-p11,,,,wanishinoobanen,<<wanishin>>oobanen,JDN-2010-MS-VAI-p11
VAI,Ind,VAI_V,nagamo,nagamo,NONE,3SgObvSubj,NONE,Prt,Pos,nagamoobaniin,<<nagamo>>V1baniin,JDN-2010-MS-VAI-p11,,,,nagamoobanen,<<nagamo>>V1banen,JDN-2010-MS-VAI-p11
VAI,Ind,VAI_V,niimi,niimi,NONE,3SgObvSubj,NONE,Prt,Pos,niimiibaniin,<<niimi>>V1baniin,JDN-2010-MS-VAI-p11,,,,niimiibanen,<<niimi>>V1banen,JDN-2010-MS-VAI-p11
VAI,Ind,VAI_VV,maajiibatoo,maajiibatoo,NONE,3SgObvSubj,NONE,Prt,Pos,maajiibatoobaniin,<<maajiibatoo>>baniin,JDN-2010-MS-VAI-p11,,,,maajiibatoobanen,<<maajiibatoo>>banen,JDN-2010-MS-VAI-p11
VAI,Ind,VAI_VV,madaabii,madaabii,NONE,3SgObvSubj,NONE,Prt,Pos,madaabiibaniin,<<madaabii>>baniin,JDN-2010-MS-VAI-p11,,,,madaabiibanen,<<madaabii>>banen,JDN-2010-MS-VAI-p11
VAI,Ind,VAI_VV,nibaa,nibaa,NONE,3SgObvSubj,NONE,Prt,Pos,nibaabaniin,<<nibaa>>baniin,NJ-ngs-2023Aug18; JDN-2010-MS-VAI-p11,,,,nibaabanen,<<nibaa>>banen,JDN-2010-MS-VAI-p11
VAI,Ind,VAI_VV,webinige,webinige,NONE,3SgObvSubj,NONE,Prt,Pos,webinigebaniin,<<webinige>>baniin,JDN-2010-MS-VAI-p11,,,,webinigebanen,<<webinige>>banen,JDN-2010-MS-VAI-p11
VAI,Ind,VAI_am,zaaga'am,zaaga',NONE,3SgProxSubj,NONE,Prt,Pos,zaaga'amooban,<<zaaga'>>amooban,JDN-2010-MS-VAI-p11,,,,,,
VAI,Ind,VAI_m,minongwaam,minongwaam,NONE,3SgProxSubj,NONE,Prt,Pos,minongwaamooban,<<minongwaam>>ooban,JDN-2010-MS-VAI-p11,,,,,,
VAI,Ind,VAI_n,wanishin,wanishin,NONE,3SgProxSubj,NONE,Prt,Pos,wanishinooban,<<wanishin>>ooban,JDN-2010-MS-VAI-p11,,,,,,
VAI,Ind,VAI_V,nagamo,nagamo,NONE,3SgProxSubj,NONE,Prt,Pos,nagamooban,<<nagamo>>V1ban,JDN-2010-MS-VAI-p11,,,,,,
VAI,Ind,VAI_V,niimi,niimi,NONE,3SgProxSubj,NONE,Prt,Pos,niimiiban,<<niimi>>V1ban,JDN-2010-MS-VAI-p11,,,,,,
VAI,Ind,VAI_VV,maajiibatoo,maajiibatoo,NONE,3SgProxSubj,NONE,Prt,Pos,maajiibatooban,<<maajiibatoo>>ban,JDN-2010-MS-VAI-p11,,,,,,
VAI,Ind,VAI_VV,madaabii,madaabii,NONE,3SgProxSubj,NONE,Prt,Pos,madaabiiban,<<madaabii>>ban,JDN-2010-MS-VAI-p11,,,,,,
VAI,Ind,VAI_VV,nibaa,nibaa,NONE,3SgProxSubj,NONE,Prt,Pos,nibaaban,<<nibaa>>ban,NJ-ngs-2023Aug18; JDN-2010-MS-VAI-p11,,,,,,
VAI,Ind,VAI_VV,webinige,webinige,NONE,3SgProxSubj,NONE,Prt,Pos,webinigeban,<<webinige>>ban,JDN-2010-MS-VAI-p11,,,,,,
VAI,Ind,VAI_am,zaaga'am,zaaga',NONE,ExclSubj,NONE,Prt,Pos,nizaaga'aaminaaban,ni<<zaaga'>>aaminaaban,JDN-2010-MS-VAI-p11,,,,,,
VAI,Ind,VAI_m,minongwaam,minongwaam,NONE,ExclSubj,NONE,Prt,Pos,niminongwaamiminaaban,ni<<minongwaam>>iminaaban,JDN-2010-MS-VAI-p11,,,,,,
VAI,Ind,VAI_n,wanishin,wanishin,NONE,ExclSubj,NONE,Prt,Pos,niwanishiniminaaban,ni<<wanishin>>iminaaban,JDN-2010-MS-VAI-p11,,,,,,
VAI,Ind,VAI_V,nagamo,nagamo,NONE,ExclSubj,NONE,Prt,Pos,ninagamominaaban,ni<<nagamo>>minaaban,JDN-2010-MS-VAI-p11,,,,,,
VAI,Ind,VAI_V,niimi,niimi,NONE,ExclSubj,NONE,Prt,Pos,niniimiminaaban,ni<<niimi>>minaaban,JDN-2010-MS-VAI-p11,,,,,,
VAI,Ind,VAI_VV,maajiibatoo,maajiibatoo,NONE,ExclSubj,NONE,Prt,Pos,nimaajiibatoominaaban,ni<<maajiibatoo>>minaaban,JDN-2010-MS-VAI-p11,,,,,,
VAI,Ind,VAI_VV,madaabii,madaabii,NONE,ExclSubj,NONE,Prt,Pos,nimadaabiiminaaban,ni<<madaabii>>minaaban,JDN-2010-MS-VAI-p11,,,,,,
VAI,Ind,VAI_VV,nibaa,nibaa,NONE,ExclSubj,NONE,Prt,Pos,ninibaaminaaban,ni<<nibaa>>minaaban,NJ-ngs-2023Aug18; JDN-2010-MS-VAI-p11,,,,,,
VAI,Ind,VAI_VV,webinige,webinige,NONE,ExclSubj,NONE,Prt,Pos,niwebinigeminaaban,ni<<webinige>>minaaban,JDN-2010-MS-VAI-p11,,,,,,
VAI,Ind,VAI_am,zaaga'am,zaaga',NONE,InclSubj,NONE,Prt,Pos,gizaaga'aaminaaban,gi<<zaaga'>>aaminaaban,JDN-2010-MS-VAI-p11,,,,,,
VAI,Ind,VAI_m,minongwaam,minongwaam,NONE,InclSubj,NONE,Prt,Pos,giminongwaamiminaaban,gi<<minongwaam>>iminaaban,JDN-2010-MS-VAI-p11,,,,,,
VAI,Ind,VAI_n,wanishin,wanishin,NONE,InclSubj,NONE,Prt,Pos,giwanishiniminaaban,gi<<wanishin>>iminaaban,JDN-2010-MS-VAI-p11,,,,,,
VAI,Ind,VAI_V,nagamo,nagamo,NONE,InclSubj,NONE,Prt,Pos,ginagamominaaban,gi<<nagamo>>minaaban,JDN-2010-MS-VAI-p11,,,,,,
VAI,Ind,VAI_V,niimi,niimi,NONE,InclSubj,NONE,Prt,Pos,giniimiminaaban,gi<<niimi>>minaaban,JDN-2010-MS-VAI-p11,,,,,,
VAI,Ind,VAI_VV,maajiibatoo,maajiibatoo,NONE,InclSubj,NONE,Prt,Pos,gimaajiibatoominaaban,gi<<maajiibatoo>>minaaban,JDN-2010-MS-VAI-p11,,,,,,
VAI,Ind,VAI_VV,madaabii,madaabii,NONE,InclSubj,NONE,Prt,Pos,gimadaabiiminaaban,gi<<madaabii>>minaaban,JDN-2010-MS-VAI-p11,,,,,,
VAI,Ind,VAI_VV,nibaa,nibaa,NONE,InclSubj,NONE,Prt,Pos,ginibaaminaaban,gi<<nibaa>>minaaban,NJ-ngs-2023Aug18; JDN-2010-MS-VAI-p11,,,,,,
VAI,Ind,VAI_VV,webinige,webinige,NONE,InclSubj,NONE,Prt,Pos,giwebinigeminaaban,gi<<webinige>>minaaban,JDN-2010-MS-VAI-p11,,,,,,
VAI,Ind,VAI_am,zaaga'am,zaaga',NONE,XSubj,NONE,Prt,Pos,zaaga'aamwaaban,<<zaaga'>>aamwaaban,JDN-2010-MS-VAI-p11,,,,,,
VAI,Ind,VAI_m,minongwaam,minongwaam,NONE,XSubj,NONE,Prt,Pos,minongwaamimwaaban,<<minongwaam>>imwaaban,JDN-2010-MS-VAI-p11,,,,,,
VAI,Ind,VAI_n,wanishin,wanishin,NONE,XSubj,NONE,Prt,Pos,wanishinimwaaban,<<wanishin>>imwaaban,JDN-2010-MS-VAI-p11,,,,,,
VAI,Ind,VAI_V,nagamo,nagamo,NONE,XSubj,NONE,Prt,Pos,nagamomwaaban,<<nagamo>>mwaaban,JDN-2010-MS-VAI-p11,,,,,,
VAI,Ind,VAI_V,niimi,niimi,NONE,XSubj,NONE,Prt,Pos,niimimwaaban,<<niimi>>mwaaban,JDN-2010-MS-VAI-p11,,,,,,
VAI,Ind,VAI_VV,maajiibatoo,maajiibatoo,NONE,XSubj,NONE,Prt,Pos,maajiibatoomwaaban,<<maajiibatoo>>mwaaban,JDN-2010-MS-VAI-p11,,,,,,
VAI,Ind,VAI_VV,madaabii,madaabii,NONE,XSubj,NONE,Prt,Pos,madaabiimwaaban,<<madaabii>>mwaaban,JDN-2010-MS-VAI-p11,,,,,,
VAI,Ind,VAI_VV,nibaa,nibaa,NONE,XSubj,NONE,Prt,Pos,nibaamwaaban,<<nibaa>>mwaaban,NJ-ngs-2023Aug18; JDN-2010-MS-VAI-p11,,,,,,
VAI,Ind,VAI_VV,webinige,webinige,NONE,XSubj,NONE,Prt,Pos,webinigemwaaban,<<webinige>>mwaaban,JDN-2010-MS-VAI-p11,,,,,,