Paradigm,Order,Class,Lemma,Stem,Head,Subject,Object,Mode,Negation,Form1Surface,Form1Split,Form1Source,Form2Surface,Form2Split,Form2Source,
VAI,Pcp,VAI_VV,maajiibatoo,maajiibatoo,3PlObvHead,3PlObvSubj,NONE,Dub,Neg,mayaajiibatoosiinigwenan,<ChCnj><<maajiibatoo>>siinigwenan,GUESS,,,,
VAI,Pcp,VAI_VV,madaabii,madaabii,3PlObvHead,3PlObvSubj,NONE,Dub,Neg,medaabiisiinigwenan,<ChCnj><<madaabii>>siinigwenan,GUESS,,,,
VAI,Pcp,VAI_m,minongwaam,minongwaam,3PlObvHead,3PlObvSubj,NONE,Dub,Neg,menongwaanziinigwenan,<ChCnj><<minongwaan>>ziinigwenan,GUESS,,,,
VAI,Pcp,VAI_V,nagamo,nagamo,3PlObvHead,3PlObvSubj,NONE,Dub,Neg,negamosiinigwenan,<ChCnj><<nagamo>>siinigwenan,GUESS,,,,
VAI,Pcp,VAI_VV,nibaa,nibaa,3PlObvHead,3PlObvSubj,NONE,Dub,Neg,nebaasiinigwenan,<ChCnj><<nibaa>>siinigwenan,GUESS,,,,
VAI,Pcp,VAI_V,niimi,niimi,3PlObvHead,3PlObvSubj,NONE,Dub,Neg,naamisiinigwenan,<ChCnj><<niimi>>siinigwenan,GUESS,,,,
VAI,Pcp,VAI_n,wanishin,wanishin,3PlObvHead,3PlObvSubj,NONE,Dub,Neg,wenishinziinigwenan,<ChCnj><<wanishin>>ziinigwenan,GUESS,,,,
VAI,Pcp,VAI_VV,webinige,webinige,3PlObvHead,3PlObvSubj,NONE,Dub,Neg,wayebinigesiinigwenan,<ChCnj><<webinige>>siinigwenan,GUESS,,,,
VAI,Pcp,VAI_am,zaaga'am,zaaga',3PlObvHead,3PlObvSubj,NONE,Dub,Neg,zayaaga'anziinigwenan,<ChCnj><<zaaga'>>anziinigwenan,GUESS,,,,
VAI,Pcp,VAI_VV,maajiibatoo,maajiibatoo,3PlObvHead,3PlObvSubj,NONE,Dub,Pos,mayaajiibatoonigwenan,<ChCnj><<maajiibatoo>>nigwenan,GUESS,,,,
VAI,Pcp,VAI_VV,madaabii,madaabii,3PlObvHead,3PlObvSubj,NONE,Dub,Pos,medaabiinigwenan,<ChCnj><<madaabii>>nigwenan,GUESS,,,,
VAI,Pcp,VAI_m,minongwaam,minongwaam,3PlObvHead,3PlObvSubj,NONE,Dub,Pos,menongwaaminigwenan,<ChCnj><<minongwaam>>inigwenan,GUESS,,,,
VAI,Pcp,VAI_V,nagamo,nagamo,3PlObvHead,3PlObvSubj,NONE,Dub,Pos,negamonigwenan,<ChCnj><<nagamo>>nigwenan,GUESS,,,,
VAI,Pcp,VAI_VV,nibaa,nibaa,3PlObvHead,3PlObvSubj,NONE,Dub,Pos,nebaanigwenan,<ChCnj><<nibaa>>nigwenan,GUESS,,,,
VAI,Pcp,VAI_V,niimi,niimi,3PlObvHead,3PlObvSubj,NONE,Dub,Pos,naaminigwenan,<ChCnj><<niimi>>nigwenan,GUESS,,,,
VAI,Pcp,VAI_n,wanishin,wanishin,3PlObvHead,3PlObvSubj,NONE,Dub,Pos,wenishininigwenan,<ChCnj><<wanishin>>inigwenan,GUESS,,,,
VAI,Pcp,VAI_VV,webinige,webinige,3PlObvHead,3PlObvSubj,NONE,Dub,Pos,wayebinigenigwenan,<ChCnj><<webinige>>nigwenan,GUESS,,,,
VAI,Pcp,VAI_am,zaaga'am,zaaga',3PlObvHead,3PlObvSubj,NONE,Dub,Pos,zayaaga'aminigwenan,<ChCnj><<zaaga'>>aminigwenan,GUESS,,,,
VAI,Pcp,VAI_VV,maajiibatoo,maajiibatoo,3PlProxHead,3PlProxSubj,NONE,Dub,Neg,mayaajiibatoosiigwenag,<ChCnj><<maajiibatoo>>siigwenag,GUESS,,,,
VAI,Pcp,VAI_VV,madaabii,madaabii,3PlProxHead,3PlProxSubj,NONE,Dub,Neg,medaabiisiigwenag,<ChCnj><<madaabii>>siigwenag,GUESS,,,,
VAI,Pcp,VAI_m,minongwaam,minongwaam,3PlProxHead,3PlProxSubj,NONE,Dub,Neg,menongwaanziigwenag,<ChCnj><<minongwaan>>ziigwenag,GUESS,,,,
VAI,Pcp,VAI_V,nagamo,nagamo,3PlProxHead,3PlProxSubj,NONE,Dub,Neg,negamosiigwenag,<ChCnj><<nagamo>>siigwenag,GUESS,,,,
VAI,Pcp,VAI_VV,nibaa,nibaa,3PlProxHead,3PlProxSubj,NONE,Dub,Neg,nebaasiigwenag,<ChCnj><<nibaa>>siigwenag,GUESS,,,,
VAI,Pcp,VAI_V,niimi,niimi,3PlProxHead,3PlProxSubj,NONE,Dub,Neg,naamisiigwenag,<ChCnj><<niimi>>siigwenag,GUESS,,,,
VAI,Pcp,VAI_n,wanishin,wanishin,3PlProxHead,3PlProxSubj,NONE,Dub,Neg,wenishinziigwenag,<ChCnj><<wanishin>>ziigwenag,GUESS,,,,
VAI,Pcp,VAI_VV,webinige,webinige,3PlProxHead,3PlProxSubj,NONE,Dub,Neg,wayebinigesiigwenag,<ChCnj><<webinige>>siigwenag,GUESS,,,,
VAI,Pcp,VAI_am,zaaga'am,zaaga',3PlProxHead,3PlProxSubj,NONE,Dub,Neg,zayaaga'anziigwenag,<ChCnj><<zaaga'>>anziigwenag,GUESS,,,,
VAI,Pcp,VAI_VV,maajiibatoo,maajiibatoo,3PlProxHead,3PlProxSubj,NONE,Dub,Pos,mayaajiibatoogwenag,<ChCnj><<maajiibatoo>>gwenag,GUESS,,,,
VAI,Pcp,VAI_VV,madaabii,madaabii,3PlProxHead,3PlProxSubj,NONE,Dub,Pos,medaabiigwenag,<ChCnj><<madaabii>>gwenag,GUESS,,,,
VAI,Pcp,VAI_m,minongwaam,minongwaam,3PlProxHead,3PlProxSubj,NONE,Dub,Pos,menongwaamogwenag,<ChCnj><<minongwaam>>ogwenag,GUESS,,,,
VAI,Pcp,VAI_V,nagamo,nagamo,3PlProxHead,3PlProxSubj,NONE,Dub,Pos,negamogwenag,<ChCnj><<nagamo>>gwenag,GUESS,,,,
VAI,Pcp,VAI_VV,nibaa,nibaa,3PlProxHead,3PlProxSubj,NONE,Dub,Pos,nebaagwenag,<ChCnj><<nibaa>>gwenag,GUESS,,,,
VAI,Pcp,VAI_V,niimi,niimi,3PlProxHead,3PlProxSubj,NONE,Dub,Pos,naamigwenag,<ChCnj><<niimi>>gwenag,GUESS,,,,
VAI,Pcp,VAI_n,wanishin,wanishin,3PlProxHead,3PlProxSubj,NONE,Dub,Pos,wenishinogwenag,<ChCnj><<wanishin>>ogwenag,GUESS,,,,
VAI,Pcp,VAI_VV,webinige,webinige,3PlProxHead,3PlProxSubj,NONE,Dub,Pos,wayebinigegwenag,<ChCnj><<webinige>>gwenag,GUESS,,,,
VAI,Pcp,VAI_am,zaaga'am,zaaga',3PlProxHead,3PlProxSubj,NONE,Dub,Pos,zayaaga'amogwenag,<ChCnj><<zaaga'>>amogwenag,GUESS,,,,
VAI,Pcp,VAI_VV,maajiibatoo,maajiibatoo,3SgObvHead,3SgObvSubj,NONE,Dub,Neg,mayaajiibatoosiinigwenan,<ChCnj><<maajiibatoo>>siinigwenan,GUESS,,,,
VAI,Pcp,VAI_VV,madaabii,madaabii,3SgObvHead,3SgObvSubj,NONE,Dub,Neg,medaabiisiinigwenan,<ChCnj><<madaabii>>siinigwenan,GUESS,,,,
VAI,Pcp,VAI_m,minongwaam,minongwaam,3SgObvHead,3SgObvSubj,NONE,Dub,Neg,menongwaanziinigwenan,<ChCnj><<minongwaan>>ziinigwenan,GUESS,,,,
VAI,Pcp,VAI_V,nagamo,nagamo,3SgObvHead,3SgObvSubj,NONE,Dub,Neg,negamosiinigwenan,<ChCnj><<nagamo>>siinigwenan,GUESS,,,,
VAI,Pcp,VAI_VV,nibaa,nibaa,3SgObvHead,3SgObvSubj,NONE,Dub,Neg,nebaasiinigwenan,<ChCnj><<nibaa>>siinigwenan,GUESS,,,,
VAI,Pcp,VAI_V,niimi,niimi,3SgObvHead,3SgObvSubj,NONE,Dub,Neg,naamisiinigwenan,<ChCnj><<niimi>>siinigwenan,GUESS,,,,
VAI,Pcp,VAI_n,wanishin,wanishin,3SgObvHead,3SgObvSubj,NONE,Dub,Neg,wenishinziinigwenan,<ChCnj><<wanishin>>ziinigwenan,GUESS,,,,
VAI,Pcp,VAI_VV,webinige,webinige,3SgObvHead,3SgObvSubj,NONE,Dub,Neg,wayebinigesiinigwenan,<ChCnj><<webinige>>siinigwenan,GUESS,,,,
VAI,Pcp,VAI_am,zaaga'am,zaaga',3SgObvHead,3SgObvSubj,NONE,Dub,Neg,zayaaga'anziinigwenan,<ChCnj><<zaaga'>>anziinigwenan,GUESS,,,,
VAI,Pcp,VAI_VV,maajiibatoo,maajiibatoo,3SgObvHead,3SgObvSubj,NONE,Dub,Pos,mayaajiibatoonigwenan,<ChCnj><<maajiibatoo>>nigwenan,GUESS,,,,
VAI,Pcp,VAI_VV,madaabii,madaabii,3SgObvHead,3SgObvSubj,NONE,Dub,Pos,medaabiinigwenan,<ChCnj><<madaabii>>nigwenan,GUESS,,,,
VAI,Pcp,VAI_m,minongwaam,minongwaam,3SgObvHead,3SgObvSubj,NONE,Dub,Pos,menongwaaminigwenan,<ChCnj><<minongwaam>>inigwenan,GUESS,,,,
VAI,Pcp,VAI_V,nagamo,nagamo,3SgObvHead,3SgObvSubj,NONE,Dub,Pos,negamonigwenan,<ChCnj><<nagamo>>nigwenan,GUESS,,,,
VAI,Pcp,VAI_VV,nibaa,nibaa,3SgObvHead,3SgObvSubj,NONE,Dub,Pos,nebaanigwenan,<ChCnj><<nibaa>>nigwenan,GUESS,,,,
VAI,Pcp,VAI_V,niimi,niimi,3SgObvHead,3SgObvSubj,NONE,Dub,Pos,naaminigwenan,<ChCnj><<niimi>>nigwenan,GUESS,,,,
VAI,Pcp,VAI_n,wanishin,wanishin,3SgObvHead,3SgObvSubj,NONE,Dub,Pos,wenishininigwenan,<ChCnj><<wanishin>>inigwenan,GUESS,,,,
VAI,Pcp,VAI_VV,webinige,webinige,3SgObvHead,3SgObvSubj,NONE,Dub,Pos,wayebinigenigwenan,<ChCnj><<webinige>>nigwenan,GUESS,,,,
VAI,Pcp,VAI_am,zaaga'am,zaaga',3SgObvHead,3SgObvSubj,NONE,Dub,Pos,zayaaga'aminigwenan,<ChCnj><<zaaga'>>aminigwenan,GUESS,,,,
VAI,Pcp,VAI_VV,maajiibatoo,maajiibatoo,3SgProxHead,3SgProxSubj,NONE,Dub,Neg,mayaajiibatoosiigwen,<ChCnj><<maajiibatoo>>siigwen,GUESS,,,,
VAI,Pcp,VAI_VV,madaabii,madaabii,3SgProxHead,3SgProxSubj,NONE,Dub,Neg,medaabiisiigwen,<ChCnj><<madaabii>>siigwen,GUESS,,,,
VAI,Pcp,VAI_m,minongwaam,minongwaam,3SgProxHead,3SgProxSubj,NONE,Dub,Neg,menongwaanziigwen,<ChCnj><<minongwaan>>ziigwen,GUESS,,,,
VAI,Pcp,VAI_V,nagamo,nagamo,3SgProxHead,3SgProxSubj,NONE,Dub,Neg,negamosiigwen,<ChCnj><<nagamo>>siigwen,GUESS,,,,
VAI,Pcp,VAI_VV,nibaa,nibaa,3SgProxHead,3SgProxSubj,NONE,Dub,Neg,nebaasiigwen,<ChCnj><<nibaa>>siigwen,GUESS,,,,
VAI,Pcp,VAI_V,niimi,niimi,3SgProxHead,3SgProxSubj,NONE,Dub,Neg,naamisiigwen,<ChCnj><<niimi>>siigwen,GUESS,,,,
VAI,Pcp,VAI_n,wanishin,wanishin,3SgProxHead,3SgProxSubj,NONE,Dub,Neg,wenishinziigwen,<ChCnj><<wanishin>>ziigwen,GUESS,,,,
VAI,Pcp,VAI_VV,webinige,webinige,3SgProxHead,3SgProxSubj,NONE,Dub,Neg,wayebinigesiigwen,<ChCnj><<webinige>>siigwen,GUESS,,,,
VAI,Pcp,VAI_am,zaaga'am,zaaga',3SgProxHead,3SgProxSubj,NONE,Dub,Neg,zayaaga'anziigwen,<ChCnj><<zaaga'>>anziigwen,GUESS,,,,
VAI,Pcp,VAI_VV,maajiibatoo,maajiibatoo,3SgProxHead,3SgProxSubj,NONE,Dub,Pos,mayaajiibatoogwen,<ChCnj><<maajiibatoo>>gwen,GUESS,,,,
VAI,Pcp,VAI_VV,madaabii,madaabii,3SgProxHead,3SgProxSubj,NONE,Dub,Pos,medaabiigwen,<ChCnj><<madaabii>>gwen,GUESS,,,,
VAI,Pcp,VAI_m,minongwaam,minongwaam,3SgProxHead,3SgProxSubj,NONE,Dub,Pos,menongwaamogwen,<ChCnj><<minongwaam>>ogwen,GUESS,,,,
VAI,Pcp,VAI_V,nagamo,nagamo,3SgProxHead,3SgProxSubj,NONE,Dub,Pos,negamogwen,<ChCnj><<nagamo>>gwen,GUESS,,,,
VAI,Pcp,VAI_VV,nibaa,nibaa,3SgProxHead,3SgProxSubj,NONE,Dub,Pos,nebaagwen,<ChCnj><<nibaa>>gwen,GUESS,,,,
VAI,Pcp,VAI_V,niimi,niimi,3SgProxHead,3SgProxSubj,NONE,Dub,Pos,naamigwen,<ChCnj><<niimi>>gwen,GUESS,,,,
VAI,Pcp,VAI_n,wanishin,wanishin,3SgProxHead,3SgProxSubj,NONE,Dub,Pos,wenishinogwen,<ChCnj><<wanishin>>ogwen,GUESS,,,,
VAI,Pcp,VAI_VV,webinige,webinige,3SgProxHead,3SgProxSubj,NONE,Dub,Pos,wayebinigegwen,<ChCnj><<webinige>>gwen,GUESS,,,,
VAI,Pcp,VAI_am,zaaga'am,zaaga',3SgProxHead,3SgProxSubj,NONE,Dub,Pos,zayaaga'amogwen,<ChCnj><<zaaga'>>amogwen,GUESS,,,,
VAI,Pcp,VAI_VV,maajiibatoo,maajiibatoo,3PlObvHead,3PlObvSubj,NONE,DubPrt,Neg,mayaajiibatoosiinigobanenan,<ChCnj><<maajiibatoo>>siinigobanenan,GUESS,,,,
VAI,Pcp,VAI_VV,madaabii,madaabii,3PlObvHead,3PlObvSubj,NONE,DubPrt,Neg,medaabiisiinigobanenan,<ChCnj><<madaabii>>siinigobanenan,GUESS,,,,
VAI,Pcp,VAI_m,minongwaam,minongwaam,3PlObvHead,3PlObvSubj,NONE,DubPrt,Neg,menongwaanziinigobanenan,<ChCnj><<minongwaan>>ziinigobanenan,GUESS,,,,
VAI,Pcp,VAI_V,nagamo,nagamo,3PlObvHead,3PlObvSubj,NONE,DubPrt,Neg,negamosiinigobanenan,<ChCnj><<nagamo>>siinigobanenan,GUESS,,,,
VAI,Pcp,VAI_VV,nibaa,nibaa,3PlObvHead,3PlObvSubj,NONE,DubPrt,Neg,nebaasiinigobanenan,<ChCnj><<nibaa>>siinigobanenan,GUESS,,,,
VAI,Pcp,VAI_V,niimi,niimi,3PlObvHead,3PlObvSubj,NONE,DubPrt,Neg,naamisiinigobanenan,<ChCnj><<niimi>>siinigobanenan,GUESS,,,,
VAI,Pcp,VAI_n,wanishin,wanishin,3PlObvHead,3PlObvSubj,NONE,DubPrt,Neg,wenishinziinigobanenan,<ChCnj><<wanishin>>ziinigobanenan,GUESS,,,,
VAI,Pcp,VAI_VV,webinige,webinige,3PlObvHead,3PlObvSubj,NONE,DubPrt,Neg,wayebinigesiinigobanenan,<ChCnj><<webinige>>siinigobanenan,GUESS,,,,
VAI,Pcp,VAI_am,zaaga'am,zaaga',3PlObvHead,3PlObvSubj,NONE,DubPrt,Neg,zayaaga'aminigobanenan,<ChCnj><<zaaga'>>aminigobanenan,GUESS,,,,
VAI,Pcp,VAI_VV,maajiibatoo,maajiibatoo,3PlObvHead,3PlObvSubj,NONE,DubPrt,Pos,mayaajiibatoonigobanenan,<ChCnj><<maajiibatoo>>nigobanenan,GUESS,,,,
VAI,Pcp,VAI_VV,madaabii,madaabii,3PlObvHead,3PlObvSubj,NONE,DubPrt,Pos,medaabiinigobanenan,<ChCnj><<madaabii>>nigobanenan,GUESS,,,,
VAI,Pcp,VAI_m,minongwaam,minongwaam,3PlObvHead,3PlObvSubj,NONE,DubPrt,Pos,menongwaaminigobanenan,<ChCnj><<minongwaam>>inigobanenan,GUESS,,,,
VAI,Pcp,VAI_V,nagamo,nagamo,3PlObvHead,3PlObvSubj,NONE,DubPrt,Pos,negamonigobanenan,<ChCnj><<nagamo>>nigobanenan,GUESS,,,,
VAI,Pcp,VAI_VV,nibaa,nibaa,3PlObvHead,3PlObvSubj,NONE,DubPrt,Pos,nebaanigobanenan,<ChCnj><<nibaa>>nigobanenan,GUESS,,,,
VAI,Pcp,VAI_V,niimi,niimi,3PlObvHead,3PlObvSubj,NONE,DubPrt,Pos,naaminigobanenan,<ChCnj><<niimi>>nigobanenan,GUESS,,,,
VAI,Pcp,VAI_n,wanishin,wanishin,3PlObvHead,3PlObvSubj,NONE,DubPrt,Pos,wenishininigobanenan,<ChCnj><<wanishin>>inigobanenan,GUESS,,,,
VAI,Pcp,VAI_VV,webinige,webinige,3PlObvHead,3PlObvSubj,NONE,DubPrt,Pos,wayebinigenigobanenan,<ChCnj><<webinige>>nigobanenan,GUESS,,,,
VAI,Pcp,VAI_am,zaaga'am,zaaga',3PlObvHead,3PlObvSubj,NONE,DubPrt,Pos,zayaaga'aminigobanenan,<ChCnj><<zaaga'>>aminigobanenan,GUESS,,,,
VAI,Pcp,VAI_VV,maajiibatoo,maajiibatoo,3PlProxHead,3PlProxSubj,NONE,DubPrt,Neg,mayaajiibatoosiigobanenag,<ChCnj><<maajiibatoo>>siigobanenag,GUESS,,,,
VAI,Pcp,VAI_VV,madaabii,madaabii,3PlProxHead,3PlProxSubj,NONE,DubPrt,Neg,medaabiisiigobanenag,<ChCnj><<madaabii>>siigobanenag,GUESS,,,,
VAI,Pcp,VAI_m,minongwaam,minongwaam,3PlProxHead,3PlProxSubj,NONE,DubPrt,Neg,menongwaanziigobanenag,<ChCnj><<minongwaan>>ziigobanenag,GUESS,,,,
VAI,Pcp,VAI_V,nagamo,nagamo,3PlProxHead,3PlProxSubj,NONE,DubPrt,Neg,negamosiigobanenag,<ChCnj><<nagamo>>siigobanenag,GUESS,,,,
VAI,Pcp,VAI_VV,nibaa,nibaa,3PlProxHead,3PlProxSubj,NONE,DubPrt,Neg,nebaasiigobanenag,<ChCnj><<nibaa>>siigobanenag,GUESS,,,,
VAI,Pcp,VAI_V,niimi,niimi,3PlProxHead,3PlProxSubj,NONE,DubPrt,Neg,naamisiigobanenag,<ChCnj><<niimi>>siigobanenag,GUESS,,,,
VAI,Pcp,VAI_n,wanishin,wanishin,3PlProxHead,3PlProxSubj,NONE,DubPrt,Neg,wenishinziigobanenag,<ChCnj><<wanishin>>ziigobanenag,GUESS,,,,
VAI,Pcp,VAI_VV,webinige,webinige,3PlProxHead,3PlProxSubj,NONE,DubPrt,Neg,wayebinigesiigobanenag,<ChCnj><<webinige>>siigobanenag,GUESS,,,,
VAI,Pcp,VAI_am,zaaga'am,zaaga',3PlProxHead,3PlProxSubj,NONE,DubPrt,Neg,zayaaga'amogobanenag,<ChCnj><<zaaga'>>amogobanenag,GUESS,,,,
VAI,Pcp,VAI_VV,maajiibatoo,maajiibatoo,3PlProxHead,3PlProxSubj,NONE,DubPrt,Pos,mayaajiibatoogobanenag,<ChCnj><<maajiibatoo>>gobanenag,GUESS,,,,
VAI,Pcp,VAI_VV,madaabii,madaabii,3PlProxHead,3PlProxSubj,NONE,DubPrt,Pos,medaabiigobanenag,<ChCnj><<madaabii>>gobanenag,GUESS,,,,
VAI,Pcp,VAI_m,minongwaam,minongwaam,3PlProxHead,3PlProxSubj,NONE,DubPrt,Pos,menongwaamogobanenag,<ChCnj><<minongwaam>>ogobanenag,GUESS,,,,
VAI,Pcp,VAI_V,nagamo,nagamo,3PlProxHead,3PlProxSubj,NONE,DubPrt,Pos,negamogobanenag,<ChCnj><<nagamo>>gobanenag,GUESS,,,,
VAI,Pcp,VAI_VV,nibaa,nibaa,3PlProxHead,3PlProxSubj,NONE,DubPrt,Pos,nebaagobanenag,<ChCnj><<nibaa>>gobanenag,GUESS,,,,
VAI,Pcp,VAI_V,niimi,niimi,3PlProxHead,3PlProxSubj,NONE,DubPrt,Pos,naamigobanenag,<ChCnj><<niimi>>gobanenag,GUESS,,,,
VAI,Pcp,VAI_n,wanishin,wanishin,3PlProxHead,3PlProxSubj,NONE,DubPrt,Pos,wenishinogobanenag,<ChCnj><<wanishin>>ogobanenag,GUESS,,,,
VAI,Pcp,VAI_VV,webinige,webinige,3PlProxHead,3PlProxSubj,NONE,DubPrt,Pos,wayebinigegobanenag,<ChCnj><<webinige>>gobanenag,GUESS,,,,
VAI,Pcp,VAI_am,zaaga'am,zaaga',3PlProxHead,3PlProxSubj,NONE,DubPrt,Pos,zayaaga'amogobanenag,<ChCnj><<zaaga'>>amogobanenag,GUESS,,,,
VAI,Pcp,VAI_VV,maajiibatoo,maajiibatoo,3SgObvHead,3SgObvSubj,NONE,DubPrt,Neg,mayaajiibatoosiinigobanenan,<ChCnj><<maajiibatoo>>siinigobanenan,GUESS,,,,
VAI,Pcp,VAI_VV,madaabii,madaabii,3SgObvHead,3SgObvSubj,NONE,DubPrt,Neg,medaabiisiinigobanenan,<ChCnj><<madaabii>>siinigobanenan,GUESS,,,,
VAI,Pcp,VAI_m,minongwaam,minongwaam,3SgObvHead,3SgObvSubj,NONE,DubPrt,Neg,menongwaanziinigobanenan,<ChCnj><<minongwaan>>ziinigobanenan,GUESS,,,,
VAI,Pcp,VAI_V,nagamo,nagamo,3SgObvHead,3SgObvSubj,NONE,DubPrt,Neg,negamosiinigobanenan,<ChCnj><<nagamo>>siinigobanenan,GUESS,,,,
VAI,Pcp,VAI_VV,nibaa,nibaa,3SgObvHead,3SgObvSubj,NONE,DubPrt,Neg,nebaasiinigobanenan,<ChCnj><<nibaa>>siinigobanenan,GUESS,,,,
VAI,Pcp,VAI_V,niimi,niimi,3SgObvHead,3SgObvSubj,NONE,DubPrt,Neg,naamisiinigobanenan,<ChCnj><<niimi>>siinigobanenan,GUESS,,,,
VAI,Pcp,VAI_n,wanishin,wanishin,3SgObvHead,3SgObvSubj,NONE,DubPrt,Neg,wenishinziinigobanenan,<ChCnj><<wanishin>>ziinigobanenan,GUESS,,,,
VAI,Pcp,VAI_VV,webinige,webinige,3SgObvHead,3SgObvSubj,NONE,DubPrt,Neg,wayebinigesiinigobanenan,<ChCnj><<webinige>>siinigobanenan,GUESS,,,,
VAI,Pcp,VAI_am,zaaga'am,zaaga',3SgObvHead,3SgObvSubj,NONE,DubPrt,Neg,zayaaga'aminigobanenan,<ChCnj><<zaaga'>>aminigobanenan,GUESS,,,,
VAI,Pcp,VAI_VV,maajiibatoo,maajiibatoo,3SgObvHead,3SgObvSubj,NONE,DubPrt,Pos,mayaajiibatoonigobanenan,<ChCnj><<maajiibatoo>>nigobanenan,GUESS,,,,
VAI,Pcp,VAI_VV,madaabii,madaabii,3SgObvHead,3SgObvSubj,NONE,DubPrt,Pos,medaabiinigobanenan,<ChCnj><<madaabii>>nigobanenan,GUESS,,,,
VAI,Pcp,VAI_m,minongwaam,minongwaam,3SgObvHead,3SgObvSubj,NONE,DubPrt,Pos,menongwaaminigobanenan,<ChCnj><<minongwaam>>inigobanenan,GUESS,,,,
VAI,Pcp,VAI_V,nagamo,nagamo,3SgObvHead,3SgObvSubj,NONE,DubPrt,Pos,negamonigobanenan,<ChCnj><<nagamo>>nigobanenan,GUESS,,,,
VAI,Pcp,VAI_VV,nibaa,nibaa,3SgObvHead,3SgObvSubj,NONE,DubPrt,Pos,nebaanigobanenan,<ChCnj><<nibaa>>nigobanenan,GUESS,,,,
VAI,Pcp,VAI_V,niimi,niimi,3SgObvHead,3SgObvSubj,NONE,DubPrt,Pos,naaminigobanenan,<ChCnj><<niimi>>nigobanenan,GUESS,,,,
VAI,Pcp,VAI_n,wanishin,wanishin,3SgObvHead,3SgObvSubj,NONE,DubPrt,Pos,wenishininigobanenan,<ChCnj><<wanishin>>inigobanenan,GUESS,,,,
VAI,Pcp,VAI_VV,webinige,webinige,3SgObvHead,3SgObvSubj,NONE,DubPrt,Pos,wayebinigenigobanenan,<ChCnj><<webinige>>nigobanenan,GUESS,,,,
VAI,Pcp,VAI_am,zaaga'am,zaaga',3SgObvHead,3SgObvSubj,NONE,DubPrt,Pos,zayaaga'aminigobanenan,<ChCnj><<zaaga'>>aminigobanenan,GUESS,,,,
VAI,Pcp,VAI_VV,maajiibatoo,maajiibatoo,3SgProxHead,3SgProxSubj,NONE,DubPrt,Neg,mayaajiibatoosiigobanen,<ChCnj><<maajiibatoo>>siigobanen,GUESS,,,,
VAI,Pcp,VAI_VV,madaabii,madaabii,3SgProxHead,3SgProxSubj,NONE,DubPrt,Neg,medaabiisiigobanen,<ChCnj><<madaabii>>siigobanen,GUESS,,,,
VAI,Pcp,VAI_m,minongwaam,minongwaam,3SgProxHead,3SgProxSubj,NONE,DubPrt,Neg,menongwaanziigobanen,<ChCnj><<minongwaan>>ziigobanen,GUESS,,,,
VAI,Pcp,VAI_V,nagamo,nagamo,3SgProxHead,3SgProxSubj,NONE,DubPrt,Neg,negamosiigobanen,<ChCnj><<nagamo>>siigobanen,GUESS,,,,
VAI,Pcp,VAI_VV,nibaa,nibaa,3SgProxHead,3SgProxSubj,NONE,DubPrt,Neg,nebaasiigobanen,<ChCnj><<nibaa>>siigobanen,GUESS,,,,
VAI,Pcp,VAI_V,niimi,niimi,3SgProxHead,3SgProxSubj,NONE,DubPrt,Neg,naamisiigobanen,<ChCnj><<niimi>>siigobanen,GUESS,,,,
VAI,Pcp,VAI_n,wanishin,wanishin,3SgProxHead,3SgProxSubj,NONE,DubPrt,Neg,wenishinziigobanen,<ChCnj><<wanishin>>ziigobanen,GUESS,,,,
VAI,Pcp,VAI_VV,webinige,webinige,3SgProxHead,3SgProxSubj,NONE,DubPrt,Neg,wayebinigesiigobanen,<ChCnj><<webinige>>siigobanen,GUESS,,,,
VAI,Pcp,VAI_am,zaaga'am,zaaga',3SgProxHead,3SgProxSubj,NONE,DubPrt,Neg,zayaaga'amogobanen,<ChCnj><<zaaga'>>amogobanen,GUESS,,,,
VAI,Pcp,VAI_VV,maajiibatoo,maajiibatoo,3SgProxHead,3SgProxSubj,NONE,DubPrt,Pos,mayaajiibatoogobanen,<ChCnj><<maajiibatoo>>gobanen,GUESS,,,,
VAI,Pcp,VAI_VV,madaabii,madaabii,3SgProxHead,3SgProxSubj,NONE,DubPrt,Pos,medaabiigobanen,<ChCnj><<madaabii>>gobanen,GUESS,,,,
VAI,Pcp,VAI_m,minongwaam,minongwaam,3SgProxHead,3SgProxSubj,NONE,DubPrt,Pos,menongwaamogobanen,<ChCnj><<minongwaam>>ogobanen,GUESS,,,,
VAI,Pcp,VAI_V,nagamo,nagamo,3SgProxHead,3SgProxSubj,NONE,DubPrt,Pos,negamogobanen,<ChCnj><<nagamo>>gobanen,GUESS,,,,
VAI,Pcp,VAI_VV,nibaa,nibaa,3SgProxHead,3SgProxSubj,NONE,DubPrt,Pos,nebaagobanen,<ChCnj><<nibaa>>gobanen,GUESS,,,,
VAI,Pcp,VAI_V,niimi,niimi,3SgProxHead,3SgProxSubj,NONE,DubPrt,Pos,naamigobanen,<ChCnj><<niimi>>gobanen,GUESS,,,,
VAI,Pcp,VAI_n,wanishin,wanishin,3SgProxHead,3SgProxSubj,NONE,DubPrt,Pos,wenishinogobanen,<ChCnj><<wanishin>>ogobanen,GUESS,,,,
VAI,Pcp,VAI_VV,webinige,webinige,3SgProxHead,3SgProxSubj,NONE,DubPrt,Pos,wayebinigegobanen,<ChCnj><<webinige>>gobanen,GUESS,,,,
VAI,Pcp,VAI_am,zaaga'am,zaaga',3SgProxHead,3SgProxSubj,NONE,DubPrt,Pos,zayaaga'amogobanen,<ChCnj><<zaaga'>>amogobanen,GUESS,,,,
VAI,Pcp,VAI_VV,maajiibatoo,maajiibatoo,3PlObvHead,3PlObvSubj,NONE,Neu,Neg,mayaajiibatoosinijin,<ChCnj><<maajiibatoo>>sinijin,GUESS,,,,
VAI,Pcp,VAI_VV,madaabii,madaabii,3PlObvHead,3PlObvSubj,NONE,Neu,Neg,medaabiisinijin,<ChCnj><<madaabii>>sinijin,GUESS,,,,
VAI,Pcp,VAI_m,minongwaam,minongwaam,3PlObvHead,3PlObvSubj,NONE,Neu,Neg,menongwaanzinijin,<ChCnj><<minongwaan>>zinijin,GUESS,,,,
VAI,Pcp,VAI_V,nagamo,nagamo,3PlObvHead,3PlObvSubj,NONE,Neu,Neg,negamosinijin,<ChCnj><<nagamo>>sinijin,GUESS,,,,
VAI,Pcp,VAI_VV,nibaa,nibaa,3PlObvHead,3PlObvSubj,NONE,Neu,Neg,nebaasinijin,<ChCnj><<nibaa>>sinijin,GUESS,,,,
VAI,Pcp,VAI_V,niimi,niimi,3PlObvHead,3PlObvSubj,NONE,Neu,Neg,naamisinijin,<ChCnj><<niimi>>sinijin,GUESS,,,,
VAI,Pcp,VAI_n,wanishin,wanishin,3PlObvHead,3PlObvSubj,NONE,Neu,Neg,wenishinzinijin,<ChCnj><<wanishin>>zinijin,GUESS,,,,
VAI,Pcp,VAI_VV,webinige,webinige,3PlObvHead,3PlObvSubj,NONE,Neu,Neg,wayebigesinijin,<ChCnj><<webinige>>sinijin,GUESS,,,,
VAI,Pcp,VAI_am,zaaga'am,zaaga',3PlObvHead,3PlObvSubj,NONE,Neu,Neg,zayaaga'anzinijin,<ChCnj><<zaaga'>>anzinijin,GUESS,,,,
VAI,Pcp,VAI_VV,maajiibatoo,maajiibatoo,3PlObvHead,3PlObvSubj,NONE,Neu,Pos,mayaajiibatoonijin,<ChCnj><<maajiibatoo>>nijin,GUESS,,,,
VAI,Pcp,VAI_VV,madaabii,madaabii,3PlObvHead,3PlObvSubj,NONE,Neu,Pos,medaabiinijin,<ChCnj><<madaabii>>nijin,GUESS,,,,
VAI,Pcp,VAI_m,minongwaam,minongwaam,3PlObvHead,3PlObvSubj,NONE,Neu,Pos,menongwaaminijin,<ChCnj><<minongwaam>>inijin,GUESS,,,,
VAI,Pcp,VAI_V,nagamo,nagamo,3PlObvHead,3PlObvSubj,NONE,Neu,Pos,negamonijin,<ChCnj><<nagamo>>nijin,GUESS,,,,
VAI,Pcp,VAI_VV,nibaa,nibaa,3PlObvHead,3PlObvSubj,NONE,Neu,Pos,nebaanijin,<ChCnj><<nibaa>>nijin,GUESS,,,,
VAI,Pcp,VAI_V,niimi,niimi,3PlObvHead,3PlObvSubj,NONE,Neu,Pos,naaminijin,<ChCnj><<niimi>>nijin,GUESS,,,,
VAI,Pcp,VAI_n,wanishin,wanishin,3PlObvHead,3PlObvSubj,NONE,Neu,Pos,wenishininijin,<ChCnj><<wanishin>>inijin,GUESS,,,,
VAI,Pcp,VAI_VV,webinige,webinige,3PlObvHead,3PlObvSubj,NONE,Neu,Pos,wayebinigenijin,<ChCnj><<webinige>>nijin,GUESS,,,,
VAI,Pcp,VAI_am,zaaga'am,zaaga',3PlObvHead,3PlObvSubj,NONE,Neu,Pos,zayaaga'aminijin,<ChCnj><<zaaga'>>aminijin,GUESS,,,,
VAI,Pcp,VAI_VV,maajiibatoo,maajiibatoo,3PlProxHead,3PlProxSubj,NONE,Neu,Neg,mayaajiibatoosigog,<ChCnj><<maajiibatoo>>sigog,GUESS,,,,
VAI,Pcp,VAI_VV,madaabii,madaabii,3PlProxHead,3PlProxSubj,NONE,Neu,Neg,medaabiisigog,<ChCnj><<madaabii>>sigog,GUESS,,,,
VAI,Pcp,VAI_m,minongwaam,minongwaam,3PlProxHead,3PlProxSubj,NONE,Neu,Neg,menongwaamzigog,<ChCnj><<minongwaam>>zigog,GUESS,,,,
VAI,Pcp,VAI_V,nagamo,nagamo,3PlProxHead,3PlProxSubj,NONE,Neu,Neg,negamosigog,<ChCnj><<nagamo>>sigog,GUESS,,,,
VAI,Pcp,VAI_VV,nibaa,nibaa,3PlProxHead,3PlProxSubj,NONE,Neu,Neg,nebaasigog,<ChCnj><<nibaa>>sigog,GUESS,,,,
VAI,Pcp,VAI_V,niimi,niimi,3PlProxHead,3PlProxSubj,NONE,Neu,Neg,naamisigog,<ChCnj><<niimi>>sigog,GUESS,,,,
VAI,Pcp,VAI_n,wanishin,wanishin,3PlProxHead,3PlProxSubj,NONE,Neu,Neg,wenishinzigog,<ChCnj><<wanishin>>zigog,GUESS,,,,
VAI,Pcp,VAI_VV,webinige,webinige,3PlProxHead,3PlProxSubj,NONE,Neu,Neg,wayebinigesigog,<ChCnj><<webinige>>sigog,GUESS,,,,
VAI,Pcp,VAI_am,zaaga'am,zaaga',3PlProxHead,3PlProxSubj,NONE,Neu,Neg,zayaaga'anzigog,<ChCnj><<zaaga'>>anzigog,GUESS,,,,
VAI,Pcp,VAI_VV,maajiibatoo,maajiibatoo,3PlProxHead,3PlProxSubj,NONE,Neu,Pos,mayaajiibatoojig,<ChCnj><<maajiibatoo>>jig,GUESS,,,,
VAI,Pcp,VAI_VV,madaabii,madaabii,3PlProxHead,3PlProxSubj,NONE,Neu,Pos,medaabiijig,<ChCnj><<madaabii>>jig,GUESS,,,,
VAI,Pcp,VAI_m,minongwaam,minongwaam,3PlProxHead,3PlProxSubj,NONE,Neu,Pos,menongwaangig,<ChCnj><<minongwaan>>gig,GUESS,,,,
VAI,Pcp,VAI_V,nagamo,nagamo,3PlProxHead,3PlProxSubj,NONE,Neu,Pos,negamojig,<ChCnj><<nagamo>>jig,GUESS,,,,
VAI,Pcp,VAI_VV,nibaa,nibaa,3PlProxHead,3PlProxSubj,NONE,Neu,Pos,nebaajig,<ChCnj><<nibaa>>jig,GUESS,,,,
VAI,Pcp,VAI_V,niimi,niimi,3PlProxHead,3PlProxSubj,NONE,Neu,Pos,naamijig,<ChCnj><<niimi>>jig,GUESS,,,,
VAI,Pcp,VAI_n,wanishin,wanishin,3PlProxHead,3PlProxSubj,NONE,Neu,Pos,wenishingig,<ChCnj><<wanishin>>gig,GUESS,,,,
VAI,Pcp,VAI_VV,webinige,webinige,3PlProxHead,3PlProxSubj,NONE,Neu,Pos,wayebinigejig,<ChCnj><<webinige>>jig,GUESS,,,,
VAI,Pcp,VAI_am,zaaga'am,zaaga',3PlProxHead,3PlProxSubj,NONE,Neu,Pos,zayaaga'ang,<ChCnj><<zaaga'>>ang,GUESS,,,,
VAI,Pcp,VAI_VV,maajiibatoo,maajiibatoo,3SgObvHead,3SgObvSubj,NONE,Neu,Neg,mayaajiibatoosinin,<ChCnj><<maajiibatoo>>sinin,GUESS,,,,
VAI,Pcp,VAI_VV,madaabii,madaabii,3SgObvHead,3SgObvSubj,NONE,Neu,Neg,medaabiisinin,<ChCnj><<madaabii>>sinin,GUESS,,,,
VAI,Pcp,VAI_m,minongwaam,minongwaam,3SgObvHead,3SgObvSubj,NONE,Neu,Neg,menongwaanzinin,<ChCnj><<minongwaan>>zinin,GUESS,,,,
VAI,Pcp,VAI_V,nagamo,nagamo,3SgObvHead,3SgObvSubj,NONE,Neu,Neg,negamosinin,<ChCnj><<nagamo>>sinin,GUESS,,,,
VAI,Pcp,VAI_VV,nibaa,nibaa,3SgObvHead,3SgObvSubj,NONE,Neu,Neg,nebaasinin,<ChCnj><<nibaa>>sinin,GUESS,,,,
VAI,Pcp,VAI_V,niimi,niimi,3SgObvHead,3SgObvSubj,NONE,Neu,Neg,naamisinin,<ChCnj><<niimi>>sinin,GUESS,,,,
VAI,Pcp,VAI_n,wanishin,wanishin,3SgObvHead,3SgObvSubj,NONE,Neu,Neg,wenishinzinin,<ChCnj><<wanishin>>zinin,GUESS,,,,
VAI,Pcp,VAI_VV,webinige,webinige,3SgObvHead,3SgObvSubj,NONE,Neu,Neg,wayebinigesinin,<ChCnj><<webinige>>sinin,GUESS,,,,
VAI,Pcp,VAI_am,zaaga'am,zaaga',3SgObvHead,3SgObvSubj,NONE,Neu,Neg,zayaaga'anzinin,<ChCnj><<zaaga'>>anzinin,GUESS,,,,
VAI,Pcp,VAI_VV,maajiibatoo,maajiibatoo,3SgObvHead,3SgObvSubj,NONE,Neu,Pos,mayaajiibatoonijin,<ChCnj><<maajiibatoo>>nijin,GUESS,,,,
VAI,Pcp,VAI_VV,madaabii,madaabii,3SgObvHead,3SgObvSubj,NONE,Neu,Pos,medaabiinijin,<ChCnj><<madaabii>>nijin,GUESS,,,,
VAI,Pcp,VAI_m,minongwaam,minongwaam,3SgObvHead,3SgObvSubj,NONE,Neu,Pos,menongwaaminijin,<ChCnj><<minongwaam>>inijin,GUESS,,,,
VAI,Pcp,VAI_V,nagamo,nagamo,3SgObvHead,3SgObvSubj,NONE,Neu,Pos,negamonijin,<ChCnj><<nagamo>>nijin,GUESS,,,,
VAI,Pcp,VAI_VV,nibaa,nibaa,3SgObvHead,3SgObvSubj,NONE,Neu,Pos,nebaanijin,<ChCnj><<nibaa>>nijin,GUESS,,,,
VAI,Pcp,VAI_V,niimi,niimi,3SgObvHead,3SgObvSubj,NONE,Neu,Pos,naaminijin,<ChCnj><<niimi>>nijin,GUESS,,,,
VAI,Pcp,VAI_n,wanishin,wanishin,3SgObvHead,3SgObvSubj,NONE,Neu,Pos,wenishininijin,<ChCnj><<wanishin>>inijin,GUESS,,,,
VAI,Pcp,VAI_VV,webinige,webinige,3SgObvHead,3SgObvSubj,NONE,Neu,Pos,wayebinigenijin,<ChCnj><<webinige>>nijin,GUESS,,,,
VAI,Pcp,VAI_am,zaaga'am,zaaga',3SgObvHead,3SgObvSubj,NONE,Neu,Pos,zayaaga'aminijin,<ChCnj><<zaaga'>>aminijin,GUESS,,,,
VAI,Pcp,VAI_VV,maajiibatoo,maajiibatoo,3SgProxHead,3SgProxSubj,NONE,Neu,Neg,mayaajiibatoosig,<ChCnj><<maajiibatoo>>sig,GUESS,,,,
VAI,Pcp,VAI_VV,madaabii,madaabii,3SgProxHead,3SgProxSubj,NONE,Neu,Neg,medaabiisig,<ChCnj><<madaabii>>sig,GUESS,,,,
VAI,Pcp,VAI_m,minongwaam,minongwaam,3SgProxHead,3SgProxSubj,NONE,Neu,Neg,menongwaanzig,<ChCnj><<minongwaan>>zig,GUESS,,,,
VAI,Pcp,VAI_V,nagamo,nagamo,3SgProxHead,3SgProxSubj,NONE,Neu,Neg,negamosig,<ChCnj><<nagamo>>sig,GUESS,,,,
VAI,Pcp,VAI_VV,nibaa,nibaa,3SgProxHead,3SgProxSubj,NONE,Neu,Neg,nebaasig,<ChCnj><<nibaa>>sig,GUESS,,,,
VAI,Pcp,VAI_V,niimi,niimi,3SgProxHead,3SgProxSubj,NONE,Neu,Neg,naamisig,<ChCnj><<niimi>>sig,GUESS,,,,
VAI,Pcp,VAI_n,wanishin,wanishin,3SgProxHead,3SgProxSubj,NONE,Neu,Neg,wenishinzig,<ChCnj><<wanishin>>zig,GUESS,,,,
VAI,Pcp,VAI_VV,webinige,webinige,3SgProxHead,3SgProxSubj,NONE,Neu,Neg,wayebinigesig,<ChCnj><<webinige>>sig,GUESS,,,,
VAI,Pcp,VAI_am,zaaga'am,zaaga',3SgProxHead,3SgProxSubj,NONE,Neu,Neg,zayaaga'anzig,<ChCnj><<zaaga'>>anzig,GUESS,,,,
VAI,Pcp,VAI_VV,maajiibatoo,maajiibatoo,3SgProxHead,3SgProxSubj,NONE,Neu,Pos,mayaajiibatood,<ChCnj><<maajiibatoo>>d,GUESS,,,,
VAI,Pcp,VAI_VV,madaabii,madaabii,3SgProxHead,3SgProxSubj,NONE,Neu,Pos,medaabiid,<ChCnj><<madaabii>>d,GUESS,,,,
VAI,Pcp,VAI_m,minongwaam,minongwaam,3SgProxHead,3SgProxSubj,NONE,Neu,Pos,menongwaang,<ChCnj><<minongwaan>>g,GUESS,,,,
VAI,Pcp,VAI_V,nagamo,nagamo,3SgProxHead,3SgProxSubj,NONE,Neu,Pos,negamod,<ChCnj><<nagamo>>d,GUESS,,,,
VAI,Pcp,VAI_VV,nibaa,nibaa,3SgProxHead,3SgProxSubj,NONE,Neu,Pos,nebaad,<ChCnj><<nibaa>>d,GUESS,,,,
VAI,Pcp,VAI_V,niimi,niimi,3SgProxHead,3SgProxSubj,NONE,Neu,Pos,naamid,<ChCnj><<niimi>>d,GUESS,,,,
VAI,Pcp,VAI_n,wanishin,wanishin,3SgProxHead,3SgProxSubj,NONE,Neu,Pos,wenishing,<ChCnj><<wanishin>>g,GUESS,,,,
VAI,Pcp,VAI_VV,webinige,webinige,3SgProxHead,3SgProxSubj,NONE,Neu,Pos,wayebiniged,<ChCnj><<webinige>>d,GUESS,,,,
VAI,Pcp,VAI_am,zaaga'am,zaaga',3SgProxHead,3SgProxSubj,NONE,Neu,Pos,zayaaga'ang,<ChCnj><<zaaga'>>ang,GUESS,,,,
VAI,Pcp,VAI_VV,maajiibatoo,maajiibatoo,3PlObvHead,3PlObvSubj,NONE,Prt,Neg,mayaajiibatoosinigobaniin,<ChCnj><<maajiibatoo>>sinigobaniin,GUESS,,mayaajiibat'oosinigobanen,<ChCnj><<maajiibatoo>>sinigobanen,GUESS
VAI,Pcp,VAI_VV,madaabii,madaabii,3PlObvHead,3PlObvSubj,NONE,Prt,Neg,medaabiisinigobaniin,<ChCnj><<madaabii>>sinigobaniin,GUESS,,medaabiisinigobanen,<ChCnj><<madaabii>>sinigobanen,GUESS
VAI,Pcp,VAI_m,minongwaam,minongwaam,3PlObvHead,3PlObvSubj,NONE,Prt,Neg,menongwaanzinigobaniin,<ChCnj><<minongwaan>>zinigobaniin,GUESS,,menongwaanzinigobanen,<ChCnj><<minongwaan>>zinigobanen,GUESS
VAI,Pcp,VAI_V,nagamo,nagamo,3PlObvHead,3PlObvSubj,NONE,Prt,Neg,negamosinigobaniin,<ChCnj><<nagamo>>sinigobaniin,GUESS,,negamosinigobanen,<ChCnj><<nagamo>>sinigobanen,GUESS
VAI,Pcp,VAI_VV,nibaa,nibaa,3PlObvHead,3PlObvSubj,NONE,Prt,Neg,nebaasinigobaniin,<ChCnj><<nibaa>>sinigobaniin,GUESS,,nebaasinigobanen,<ChCnj><<nibaa>>sinigobanen,GUESS
VAI,Pcp,VAI_V,niimi,niimi,3PlObvHead,3PlObvSubj,NONE,Prt,Neg,naamisinigobaniin,<ChCnj><<niimi>>sinigobaniin,GUESS,,naamisinigobanen,<ChCnj><<niimi>>sinigobanen,GUESS
VAI,Pcp,VAI_n,wanishin,wanishin,3PlObvHead,3PlObvSubj,NONE,Prt,Neg,wenishinzinigobaniin,<ChCnj><<wanishin>>zinigobaniin,GUESS,,wenishinzinigobanen,<ChCnj><<wanishin>>zinigobanen,GUESS
VAI,Pcp,VAI_VV,webinige,webinige,3PlObvHead,3PlObvSubj,NONE,Prt,Neg,wayebinigesinigobaniin,<ChCnj><<webinige>>sinigobaniin,GUESS,,wayebinigesinigobanen,<ChCnj><<webinige>>sinigobanen,GUESS
VAI,Pcp,VAI_am,zaaga'am,zaaga',3PlObvHead,3PlObvSubj,NONE,Prt,Neg,zayaaga'anzinigobaniin,<ChCnj><<zaaga'>>anzinigobaniin,GUESS,,zayaaga'anzinigobanen,<ChCnj><<zaaga'>>anzinigobanen,GUESS
VAI,Pcp,VAI_VV,maajiibatoo,maajiibatoo,3PlObvHead,3PlObvSubj,NONE,Prt,Pos,mayaajiibatoonipaniin,<ChCnj><<maajiibatoo>>nipaniin,GUESS,,mayaajiibat'oonipanen,<ChCnj><<maajiibatoo>>nipanen,GUESS
VAI,Pcp,VAI_VV,madaabii,madaabii,3PlObvHead,3PlObvSubj,NONE,Prt,Pos,medaabiinipaniin,<ChCnj><<madaabii>>nipaniin,GUESS,,medaabiinipanen,<ChCnj><<madaabii>>nipanen,GUESS
VAI,Pcp,VAI_m,minongwaam,minongwaam,3PlObvHead,3PlObvSubj,NONE,Prt,Pos,menongwaaminipaniin,<ChCnj><<minongwaam>>inipaniin,GUESS,,menongwaaminipanen,<ChCnj><<minongwaam>>inipanen,GUESS
VAI,Pcp,VAI_V,nagamo,nagamo,3PlObvHead,3PlObvSubj,NONE,Prt,Pos,negamonipaniin,<ChCnj><<nagamo>>nipaniin,GUESS,,negamonipanen,<ChCnj><<nagamo>>nipanen,GUESS
VAI,Pcp,VAI_VV,nibaa,nibaa,3PlObvHead,3PlObvSubj,NONE,Prt,Pos,nebaanipaniin,<ChCnj><<nibaa>>nipaniin,GUESS,,nebaanipanen,<ChCnj><<nibaa>>nipanen,GUESS
VAI,Pcp,VAI_V,niimi,niimi,3PlObvHead,3PlObvSubj,NONE,Prt,Pos,naaminipaniin,<ChCnj><<niimi>>nipaniin,GUESS,,naaminipanen,<ChCnj><<niimi>>nipanen,GUESS
VAI,Pcp,VAI_n,wanishin,wanishin,3PlObvHead,3PlObvSubj,NONE,Prt,Pos,wenishininipaniin,<ChCnj><<wanishin>>inipaniin,GUESS,,wenishininipanen,<ChCnj><<wanishin>>inipanen,GUESS
VAI,Pcp,VAI_VV,webinige,webinige,3PlObvHead,3PlObvSubj,NONE,Prt,Pos,wayebinigenipaniin,<ChCnj><<webinige>>nipaniin,GUESS,,wayebinigenipanen,<ChCnj><<webinige>>nipanen,GUESS
VAI,Pcp,VAI_am,zaaga'am,zaaga',3PlObvHead,3PlObvSubj,NONE,Prt,Pos,zayaaga'aminipanin,<ChCnj><<zaaga'>>aminipanin,GUESS,,zayaaga'aminipanin,<ChCnj><<zaaga'>>aminipanin,GUESS
VAI,Pcp,VAI_VV,maajiibatoo,maajiibatoo,3PlProxHead,3PlProxSubj,NONE,Prt,Neg,mayaajiibatoosigobaniig,<ChCnj><<maajiibatoo>>sigobaniig,GUESS,,mayaajiibat'oosigobaneg,<ChCnj><<maajiibatoo>>sigobaneg,GUESS
VAI,Pcp,VAI_VV,madaabii,madaabii,3PlProxHead,3PlProxSubj,NONE,Prt,Neg,medaabiisigobaniig,<ChCnj><<madaabii>>sigobaniig,GUESS,,medaabiisigobaneg,<ChCnj><<madaabii>>sigobaneg,GUESS
VAI,Pcp,VAI_m,minongwaam,minongwaam,3PlProxHead,3PlProxSubj,NONE,Prt,Neg,menongwaanzigobaniig,<ChCnj><<minongwaan>>zigobaniig,GUESS,,menongwaanzigobaneg,<ChCnj><<minongwaan>>zigobaneg,GUESS
VAI,Pcp,VAI_V,nagamo,nagamo,3PlProxHead,3PlProxSubj,NONE,Prt,Neg,negamosigobaniig,<ChCnj><<nagamo>>sigobaniig,GUESS,,negamosigobaneg,<ChCnj><<nagamo>>sigobaneg,GUESS
VAI,Pcp,VAI_VV,nibaa,nibaa,3PlProxHead,3PlProxSubj,NONE,Prt,Neg,nebaasigobaniig,<ChCnj><<nibaa>>sigobaniig,GUESS,,nebaasigobaneg,<ChCnj><<nibaa>>sigobaneg,GUESS
VAI,Pcp,VAI_V,niimi,niimi,3PlProxHead,3PlProxSubj,NONE,Prt,Neg,naamisigobaniig,<ChCnj><<niimi>>sigobaniig,GUESS,,naamisigobaneg,<ChCnj><<niimi>>sigobaneg,GUESS
VAI,Pcp,VAI_n,wanishin,wanishin,3PlProxHead,3PlProxSubj,NONE,Prt,Neg,wenishinzigobaniig,<ChCnj><<wanishin>>zigobaniig,GUESS,,wenishinzigobaneg,<ChCnj><<wanishin>>zigobaneg,GUESS
VAI,Pcp,VAI_VV,webinige,webinige,3PlProxHead,3PlProxSubj,NONE,Prt,Neg,wayebinigesigobaniig,<ChCnj><<webinige>>sigobaniig,GUESS,,wayebinigesigobaneg,<ChCnj><<webinige>>sigobaneg,GUESS
VAI,Pcp,VAI_am,zaaga'am,zaaga',3PlProxHead,3PlProxSubj,NONE,Prt,Neg,zayaaga'anzigobaniig,<ChCnj><<zaaga'>>anzigobaniig,GUESS,,zayaaga'anzigobaneg,<ChCnj><<zaaga'>>anzigobaneg,GUESS
VAI,Pcp,VAI_VV,maajiibatoo,maajiibatoo,3PlProxHead,3PlProxSubj,NONE,Prt,Pos,mayaajiibatoopaniig,<ChCnj><<maajiibatoo>>paniig,GUESS,,mayaajiibat'oopaneg,<ChCnj><<maajiibatoo>>paneg,GUESS
VAI,Pcp,VAI_VV,madaabii,madaabii,3PlProxHead,3PlProxSubj,NONE,Prt,Pos,medaabiipaniig,<ChCnj><<madaabii>>paniig,GUESS,,medaabiipaneg,<ChCnj><<madaabii>>paneg,GUESS
VAI,Pcp,VAI_m,minongwaam,minongwaam,3PlProxHead,3PlProxSubj,NONE,Prt,Pos,menongwaangibaniig,<ChCnj><<minongwaan>>gibaniig,GUESS,,menongwaangibaneg,<ChCnj><<minongwaan>>gibaneg,GUESS
VAI,Pcp,VAI_V,nagamo,nagamo,3PlProxHead,3PlProxSubj,NONE,Prt,Pos,negamopaniig,<ChCnj><<nagamo>>paniig,GUESS,,negamopaneg,<ChCnj><<nagamo>>paneg,GUESS
VAI,Pcp,VAI_VV,nibaa,nibaa,3PlProxHead,3PlProxSubj,NONE,Prt,Pos,nebaapaniig,<ChCnj><<nibaa>>paniig,GUESS,,nebaapaneg,<ChCnj><<nibaa>>paneg,GUESS
VAI,Pcp,VAI_V,niimi,niimi,3PlProxHead,3PlProxSubj,NONE,Prt,Pos,naamipaniig,<ChCnj><<niimi>>paniig,GUESS,,naamipaneg,<ChCnj><<niimi>>paneg,GUESS
VAI,Pcp,VAI_n,wanishin,wanishin,3PlProxHead,3PlProxSubj,NONE,Prt,Pos,wenishingibaniig,<ChCnj><<wanishin>>gibaniig,GUESS,,wenishingibaneg,<ChCnj><<wanishin>>gibaneg,GUESS
VAI,Pcp,VAI_VV,webinige,webinige,3PlProxHead,3PlProxSubj,NONE,Prt,Pos,wayebinigepaniig,<ChCnj><<webinige>>paniig,GUESS,,wayebinigepaneg,<ChCnj><<webinige>>paneg,GUESS
VAI,Pcp,VAI_am,zaaga'am,zaaga',3PlProxHead,3PlProxSubj,NONE,Prt,Pos,zayaaga'angibaniig,<ChCnj><<zaaga'>>angibaniig,GUESS,,zayaaga'angibaneg,<ChCnj><<zaaga'>>angibaneg,GUESS
VAI,Pcp,VAI_VV,maajiibatoo,maajiibatoo,3SgObvHead,3SgObvSubj,NONE,Prt,Neg,mayaajiibatoosinigobaniin,<ChCnj><<maajiibatoo>>sinigobaniin,GUESS,,mayaajiibat'oosinigobanen,<ChCnj><<maajiibatoo>>sinigobanen,GUESS
VAI,Pcp,VAI_VV,madaabii,madaabii,3SgObvHead,3SgObvSubj,NONE,Prt,Neg,medaabiisinigobaniin,<ChCnj><<madaabii>>sinigobaniin,GUESS,,medaabiisinigobanen,<ChCnj><<madaabii>>sinigobanen,GUESS
VAI,Pcp,VAI_m,minongwaam,minongwaam,3SgObvHead,3SgObvSubj,NONE,Prt,Neg,menongwaanzinigobaniin,<ChCnj><<minongwaan>>zinigobaniin,GUESS,,menongwaanzinigobanen,<ChCnj><<minongwaan>>zinigobanen,GUESS
VAI,Pcp,VAI_V,nagamo,nagamo,3SgObvHead,3SgObvSubj,NONE,Prt,Neg,negamosinigobaniin,<ChCnj><<nagamo>>sinigobaniin,GUESS,,negamosinigobanen,<ChCnj><<nagamo>>sinigobanen,GUESS
VAI,Pcp,VAI_VV,nibaa,nibaa,3SgObvHead,3SgObvSubj,NONE,Prt,Neg,nebaasinigobaniin,<ChCnj><<nibaa>>sinigobaniin,GUESS,,nebaasinigobanen,<ChCnj><<nibaa>>sinigobanen,GUESS
VAI,Pcp,VAI_V,niimi,niimi,3SgObvHead,3SgObvSubj,NONE,Prt,Neg,naamisinigobaniin,<ChCnj><<niimi>>sinigobaniin,GUESS,,naamisinigobanen,<ChCnj><<niimi>>sinigobanen,GUESS
VAI,Pcp,VAI_n,wanishin,wanishin,3SgObvHead,3SgObvSubj,NONE,Prt,Neg,wenishinzinigobaniin,<ChCnj><<wanishin>>zinigobaniin,GUESS,,wenishinzinigobanen,<ChCnj><<wanishin>>zinigobanen,GUESS
VAI,Pcp,VAI_VV,webinige,webinige,3SgObvHead,3SgObvSubj,NONE,Prt,Neg,wayebinigesinigobaniin,<ChCnj><<webinige>>sinigobaniin,GUESS,,wayebinigesinigobanen,<ChCnj><<webinige>>sinigobanen,GUESS
VAI,Pcp,VAI_am,zaaga'am,zaaga',3SgObvHead,3SgObvSubj,NONE,Prt,Neg,zayaaga'anzinigobaniin,<ChCnj><<zaaga'>>anzinigobaniin,GUESS,,zayaaga'anzinigobanen,<ChCnj><<zaaga'>>anzinigobanen,GUESS
VAI,Pcp,VAI_VV,maajiibatoo,maajiibatoo,3SgObvHead,3SgObvSubj,NONE,Prt,Pos,mayaajiibatoonipaniin,<ChCnj><<maajiibatoo>>nipaniin,GUESS,,mayaajiibat'oonipanen,<ChCnj><<maajiibatoo>>nipanen,GUESS
VAI,Pcp,VAI_VV,madaabii,madaabii,3SgObvHead,3SgObvSubj,NONE,Prt,Pos,medaabiinipaniin,<ChCnj><<madaabii>>nipaniin,GUESS,,medaabiinipanen,<ChCnj><<madaabii>>nipanen,GUESS
VAI,Pcp,VAI_m,minongwaam,minongwaam,3SgObvHead,3SgObvSubj,NONE,Prt,Pos,menongwaaminipaniin,<ChCnj><<minongwaam>>inipaniin,GUESS,,menongwaaminipanen,<ChCnj><<minongwaam>>inipanen,GUESS
VAI,Pcp,VAI_V,nagamo,nagamo,3SgObvHead,3SgObvSubj,NONE,Prt,Pos,negamonipaniin,<ChCnj><<nagamo>>nipaniin,GUESS,,negamonipanen,<ChCnj><<nagamo>>nipanen,GUESS
VAI,Pcp,VAI_VV,nibaa,nibaa,3SgObvHead,3SgObvSubj,NONE,Prt,Pos,nebaanipaniin,<ChCnj><<nibaa>>nipaniin,GUESS,,nebaanipanen,<ChCnj><<nibaa>>nipanen,GUESS
VAI,Pcp,VAI_V,niimi,niimi,3SgObvHead,3SgObvSubj,NONE,Prt,Pos,naaminipaniin,<ChCnj><<niimi>>nipaniin,GUESS,,naaminipanen,<ChCnj><<niimi>>nipanen,GUESS
VAI,Pcp,VAI_n,wanishin,wanishin,3SgObvHead,3SgObvSubj,NONE,Prt,Pos,wenishininipaniin,<ChCnj><<wanishin>>inipaniin,GUESS,,wenishininipanen,<ChCnj><<wanishin>>inipanen,GUESS
VAI,Pcp,VAI_VV,webinige,webinige,3SgObvHead,3SgObvSubj,NONE,Prt,Pos,wayebinigenipaniin,<ChCnj><<webinige>>nipaniin,GUESS,,wayebinigenipanen,<ChCnj><<webinige>>nipanen,GUESS
VAI,Pcp,VAI_am,zaaga'am,zaaga',3SgObvHead,3SgObvSubj,NONE,Prt,Pos,zayaaga'aminipaniin,<ChCnj><<zaaga'>>aminipaniin,GUESS,,zayaaga'aminipanen,<ChCnj><<zaaga'>>aminipanen,GUESS
VAI,Pcp,VAI_VV,maajiibatoo,maajiibatoo,3SgProxHead,3SgProxSubj,NONE,Prt,Neg,mayaajiibatoosigoban,<ChCnj><<maajiibatoo>>sigoban,GUESS,,,,
VAI,Pcp,VAI_VV,madaabii,madaabii,3SgProxHead,3SgProxSubj,NONE,Prt,Neg,medaabiisigoban,<ChCnj><<madaabii>>sigoban,GUESS,,,,
VAI,Pcp,VAI_m,minongwaam,minongwaam,3SgProxHead,3SgProxSubj,NONE,Prt,Neg,menongwaanzigoban,<ChCnj><<minongwaan>>zigoban,GUESS,,,,
VAI,Pcp,VAI_V,nagamo,nagamo,3SgProxHead,3SgProxSubj,NONE,Prt,Neg,negamosigoban,<ChCnj><<nagamo>>sigoban,GUESS,,,,
VAI,Pcp,VAI_VV,nibaa,nibaa,3SgProxHead,3SgProxSubj,NONE,Prt,Neg,nebaasigoban,<ChCnj><<nibaa>>sigoban,GUESS,,,,
VAI,Pcp,VAI_V,niimi,niimi,3SgProxHead,3SgProxSubj,NONE,Prt,Neg,naamisigoban,<ChCnj><<niimi>>sigoban,GUESS,,,,
VAI,Pcp,VAI_n,wanishin,wanishin,3SgProxHead,3SgProxSubj,NONE,Prt,Neg,wenishinzigoban,<ChCnj><<wanishin>>zigoban,GUESS,,,,
VAI,Pcp,VAI_VV,webinige,webinige,3SgProxHead,3SgProxSubj,NONE,Prt,Neg,wayebinigesigoban,<ChCnj><<webinige>>sigoban,GUESS,,,,
VAI,Pcp,VAI_am,zaaga'am,zaaga',3SgProxHead,3SgProxSubj,NONE,Prt,Neg,zayaaga'anzigoban,<ChCnj><<zaaga'>>anzigoban,GUESS,,,,
VAI,Pcp,VAI_VV,maajiibatoo,maajiibatoo,3SgProxHead,3SgProxSubj,NONE,Prt,Pos,mayaajiibatoopan,<ChCnj><<maajiibatoo>>pan,GUESS,,,,
VAI,Pcp,VAI_VV,madaabii,madaabii,3SgProxHead,3SgProxSubj,NONE,Prt,Pos,medaabiipan,<ChCnj><<madaabii>>pan,GUESS,,,,
VAI,Pcp,VAI_m,minongwaam,minongwaam,3SgProxHead,3SgProxSubj,NONE,Prt,Pos,menongwaangiban,<ChCnj><<minongwaan>>giban,GUESS,,,,
VAI,Pcp,VAI_V,nagamo,nagamo,3SgProxHead,3SgProxSubj,NONE,Prt,Pos,negamopan,<ChCnj><<nagamo>>pan,GUESS,,,,
VAI,Pcp,VAI_VV,nibaa,nibaa,3SgProxHead,3SgProxSubj,NONE,Prt,Pos,nebaapan,<ChCnj><<nibaa>>pan,GUESS,,,,
VAI,Pcp,VAI_V,niimi,niimi,3SgProxHead,3SgProxSubj,NONE,Prt,Pos,naamipan,<ChCnj><<niimi>>pan,GUESS,,,,
VAI,Pcp,VAI_n,wanishin,wanishin,3SgProxHead,3SgProxSubj,NONE,Prt,Pos,wenishingiban,<ChCnj><<wanishin>>giban,GUESS,,,,
VAI,Pcp,VAI_VV,webinige,webinige,3SgProxHead,3SgProxSubj,NONE,Prt,Pos,wayebinigepan,<ChCnj><<webinige>>pan,GUESS,,,,
VAI,Pcp,VAI_am,zaaga'am,zaaga',3SgProxHead,3SgProxSubj,NONE,Prt,Pos,zayaaga'angiban,<ChCnj><<zaaga'>>angiban,GUESS,,,,