Paradigm,Order,Class,Lemma,Stem,Subject,Object,Mode,Negation,FormSurface,Form1Split,Form1Source,Form2Surface,Form2Split,Form2Source
VTA,Cnj,VTA_C,waabam,waabam,0PlSubj,1SgObj,Neu,Pos,waabamigoyaan,<<waabam>>igoyaan,NJ-ngs-2023-Aug19,,,
VTA,Cnj,VTA_C,waabam,waabam,0PlSubj,2PlObj,Neu,Pos,waabamigoyeg,<<waabam>>igoyeg,NJ-ngs-2023-Aug19,,,
VTA,Cnj,VTA_C,waabam,waabam,0PlSubj,2SgObj,Neu,Pos,waabamigoyan,<<waabam>>igoyan,NJ-ngs-2023-Aug19,,,
VTA,Cnj,VTA_C,waabam,waabam,0PlSubj,3PlObvObj,Neu,Pos,waabamigonid,<<waabam>>igonid,RECONFIRM,,,
VTA,Cnj,VTA_C,waabam,waabam,0PlSubj,3PlProxObj,Neu,Pos,waabamigowaad,<<waabam>>igowaad,NJ-ngs-2023-Aug19,,,
VTA,Cnj,VTA_C,waabam,waabam,0PlSubj,3SgObvObj,Neu,Pos,waabamigonid,<<waabam>>igonid,NJ-ngs-2023-Aug19,,,
VTA,Cnj,VTA_C,waabam,waabam,0PlSubj,3SgProxObj,Neu,Pos,waabamigod,<<waabam>>igod,NJ-ngs-2023-Aug19,,,
VTA,Cnj,VTA_C,waabam,waabam,0PlSubj,ExclObj,Neu,Pos,waabamigoyaang,<<waabam>>igoyaang,NJ-ngs-2023-Aug19,,,
VTA,Cnj,VTA_C,waabam,waabam,0PlSubj,InclObj,Neu,Pos,waabamigoyang,<<waabam>>igoyang,NJ-ngs-2023-Aug19,,,
VTA,Cnj,VTA_C,waabam,waabam,0PlSubj,1SgObj,Neu,Neg,waabamigosiwaan,<<waabam>>igosiwaan,NJ-ngs-2023-Aug19,,,
VTA,Cnj,VTA_C,waabam,waabam,0PlSubj,2PlObj,Neu,Neg,waabamigosiweg,<<waabam>>igosiweg,NJ-ngs-2023-Aug19,,,
VTA,Cnj,VTA_C,waabam,waabam,0PlSubj,2SgObj,Neu,Neg,waabamigosiwan,<<waabam>>igosiwan,NJ-ngs-2023-Aug19,,,
VTA,Cnj,VTA_C,waabam,waabam,0PlSubj,3PlObvObj,Neu,Neg,waabamigosinig,<<waabam>>igosinig,RECONFIRM,,,
VTA,Cnj,VTA_C,waabam,waabam,0PlSubj,3PlProxObj,Neu,Neg,waabamigosigwaa,<<waabam>>igosigwaa,NJ-ngs-2023-Aug19,,,
VTA,Cnj,VTA_C,waabam,waabam,0PlSubj,3SgObvObj,Neu,Neg,waabamigosinig,<<waabam>>igosinig,NJ-ngs-2023-Aug19,,,
VTA,Cnj,VTA_C,waabam,waabam,0PlSubj,3SgProxObj,Neu,Neg,waabamigosig,<<waabam>>igosig,NJ-ngs-2023-Aug19,,,
VTA,Cnj,VTA_C,waabam,waabam,0PlSubj,ExclObj,Neu,Neg,waabamigosiwaang,<<waabam>>igosiwaang,NJ-ngs-2023-Aug19,,,
VTA,Cnj,VTA_C,waabam,waabam,0PlSubj,InclObj,Neu,Neg,waabamigosiwang,<<waabam>>igosiwang,NJ-ngs-2023-Aug19,,,
VTA,Cnj,VTA_C,waabam,waabam,0SgSubj,1SgObj,Neu,Pos,waabamigoyaan,<<waabam>>igoyaan,NJ-ngs-2023-Aug19,,,
VTA,Cnj,VTA_C,waabam,waabam,0SgSubj,2PlObj,Neu,Pos,waabamigoyeg,<<waabam>>igoyeg,NJ-ngs-2023-Aug19,,,
VTA,Cnj,VTA_C,waabam,waabam,0SgSubj,2SgObj,Neu,Pos,waabamigoyan,<<waabam>>igoyan,NJ-ngs-2023-Aug19,,,
VTA,Cnj,VTA_C,waabam,waabam,0SgSubj,3PlObvObj,Neu,Pos,waabamigonid,<<waabam>>igonid,RECONFIRM,,,
VTA,Cnj,VTA_C,waabam,waabam,0SgSubj,3PlProxObj,Neu,Pos,waabamigowaad,<<waabam>>igowaad,NJ-ngs-2023-Aug19,,,
VTA,Cnj,VTA_C,waabam,waabam,0SgSubj,3SgObvObj,Neu,Pos,waabamigonid,<<waabam>>igonid,NJ-ngs-2023-Aug19,,,
VTA,Cnj,VTA_C,waabam,waabam,0SgSubj,3SgProxObj,Neu,Pos,waabamigod,<<waabam>>igod,NJ-ngs-2023-Aug19,,,
VTA,Cnj,VTA_C,waabam,waabam,0SgSubj,ExclObj,Neu,Pos,waabamigoyaang,<<waabam>>igoyaang,NJ-ngs-2023-Aug19,,,
VTA,Cnj,VTA_C,waabam,waabam,0SgSubj,InclObj,Neu,Pos,waabamigoyang,<<waabam>>igoyang,NJ-ngs-2023-Aug19,,,
VTA,Cnj,VTA_C,waabam,waabam,0SgSubj,1SgObj,Neu,Neg,waabamigosiwaan,<<waabam>>igosiwaan,NJ-ngs-2023-Aug19,,,
VTA,Cnj,VTA_C,waabam,waabam,0SgSubj,2PlObj,Neu,Neg,waabamigosiweg,<<waabam>>igosiweg,NJ-ngs-2023-Aug19,,,
VTA,Cnj,VTA_C,waabam,waabam,0SgSubj,2SgObj,Neu,Neg,waabamigosiwan,<<waabam>>igosiwan,NJ-ngs-2023-Aug19,,,
VTA,Cnj,VTA_C,waabam,waabam,0SgSubj,3PlObvObj,Neu,Neg,waabamigosinig,<<waabam>>igosinig,RECONFIRM,,,
VTA,Cnj,VTA_C,waabam,waabam,0SgSubj,3PlProxObj,Neu,Neg,waabamigosigwaa,<<waabam>>igosigwaa,NJ-ngs-2023-Aug19,,,
VTA,Cnj,VTA_C,waabam,waabam,0SgSubj,3SgObvObj,Neu,Neg,waabamigosinig,<<waabam>>igosinig,NJ-ngs-2023-Aug19,,,
VTA,Cnj,VTA_C,waabam,waabam,0SgSubj,3SgProxObj,Neu,Neg,waabamigosig,<<waabam>>igosig,NJ-ngs-2023-Aug19,,,
VTA,Cnj,VTA_C,waabam,waabam,0SgSubj,ExclObj,Neu,Neg,waabamigosiwaang,<<waabam>>igosiwaang,NJ-ngs-2023-Aug19,,,
VTA,Cnj,VTA_C,waabam,waabam,0SgSubj,InclObj,Neu,Neg,waabamigosiwang,<<waabam>>igosiwang,NJ-ngs-2023-Aug19,,,
VTA,Cnj,VTA_C,waabam,waabam,1SgSubj,2PlObj,Neu,Neg,waabamisinonagog,<<waabam>>isinonagog,NJ-ngs-2023-Aug19,waabamisinowagog,<<waabam>>isinowagog,JRV-Web-ANISH
VTA,Cnj,VTA_C,waabam,waabam,1SgSubj,2SgObj,Neu,Neg,waabamisinowaan,<<waabam>>isinowaan,NJ-ngs-2023-Aug19,,,
VTA,Cnj,VTA_C,waabam,waabam,1SgSubj,3PlObvObj,Neu,Neg,waabamimaasiwag,<<waabam>>imaasiwag,RECONFIRM,,,
VTA,Cnj,VTA_C,waabam,waabam,1SgSubj,3PlProxObj,Neu,Neg,waabamaasiwagwaa,<<waabam>>aasiwagwaa,NJ-ngs-2023-Aug19,,,
VTA,Cnj,VTA_C,waabam,waabam,1SgSubj,3SgObvObj,Neu,Neg,waabamimaasiwag,<<waabam>>imaasiwag,NJ-ngs-2023-Aug19,,,
VTA,Cnj,VTA_C,waabam,waabam,1SgSubj,3SgProxObj,Neu,Neg,waabamaasiwag,<<waabam>>aasiwag,NJ-ngs-2023-Aug19,,,
VTA,Cnj,VTA_C,waabam,waabam,1SgSubj,2PlObj,Neu,Pos,waabaminagog,<<waabam>>inagog,NJ-ngs-2023-Aug19,,,
VTA,Cnj,VTA_C,waabam,waabam,1SgSubj,2SgObj,Neu,Pos,waabaminaan,<<waabam>>inaan,NJ-ngs-2023-Aug19,,,
VTA,Cnj,VTA_C,waabam,waabam,1SgSubj,3PlObvObj,Neu,Pos,waabamimag,<<waabam>>imag,RECONFIRM,,,
VTA,Cnj,VTA_C,waabam,waabam,1SgSubj,3PlProxObj,Neu,Pos,waabamagwaa,<<waabam>>agwaa,NJ-ngs-2023-Aug19,,,
VTA,Cnj,VTA_C,waabam,waabam,1SgSubj,3SgObvObj,Neu,Pos,waabamimag,<<waabam>>imag,NJ-ngs-2023-Aug19,,,
VTA,Cnj,VTA_C,waabam,waabam,1SgSubj,3SgProxObj,Neu,Pos,waabamag,<<waabam>>ag,NJ-ngs-2023-Aug19,,,
VTA,Cnj,VTA_C,waabam,waabam,2PlSubj,1SgObj,Neu,Neg,waabamisiweg,<<waabam>>i1siweg,NJ-ngs-2023-Aug19,,,
VTA,Cnj,VTA_C,waabam,waabam,2PlSubj,3PlObvObj,Neu,Neg,waabamimaasiweg,<<waabam>>imaasiweg,RECONFIRM,,,
VTA,Cnj,VTA_C,waabam,waabam,2PlSubj,3PlProxObj,Neu,Neg,waabamaasiwegwaa,<<waabam>>aasiwegwaa,NJ-ngs-2023-Aug19,,,
VTA,Cnj,VTA_C,waabam,waabam,2PlSubj,3SgObvObj,Neu,Neg,waabamimaasiweg,<<waabam>>imaasiweg,NJ-ngs-2023-Aug19,,,
VTA,Cnj,VTA_C,waabam,waabam,2PlSubj,3SgProxObj,Neu,Neg,waabamaasiweg,<<waabam>>aasiweg,NJ-ngs-2023-Aug19,,,
VTA,Cnj,VTA_C,waabam,waabam,2PlSubj,ExclObj,Neu,Neg,waabamisiwaang,<<waabam>>i1siwaang,NJ-ngs-2023-Aug19,,,
VTA,Cnj,VTA_C,waabam,waabam,2PlSubj,1SgObj,Neu,Pos,waabamiyeg,<<waabam>>i1yeg,NJ-ngs-2023-Aug19,,,
VTA,Cnj,VTA_C,waabam,waabam,2PlSubj,3PlObvObj,Neu,Pos,waabamimeg,<<waabam>>imeg,RECONFIRM,,,
VTA,Cnj,VTA_C,waabam,waabam,2PlSubj,3PlProxObj,Neu,Pos,waabamegwaa,<<waabam>>egwaa,NJ-ngs-2023-Aug19,,,
VTA,Cnj,VTA_C,waabam,waabam,2PlSubj,3SgObvObj,Neu,Pos,waabamimeg,<<waabam>>imeg,NJ-ngs-2023-Aug19,,,
VTA,Cnj,VTA_C,waabam,waabam,2PlSubj,3SgProxObj,Neu,Pos,waabameg,<<waabam>>eg,NJ-ngs-2023-Aug19,,,
VTA,Cnj,VTA_C,waabam,waabam,2PlSubj,ExclObj,Neu,Pos,waabamiyaang,<<waabam>>i1yaang,NJ-ngs-2023-Aug19,,,
VTA,Cnj,VTA_C,waabam,waabam,2SgSubj,1SgObj,Neu,Neg,waabamisiwan,<<waabam>>i1siwan,NJ-ngs-2023-Aug19,,,
VTA,Cnj,VTA_C,waabam,waabam,2SgSubj,3PlObvObj,Neu,Neg,waabamimaasiwad,<<waabam>>imaasiwad,RECONFIRM,,,
VTA,Cnj,VTA_C,waabam,waabam,2SgSubj,3PlProxObj,Neu,Neg,waabamaasiwadwaa,<<waabam>>aasiwadwaa,NJ-ngs-2023-Aug19,,,
VTA,Cnj,VTA_C,waabam,waabam,2SgSubj,3SgObvObj,Neu,Neg,waabamimaasiwad,<<waabam>>imaasiwad,NJ-ngs-2023-Aug19,,,
VTA,Cnj,VTA_C,waabam,waabam,2SgSubj,3SgProxObj,Neu,Neg,waabamaasiwad,<<waabam>>aasiwad,NJ-ngs-2023-Aug19,,,
VTA,Cnj,VTA_C,waabam,waabam,2SgSubj,ExclObj,Neu,Neg,waabamisiwaang,<<waabam>>i1siwaang,NJ-ngs-2023-Aug19,,,
VTA,Cnj,VTA_C,waabam,waabam,2SgSubj,1SgObj,Neu,Pos,waabamiyan,<<waabam>>i1yan,NJ-ngs-2023-Aug19,,,
VTA,Cnj,VTA_C,waabam,waabam,2SgSubj,3PlObvObj,Neu,Pos,waabamimad,<<waabam>>imad,RECONFIRM,,,
VTA,Cnj,VTA_C,waabam,waabam,2SgSubj,3PlProxObj,Neu,Pos,waabamadwaa,<<waabam>>adwaa,NJ-ngs-2023-Aug19,,,
VTA,Cnj,VTA_C,waabam,waabam,2SgSubj,3SgObvObj,Neu,Pos,waabamimad,<<waabam>>imad,NJ-ngs-2023-Aug19,,,
VTA,Cnj,VTA_C,waabam,waabam,2SgSubj,3SgProxObj,Neu,Pos,waabamad,<<waabam>>ad,NJ-ngs-2023-Aug19,,,
VTA,Cnj,VTA_C,waabam,waabam,2SgSubj,ExclObj,Neu,Pos,waabamiyaang,<<waabam>>i1yaang,NJ-ngs-2023-Aug19,,,
VTA,Cnj,VTA_C,waabam,waabam,3PlObvSubj,3PlProxObj,Neu,Neg,waabamigosigwaa,<<waabam>>igosigwaa,RECONFIRM,,,
VTA,Cnj,VTA_C,waabam,waabam,3PlObvSubj,3SgProxObj,Neu,Neg,waabamigosig,<<waabam>>igosig,RECONFIRM,,,
VTA,Cnj,VTA_C,waabam,waabam,3PlObvSubj,3PlProxObj,Neu,Pos,waabamigowaad,<<waabam>>igowaad,RECONFIRM,,,
VTA,Cnj,VTA_C,waabam,waabam,3PlObvSubj,3SgProxObj,Neu,Pos,waabamigod,<<waabam>>igod,RECONFIRM,,,
VTA,Cnj,VTA_C,waabam,waabam,3PlProxSubj,1SgObj,Neu,Neg,waabamisigwaa,<<waabam>>i1sigwaa,NJ-ngs-2023-Aug19,,,
VTA,Cnj,VTA_C,waabam,waabam,3PlProxSubj,2PlObj,Neu,Neg,waabamisinowegwaa,<<waabam>>isinowegwaa,NJ-ngs-2023-Aug19,,,
VTA,Cnj,VTA_C,waabam,waabam,3PlProxSubj,2SgObj,Neu,Neg,waabamisinokwaa,<<waabam>>isinokwaa,NJ-ngs-2023-Aug19,,,
VTA,Cnj,VTA_C,waabam,waabam,3PlProxSubj,3PlObvObj,Neu,Neg,waabamaasigwaa,<<waabam>>aasigwaa,RECONFIRM,,,
VTA,Cnj,VTA_C,waabam,waabam,3PlProxSubj,3SgObvObj,Neu,Neg,waabamaasigwaa,<<waabam>>aasigwaa,NJ-ngs-2023-Aug19,,,
VTA,Cnj,VTA_C,waabam,waabam,3PlProxSubj,ExclObj,Neu,Neg,waabamisinowangidwaa,<<waabam>>i1sinowangidwaa,NJ-ngs-2023-Aug19,waabamisiwangidwaa,<<waabam>>i1siwangidwaa,JRV-Web-ANISH
VTA,Cnj,VTA_C,waabam,waabam,3PlProxSubj,InclObj,Neu,Neg,waabamisinowangwaa,<<waabam>>isinowangwaa,NJ-ngs-2023-Aug19,,,
VTA,Cnj,VTA_C,waabam,waabam,3PlProxSubj,1SgObj,Neu,Pos,waabamiwaad,<<waabam>>i1waad,NJ-ngs-2023-Aug19,,,
VTA,Cnj,VTA_C,waabam,waabam,3PlProxSubj,2PlObj,Neu,Pos,waabaminegwaa,<<waabam>>inegwaa,NJ-ngs-2023-Aug19,,,
VTA,Cnj,VTA_C,waabam,waabam,3PlProxSubj,2SgObj,Neu,Pos,waabamikwaa,<<waabam>>ikwaa,NJ-ngs-2023-Aug19,,,
VTA,Cnj,VTA_C,waabam,waabam,3PlProxSubj,3PlObvObj,Neu,Pos,waabamaawaad,<<waabam>>aawaad,RECONFIRM,,,
VTA,Cnj,VTA_C,waabam,waabam,3PlProxSubj,3SgObvObj,Neu,Pos,waabamaawaad,<<waabam>>aawaad,NJ-ngs-2023-Aug19,,,
VTA,Cnj,VTA_C,waabam,waabam,3PlProxSubj,ExclObj,Neu,Pos,waabamigooyaang,<<waabam>>igooyaang,NJ-ngs-2023-Aug19,waabamiyangidwaa,<<waabam>>i1yangidwaa,JRV-Web-ANISH
VTA,Cnj,VTA_C,waabam,waabam,3PlProxSubj,InclObj,Neu,Pos,waabaminangwaa,<<waabam>>inangwaa,NJ-ngs-2023-Aug19,,,
VTA,Cnj,VTA_C,waabam,waabam,3SgObvSubj,3PlProxObj,Neu,Neg,waabamigosigwaa,<<waabam>>igosigwaa,NJ-ngs-2023-Aug19,,,
VTA,Cnj,VTA_C,waabam,waabam,3SgObvSubj,3SgProxObj,Neu,Neg,waabamigosig,<<waabam>>igosig,NJ-ngs-2023-Aug19,,,
VTA,Cnj,VTA_C,waabam,waabam,3SgObvSubj,3PlProxObj,Neu,Pos,waabamigowaad,<<waabam>>igowaad,NJ-ngs-2023-Aug19,,,
VTA,Cnj,VTA_C,waabam,waabam,3SgObvSubj,3SgProxObj,Neu,Pos,waabamigod,<<waabam>>igod,NJ-ngs-2023-Aug19,,,
VTA,Cnj,VTA_C,waabam,waabam,3SgProxSubj,1SgObj,Neu,Neg,waabamisig,<<waabam>>i1sig,NJ-ngs-2023-Aug19,,,
VTA,Cnj,VTA_C,waabam,waabam,3SgProxSubj,2PlObj,Neu,Neg,waabamisinoweg,<<waabam>>isinoweg,NJ-ngs-2023-Aug19,,,
VTA,Cnj,VTA_C,waabam,waabam,3SgProxSubj,2SgObj,Neu,Neg,waabamisinok,<<waabam>>isinok,NJ-ngs-2023-Aug19,,,
VTA,Cnj,VTA_C,waabam,waabam,3SgProxSubj,3PlObvObj,Neu,Neg,waabamaasig,<<waabam>>aasig,RECONFIRM,,,
VTA,Cnj,VTA_C,waabam,waabam,3SgProxSubj,3SgObvObj,Neu,Neg,waabamaasig,<<waabam>>aasig,NJ-ngs-2023-Aug19,,,
VTA,Cnj,VTA_C,waabam,waabam,3SgProxSubj,ExclObj,Neu,Neg,waabamisinowangid,<<waabam>>i1sinowangid,NJ-ngs-2023-Aug19,waabamisiwangid,<<waabam>>i1siwangid,JRV-Web-ANISH
VTA,Cnj,VTA_C,waabam,waabam,3SgProxSubj,InclObj,Neu,Neg,waabamisinowang,<<waabam>>isinowang,NJ-ngs-2023-Aug19,,,
VTA,Cnj,VTA_C,waabam,waabam,3SgProxSubj,1SgObj,Neu,Pos,waabamid,<<waabam>>i1d,NJ-ngs-2023-Aug19,,,
VTA,Cnj,VTA_C,waabam,waabam,3SgProxSubj,2PlObj,Neu,Pos,waabamineg,<<waabam>>ineg,NJ-ngs-2023-Aug19,,,
VTA,Cnj,VTA_C,waabam,waabam,3SgProxSubj,2SgObj,Neu,Pos,waabamik,<<waabam>>ik,NJ-ngs-2023-Aug19,,,
VTA,Cnj,VTA_C,waabam,waabam,3SgProxSubj,3PlObvObj,Neu,Pos,waabamaad,<<waabam>>aad,RECONFIRM,,,
VTA,Cnj,VTA_C,waabam,waabam,3SgProxSubj,3SgObvObj,Neu,Pos,waabamaad,<<waabam>>aad,NJ-ngs-2023-Aug19,,,
VTA,Cnj,VTA_C,waabam,waabam,3SgProxSubj,ExclObj,Neu,Pos,waabamigooyaang,<<waabam>>igooyaang,NJ-ngs-2023-Aug19,waabamiyangid,<<waabam>>i1yangid,JRV-Web-ANISH
VTA,Cnj,VTA_C,waabam,waabam,3SgProxSubj,InclObj,Neu,Pos,waabaminang,<<waabam>>inang,NJ-ngs-2023-Aug19,,,
VTA,Cnj,VTA_C,waabam,waabam,ExclSubj,2PlObj,Neu,Neg,waabamigoosiweg,<<waabam>>igoosiweg,NJ-ngs-2023-Aug19,waabamigosiweg,<<waabam>>igosiweg,JRV-Web-ANISH
VTA,Cnj,VTA_C,waabam,waabam,ExclSubj,2SgObj,Neu,Neg,waabamigoosiwan,<<waabam>>igoosiwan,NJ-ngs-2023-Aug19,,,
VTA,Cnj,VTA_C,waabam,waabam,ExclSubj,3PlObvObj,Neu,Neg,waabamaasiwangidwaa,<<waabam>>aasiwangidwaa,RECONFIRM,waabamimaasiwangid,<<waabam>>imaasiwangid,JRV-Web-ANISH
VTA,Cnj,VTA_C,waabam,waabam,ExclSubj,3PlProxObj,Neu,Neg,waabamaasiwangidwaa,<<waabam>>aasiwangidwaa,NJ-ngs-2023-Aug19,,,
VTA,Cnj,VTA_C,waabam,waabam,ExclSubj,3SgObvObj,Neu,Neg,waabamimaasiwangid,<<waabam>>imaasiwangid,NJ-ngs-2023-Aug19,,,
VTA,Cnj,VTA_C,waabam,waabam,ExclSubj,3SgProxObj,Neu,Neg,waabamaasiwangid,<<waabam>>aasiwangid,NJ-ngs-2023-Aug19,,,
VTA,Cnj,VTA_C,waabam,waabam,ExclSubj,2PlObj,Neu,Pos,waabamigooyeg,<<waabam>>igooyeg,NJ-ngs-2023-Aug19,,,
VTA,Cnj,VTA_C,waabam,waabam,ExclSubj,2SgObj,Neu,Pos,waabamigooyan,<<waabam>>igooyan,NJ-ngs-2023-Aug19,,,
VTA,Cnj,VTA_C,waabam,waabam,ExclSubj,3PlObvObj,Neu,Pos,waabamimangid,<<waabam>>imangid,RECONFIRM,,,
VTA,Cnj,VTA_C,waabam,waabam,ExclSubj,3PlProxObj,Neu,Pos,waabamangidwaa,<<waabam>>angidwaa,NJ-ngs-2023-Aug19,,,
VTA,Cnj,VTA_C,waabam,waabam,ExclSubj,3SgObvObj,Neu,Pos,waabamimangid,<<waabam>>imangid,NJ-ngs-2023-Aug19,,,
VTA,Cnj,VTA_C,waabam,waabam,ExclSubj,3SgProxObj,Neu,Pos,waabamangid,<<waabam>>angid,NJ-ngs-2023-Aug19,,,
VTA,Cnj,VTA_C,waabam,waabam,InclSubj,3PlObvObj,Neu,Neg,waabamaasiwangwaa,<<waabam>>aasiwangwaa,RECONFIRM,waabamimaasiwang,<<waabam>>imaasiwang,JRV-Web-ANISH
VTA,Cnj,VTA_C,waabam,waabam,InclSubj,3PlProxObj,Neu,Neg,waabamaasiwangwaa,<<waabam>>aasiwangwaa,NJ-ngs-2023-Aug19,,,
VTA,Cnj,VTA_C,waabam,waabam,InclSubj,3SgObvObj,Neu,Neg,waabamimaasiwang,<<waabam>>imaasiwang,NJ-ngs-2023-Aug19,,,
VTA,Cnj,VTA_C,waabam,waabam,InclSubj,3SgProxObj,Neu,Neg,waabamaasiwang,<<waabam>>aasiwang,NJ-ngs-2023-Aug19,,,
VTA,Cnj,VTA_C,waabam,waabam,InclSubj,3PlObvObj,Neu,Pos,waabamimang,<<waabam>>imang,RECONFIRM,,,
VTA,Cnj,VTA_C,waabam,waabam,InclSubj,3PlProxObj,Neu,Pos,waabamangwaa,<<waabam>>angwaa,NJ-ngs-2023-Aug19,,,
VTA,Cnj,VTA_C,waabam,waabam,InclSubj,3SgObvObj,Neu,Pos,waabamimang,<<waabam>>imang,NJ-ngs-2023-Aug19,,,
VTA,Cnj,VTA_C,waabam,waabam,InclSubj,3SgProxObj,Neu,Pos,waabamang,<<waabam>>ang,NJ-ngs-2023-Aug19,,,
VTA,Cnj,VTA_C,waabam,waabam,XSubj,1SgObj,Neu,Neg,waabamigoosiwaan,<<waabam>>igoosiwaan,NJ-ngs-2023-Aug19,,,
VTA,Cnj,VTA_C,waabam,waabam,XSubj,2PlObj,Neu,Neg,waabamigoosiweg,<<waabam>>igoosiweg,NJ-ngs-2023-Aug19,,,
VTA,Cnj,VTA_C,waabam,waabam,XSubj,2SgObj,Neu,Neg,waabamigoosiwan,<<waabam>>igoosiwan,NJ-ngs-2023-Aug19,,,
VTA,Cnj,VTA_C,waabam,waabam,XSubj,3PlObvObj,Neu,Neg,waabamaasiwindwaa,<<waabam>>aasiwindwaa,RECONFIRM,waabamimaasiwind,<<waabam>>imaasiwind,JRV-Web-ANISH
VTA,Cnj,VTA_C,waabam,waabam,XSubj,3PlProxObj,Neu,Neg,waabamaasiwindwaa,<<waabam>>aasiwindwaa,NJ-ngs-2023-Aug19,,,
VTA,Cnj,VTA_C,waabam,waabam,XSubj,3SgObvObj,Neu,Neg,waabamimaasiwind,<<waabam>>imaasiwind,NJ-ngs-2023-Aug19,,,
VTA,Cnj,VTA_C,waabam,waabam,XSubj,3SgProxObj,Neu,Neg,waabamaasiwind,<<waabam>>aasiwind,NJ-ngs-2023-Aug19,,,
VTA,Cnj,VTA_C,waabam,waabam,XSubj,ExclObj,Neu,Neg,waabamigoosiwaang,<<waabam>>igoosiwaang,NJ-ngs-2023-Aug19,,,
VTA,Cnj,VTA_C,waabam,waabam,XSubj,InclObj,Neu,Neg,waabamigoosiwang,<<waabam>>igoosiwang,NJ-ngs-2023-Aug19,,,
VTA,Cnj,VTA_C,waabam,waabam,XSubj,1SgObj,Neu,Pos,waabamigooyaan,<<waabam>>igooyaan,NJ-ngs-2023-Aug19,,,
VTA,Cnj,VTA_C,waabam,waabam,XSubj,2PlObj,Neu,Pos,waabamigooyeg,<<waabam>>igooyeg,NJ-ngs-2023-Aug19,,,
VTA,Cnj,VTA_C,waabam,waabam,XSubj,2SgObj,Neu,Pos,waabamigooyan,<<waabam>>igooyan,NJ-ngs-2023-Aug19,,,
VTA,Cnj,VTA_C,waabam,waabam,XSubj,3PlObvObj,Neu,Pos,waabamimind,<<waabam>>imind,RECONFIRM,,,
VTA,Cnj,VTA_C,waabam,waabam,XSubj,3PlProxObj,Neu,Pos,waabamindwaa,<<waabam>>indwaa,NJ-ngs-2023-Aug19,,,
VTA,Cnj,VTA_C,waabam,waabam,XSubj,3SgObvObj,Neu,Pos,waabamimind,<<waabam>>imind,NJ-ngs-2023-Aug19,,,
VTA,Cnj,VTA_C,waabam,waabam,XSubj,3SgProxObj,Neu,Pos,waabamind,<<waabam>>ind,NJ-ngs-2023-Aug19,,,
VTA,Cnj,VTA_C,waabam,waabam,XSubj,ExclObj,Neu,Pos,waabamigooyaang,<<waabam>>igooyaang,NJ-ngs-2023-Aug19,,,
VTA,Cnj,VTA_C,waabam,waabam,XSubj,InclObj,Neu,Pos,waabamigooyang,<<waabam>>igooyang,NJ-ngs-2023-Aug19,,,
VTA,Cnj,VTA_Cw,mizho,mizhw,0PlSubj,1SgObj,Neu,Pos,mizhogoyaan,<<mizho>>igoyaan,NJ-ngs-2023-Aug19,,,
VTA,Cnj,VTA_Cw,mizho,mizhw,0PlSubj,2PlObj,Neu,Pos,mizhogoyeg,<<mizho>>igoyeg,NJ-ngs-2023-Aug19,,,
VTA,Cnj,VTA_Cw,mizho,mizhw,0PlSubj,2SgObj,Neu,Pos,mizhogoyan,<<mizho>>igoyan,NJ-ngs-2023-Aug19,,,
VTA,Cnj,VTA_Cw,mizho,mizhw,0PlSubj,3PlObvObj,Neu,Pos,mizhogonid,<<mizho>>igonid,RECONFIRM,,,
VTA,Cnj,VTA_Cw,mizho,mizhw,0PlSubj,3PlProxObj,Neu,Pos,mizhogowaad,<<mizho>>igowaad,NJ-ngs-2023-Aug19,,,
VTA,Cnj,VTA_Cw,mizho,mizhw,0PlSubj,3SgObvObj,Neu,Pos,mizhogonid,<<mizho>>igonid,NJ-ngs-2023-Aug19,,,
VTA,Cnj,VTA_Cw,mizho,mizhw,0PlSubj,3SgProxObj,Neu,Pos,mizhogod,<<mizho>>igod,NJ-ngs-2023-Aug19,,,
VTA,Cnj,VTA_Cw,mizho,mizhw,0PlSubj,ExclObj,Neu,Pos,mizhogoyaang,<<mizho>>igoyaang,NJ-ngs-2023-Aug19,,,
VTA,Cnj,VTA_Cw,mizho,mizhw,0PlSubj,InclObj,Neu,Pos,mizhogoyang,<<mizho>>igoyang,NJ-ngs-2023-Aug19,,,
VTA,Cnj,VTA_Cw,mizho,mizhw,0PlSubj,1SgObj,Neu,Neg,mizhogosiwaan,<<mizho>>igosiwaan,NJ-ngs-2023-Aug19,,,
VTA,Cnj,VTA_Cw,mizho,mizhw,0PlSubj,2PlObj,Neu,Neg,mizhogosiweg,<<mizho>>igosiweg,NJ-ngs-2023-Aug19,,,
VTA,Cnj,VTA_Cw,mizho,mizhw,0PlSubj,2SgObj,Neu,Neg,mizhogosiwan,<<mizho>>igosiwan,NJ-ngs-2023-Aug19,,,
VTA,Cnj,VTA_Cw,mizho,mizhw,0PlSubj,3PlObvObj,Neu,Neg,mizhogosinig,<<mizho>>igosinig,RECONFIRM,,,
VTA,Cnj,VTA_Cw,mizho,mizhw,0PlSubj,3PlProxObj,Neu,Neg,mizhogosigwaa,<<mizho>>igosigwaa,NJ-ngs-2023-Aug19,,,
VTA,Cnj,VTA_Cw,mizho,mizhw,0PlSubj,3SgObvObj,Neu,Neg,mizhogosinig,<<mizho>>igosinig,NJ-ngs-2023-Aug19,,,
VTA,Cnj,VTA_Cw,mizho,mizhw,0PlSubj,3SgProxObj,Neu,Neg,mizhogosig,<<mizho>>igosig,NJ-ngs-2023-Aug19,,,
VTA,Cnj,VTA_Cw,mizho,mizhw,0PlSubj,ExclObj,Neu,Neg,mizhogosiwaang,<<mizho>>igosiwaang,NJ-ngs-2023-Aug19,,,
VTA,Cnj,VTA_Cw,mizho,mizhw,0PlSubj,InclObj,Neu,Neg,mizhogosiwang,<<mizho>>igosiwang,NJ-ngs-2023-Aug19,,,
VTA,Cnj,VTA_Cw,mizho,mizhw,0SgSubj,1SgObj,Neu,Pos,mizhogoyaan,<<mizho>>igoyaan,NJ-ngs-2023-Aug19,,,
VTA,Cnj,VTA_Cw,mizho,mizhw,0SgSubj,2PlObj,Neu,Pos,mizhogoyeg,<<mizho>>igoyeg,NJ-ngs-2023-Aug19,,,
VTA,Cnj,VTA_Cw,mizho,mizhw,0SgSubj,2SgObj,Neu,Pos,mizhogoyan,<<mizho>>igoyan,NJ-ngs-2023-Aug19,,,
VTA,Cnj,VTA_Cw,mizho,mizhw,0SgSubj,3PlObvObj,Neu,Pos,mizhogonid,<<mizho>>igonid,RECONFIRM,,,
VTA,Cnj,VTA_Cw,mizho,mizhw,0SgSubj,3PlProxObj,Neu,Pos,mizhogowaad,<<mizho>>igowaad,NJ-ngs-2023-Aug19,,,
VTA,Cnj,VTA_Cw,mizho,mizhw,0SgSubj,3SgObvObj,Neu,Pos,mizhogonid,<<mizho>>igonid,NJ-ngs-2023-Aug19,,,
VTA,Cnj,VTA_Cw,mizho,mizhw,0SgSubj,3SgProxObj,Neu,Pos,mizhogod,<<mizho>>igod,NJ-ngs-2023-Aug19,,,
VTA,Cnj,VTA_Cw,mizho,mizhw,0SgSubj,ExclObj,Neu,Pos,mizhogoyaang,<<mizho>>igoyaang,NJ-ngs-2023-Aug19,,,
VTA,Cnj,VTA_Cw,mizho,mizhw,0SgSubj,InclObj,Neu,Pos,mizhogoyang,<<mizho>>igoyang,NJ-ngs-2023-Aug19,,,
VTA,Cnj,VTA_Cw,mizho,mizhw,0SgSubj,1SgObj,Neu,Neg,mizhogosiwaan,<<mizho>>igosiwaan,NJ-ngs-2023-Aug19,,,
VTA,Cnj,VTA_Cw,mizho,mizhw,0SgSubj,2PlObj,Neu,Neg,mizhogosiweg,<<mizho>>igosiweg,NJ-ngs-2023-Aug19,,,
VTA,Cnj,VTA_Cw,mizho,mizhw,0SgSubj,2SgObj,Neu,Neg,mizhogosiwan,<<mizho>>igosiwan,NJ-ngs-2023-Aug19,,,
VTA,Cnj,VTA_Cw,mizho,mizhw,0SgSubj,3PlObvObj,Neu,Neg,mizhogosinig,<<mizho>>igosinig,RECONFIRM,,,
VTA,Cnj,VTA_Cw,mizho,mizhw,0SgSubj,3PlProxObj,Neu,Neg,mizhogosigwaa,<<mizho>>igosigwaa,NJ-ngs-2023-Aug19,,,
VTA,Cnj,VTA_Cw,mizho,mizhw,0SgSubj,3SgObvObj,Neu,Neg,mizhogosinig,<<mizho>>igosinig,NJ-ngs-2023-Aug19,,,
VTA,Cnj,VTA_Cw,mizho,mizhw,0SgSubj,3SgProxObj,Neu,Neg,mizhogosig,<<mizho>>igosig,NJ-ngs-2023-Aug19,,,
VTA,Cnj,VTA_Cw,mizho,mizhw,0SgSubj,ExclObj,Neu,Neg,mizhogosiwaang,<<mizho>>igosiwaang,NJ-ngs-2023-Aug19,,,
VTA,Cnj,VTA_Cw,mizho,mizhw,0SgSubj,InclObj,Neu,Neg,mizhogosiwang,<<mizho>>igosiwang,NJ-ngs-2023-Aug19,,,
VTA,Cnj,VTA_Cw,mizho,mizhw,1SgSubj,2PlObj,Neu,Neg,mizhosinonagog,<<mizho>>isinonagog,NJ-ngs-2023-Aug19,mizhosinowagog,<<mizho>>isinowagog,GUESS
VTA,Cnj,VTA_Cw,mizho,mizhw,1SgSubj,2SgObj,Neu,Neg,mizhosinowaan,<<mizho>>isinowaan,NJ-ngs-2023-Aug19,,,
VTA,Cnj,VTA_Cw,mizho,mizhw,1SgSubj,3PlObvObj,Neu,Neg,mizhomaasiwag,<<mizho>>imaasiwag,RECONFIRM,,,
VTA,Cnj,VTA_Cw,mizho,mizhw,1SgSubj,3PlProxObj,Neu,Neg,mizhwaasiwagwaa,<<mizhw>>aasiwagwaa,NJ-ngs-2023-Aug19,,,
VTA,Cnj,VTA_Cw,mizho,mizhw,1SgSubj,3SgObvObj,Neu,Neg,mizhomaasiwag,<<mizho>>imaasiwag,NJ-ngs-2023-Aug19,,,
VTA,Cnj,VTA_Cw,mizho,mizhw,1SgSubj,3SgProxObj,Neu,Neg,mizhwaasiwag,<<mizhw>>aasiwag,NJ-ngs-2023-Aug19,,,
VTA,Cnj,VTA_Cw,mizho,mizhw,1SgSubj,2PlObj,Neu,Pos,mizhonagog,<<mizho>>inagog,NJ-ngs-2023-Aug19,,,
VTA,Cnj,VTA_Cw,mizho,mizhw,1SgSubj,2SgObj,Neu,Pos,mizhonaan,<<mizho>>inaan,NJ-ngs-2023-Aug19,,,
VTA,Cnj,VTA_Cw,mizho,mizhw,1SgSubj,3PlObvObj,Neu,Pos,mizhomag,<<mizho>>imag,RECONFIRM,,,
VTA,Cnj,VTA_Cw,mizho,mizhw,1SgSubj,3PlProxObj,Neu,Pos,mizhwagwaa,<<mizhw>>agwaa,NJ-ngs-2023-Aug19,,,
VTA,Cnj,VTA_Cw,mizho,mizhw,1SgSubj,3SgObvObj,Neu,Pos,mizhomag,<<mizho>>imag,NJ-ngs-2023-Aug19,,,
VTA,Cnj,VTA_Cw,mizho,mizhw,1SgSubj,3SgProxObj,Neu,Pos,mizhwag,<<mizhw>>ag,NJ-ngs-2023-Aug19,,,
VTA,Cnj,VTA_Cw,mizho,mizhw,2PlSubj,1SgObj,Neu,Neg,mizhosiweg,<<mizho>>i1siweg,NJ-ngs-2023-Aug19,,,
VTA,Cnj,VTA_Cw,mizho,mizhw,2PlSubj,3PlObvObj,Neu,Neg,mizhomaasiweg,<<mizho>>imaasiweg,RECONFIRM,,,
VTA,Cnj,VTA_Cw,mizho,mizhw,2PlSubj,3PlProxObj,Neu,Neg,mizhwaasiwegwaa,<<mizhw>>aasiwegwaa,NJ-ngs-2023-Aug19,,,
VTA,Cnj,VTA_Cw,mizho,mizhw,2PlSubj,3SgObvObj,Neu,Neg,mizhomaasiweg,<<mizho>>imaasiweg,NJ-ngs-2023-Aug19,,,
VTA,Cnj,VTA_Cw,mizho,mizhw,2PlSubj,3SgProxObj,Neu,Neg,mizhwaasiweg,<<mizhw>>aasiweg,NJ-ngs-2023-Aug19,,,
VTA,Cnj,VTA_Cw,mizho,mizhw,2PlSubj,ExclObj,Neu,Neg,mizhosiwaang,<<mizho>>i1siwaang,NJ-ngs-2023-Aug19,,,
VTA,Cnj,VTA_Cw,mizho,mizhw,2PlSubj,1SgObj,Neu,Pos,mizhoyeg,<<mizho>>i1yeg,NJ-ngs-2023-Aug19,,,
VTA,Cnj,VTA_Cw,mizho,mizhw,2PlSubj,3PlObvObj,Neu,Pos,mizhomeg,<<mizho>>imeg,RECONFIRM,,,
VTA,Cnj,VTA_Cw,mizho,mizhw,2PlSubj,3PlProxObj,Neu,Pos,mizhwegwaa,<<mizhw>>egwaa,NJ-ngs-2023-Aug19,,,
VTA,Cnj,VTA_Cw,mizho,mizhw,2PlSubj,3SgObvObj,Neu,Pos,mizhomeg,<<mizho>>imeg,NJ-ngs-2023-Aug19,,,
VTA,Cnj,VTA_Cw,mizho,mizhw,2PlSubj,3SgProxObj,Neu,Pos,mizhweg,<<mizhw>>eg,NJ-ngs-2023-Aug19,,,
VTA,Cnj,VTA_Cw,mizho,mizhw,2PlSubj,ExclObj,Neu,Pos,mizhoyaang,<<mizho>>i1yaang,NJ-ngs-2023-Aug19,,,
VTA,Cnj,VTA_Cw,mizho,mizhw,2SgSubj,1SgObj,Neu,Neg,mizhosiwan,<<mizho>>i1siwan,NJ-ngs-2023-Aug19,,,
VTA,Cnj,VTA_Cw,mizho,mizhw,2SgSubj,3PlObvObj,Neu,Neg,mizhomaasiwad,<<mizho>>imaasiwad,RECONFIRM,,,
VTA,Cnj,VTA_Cw,mizho,mizhw,2SgSubj,3PlProxObj,Neu,Neg,mizhwaasiwadwaa,<<mizhw>>aasiwadwaa,NJ-ngs-2023-Aug19,,,
VTA,Cnj,VTA_Cw,mizho,mizhw,2SgSubj,3SgObvObj,Neu,Neg,mizhomaasiwad,<<mizho>>imaasiwad,NJ-ngs-2023-Aug19,,,
VTA,Cnj,VTA_Cw,mizho,mizhw,2SgSubj,3SgProxObj,Neu,Neg,mizhwaasiwad,<<mizhw>>aasiwad,NJ-ngs-2023-Aug19,,,
VTA,Cnj,VTA_Cw,mizho,mizhw,2SgSubj,ExclObj,Neu,Neg,mizhosiwaang,<<mizho>>i1siwaang,NJ-ngs-2023-Aug19,mizhosiwaan,<<mizho>>i1siwaan,GUESS
VTA,Cnj,VTA_Cw,mizho,mizhw,2SgSubj,1SgObj,Neu,Pos,mizhoyan,<<mizho>>i1yan,NJ-ngs-2023-Aug19,,,
VTA,Cnj,VTA_Cw,mizho,mizhw,2SgSubj,3PlObvObj,Neu,Pos,mizhomad,<<mizho>>imad,RECONFIRM,,,
VTA,Cnj,VTA_Cw,mizho,mizhw,2SgSubj,3PlProxObj,Neu,Pos,mizhwadwaa,<<mizhw>>adwaa,NJ-ngs-2023-Aug19,,,
VTA,Cnj,VTA_Cw,mizho,mizhw,2SgSubj,3SgObvObj,Neu,Pos,mizhomad,<<mizho>>imad,NJ-ngs-2023-Aug19,,,
VTA,Cnj,VTA_Cw,mizho,mizhw,2SgSubj,3SgProxObj,Neu,Pos,mizhwad,<<mizhw>>ad,NJ-ngs-2023-Aug19,,,
VTA,Cnj,VTA_Cw,mizho,mizhw,2SgSubj,ExclObj,Neu,Pos,mizhoyaang,<<mizho>>i1yaang,NJ-ngs-2023-Aug19,,,
VTA,Cnj,VTA_Cw,mizho,mizhw,3PlObvSubj,3PlProxObj,Neu,Neg,mizhogosigwaa,<<mizho>>igosigwaa,RECONFIRM,,,
VTA,Cnj,VTA_Cw,mizho,mizhw,3PlObvSubj,3SgProxObj,Neu,Neg,mizhogosig,<<mizho>>igosig,RECONFIRM,,,
VTA,Cnj,VTA_Cw,mizho,mizhw,3PlObvSubj,3PlProxObj,Neu,Pos,mizhogowaad,<<mizho>>igowaad,RECONFIRM,,,
VTA,Cnj,VTA_Cw,mizho,mizhw,3PlObvSubj,3SgProxObj,Neu,Pos,mizhogod,<<mizho>>igod,RECONFIRM,,,
VTA,Cnj,VTA_Cw,mizho,mizhw,3PlProxSubj,1SgObj,Neu,Neg,mizhosigwaa,<<mizho>>i1sigwaa,NJ-ngs-2023-Aug19,,,
VTA,Cnj,VTA_Cw,mizho,mizhw,3PlProxSubj,2PlObj,Neu,Neg,mizhosinowegwaa,<<mizho>>isinowegwaa,NJ-ngs-2023-Aug19,,,
VTA,Cnj,VTA_Cw,mizho,mizhw,3PlProxSubj,2SgObj,Neu,Neg,mizhosinokwaa,<<mizho>>isinokwaa,NJ-ngs-2023-Aug19,,,
VTA,Cnj,VTA_Cw,mizho,mizhw,3PlProxSubj,3PlObvObj,Neu,Neg,mizhwaasigwaa,<<mizhw>>aasigwaa,RECONFIRM,,,
VTA,Cnj,VTA_Cw,mizho,mizhw,3PlProxSubj,3SgObvObj,Neu,Neg,mizhwaasigwaa,<<mizhw>>aasigwaa,NJ-ngs-2023-Aug19,,,
VTA,Cnj,VTA_Cw,mizho,mizhw,3PlProxSubj,ExclObj,Neu,Neg,mizhosinowangidwaa,<<mizho>>i1sinowangidwaa,NJ-ngs-2023-Aug19,mizhosiwangidwaa,<<mizho>>i1siwangidwaa,GUESS
VTA,Cnj,VTA_Cw,mizho,mizhw,3PlProxSubj,InclObj,Neu,Neg,mizhosinowangwaa,<<mizho>>isinowangwaa,NJ-ngs-2023-Aug19,,,
VTA,Cnj,VTA_Cw,mizho,mizhw,3PlProxSubj,1SgObj,Neu,Pos,mizhowaad,<<mizho>>i1waad,NJ-ngs-2023-Aug19,,,
VTA,Cnj,VTA_Cw,mizho,mizhw,3PlProxSubj,2PlObj,Neu,Pos,mizhonegwaa,<<mizho>>inegwaa,NJ-ngs-2023-Aug19,,,
VTA,Cnj,VTA_Cw,mizho,mizhw,3PlProxSubj,2SgObj,Neu,Pos,mizhokwaa,<<mizho>>ikwaa,NJ-ngs-2023-Aug19,,,
VTA,Cnj,VTA_Cw,mizho,mizhw,3PlProxSubj,3PlObvObj,Neu,Pos,mizhwaawaad,<<mizhw>>aawaad,RECONFIRM,,,
VTA,Cnj,VTA_Cw,mizho,mizhw,3PlProxSubj,3SgObvObj,Neu,Pos,mizhwaawaad,<<mizhw>>aawaad,NJ-ngs-2023-Aug19,,,
VTA,Cnj,VTA_Cw,mizho,mizhw,3PlProxSubj,ExclObj,Neu,Pos,mizhogooyaang,<<mizho>>igooyaang,NJ-ngs-2023-Aug19,mizhoyangidwaa,<<mizho>>i1yangidwaa,GUESS
VTA,Cnj,VTA_Cw,mizho,mizhw,3PlProxSubj,InclObj,Neu,Pos,mizhonangwaa,<<mizho>>inangwaa,NJ-ngs-2023-Aug19,,,
VTA,Cnj,VTA_Cw,mizho,mizhw,3SgObvSubj,3PlProxObj,Neu,Neg,mizhogosigwaa,<<mizho>>igosigwaa,NJ-ngs-2023-Aug19,,,
VTA,Cnj,VTA_Cw,mizho,mizhw,3SgObvSubj,3SgProxObj,Neu,Neg,mizhogosig,<<mizho>>igosig,NJ-ngs-2023-Aug19,,,
VTA,Cnj,VTA_Cw,mizho,mizhw,3SgObvSubj,3PlProxObj,Neu,Pos,mizhogowaad,<<mizho>>igowaad,NJ-ngs-2023-Aug19,,,
VTA,Cnj,VTA_Cw,mizho,mizhw,3SgObvSubj,3SgProxObj,Neu,Pos,mizhogod,<<mizho>>igod,NJ-ngs-2023-Aug19,,,
VTA,Cnj,VTA_Cw,mizho,mizhw,3SgProxSubj,1SgObj,Neu,Neg,mizhosig,<<mizho>>i1sig,NJ-ngs-2023-Aug19,,,
VTA,Cnj,VTA_Cw,mizho,mizhw,3SgProxSubj,2PlObj,Neu,Neg,mizhosinoweg,<<mizho>>isinoweg,NJ-ngs-2023-Aug19,,,
VTA,Cnj,VTA_Cw,mizho,mizhw,3SgProxSubj,2SgObj,Neu,Neg,mizhosinok,<<mizho>>isinok,NJ-ngs-2023-Aug19,,,
VTA,Cnj,VTA_Cw,mizho,mizhw,3SgProxSubj,3PlObvObj,Neu,Neg,mizhwaasig,<<mizhw>>aasig,RECONFIRM,,,
VTA,Cnj,VTA_Cw,mizho,mizhw,3SgProxSubj,3SgObvObj,Neu,Neg,mizhwaasig,<<mizhw>>aasig,NJ-ngs-2023-Aug19,,,
VTA,Cnj,VTA_Cw,mizho,mizhw,3SgProxSubj,ExclObj,Neu,Neg,mizhosinowangid,<<mizho>>i1sinowangid,NJ-ngs-2023-Aug19,mizhosiwangid,<<mizho>>i1siwangid,GUESS
VTA,Cnj,VTA_Cw,mizho,mizhw,3SgProxSubj,InclObj,Neu,Neg,mizhosinowang,<<mizho>>isinowang,NJ-ngs-2023-Aug19,,,
VTA,Cnj,VTA_Cw,mizho,mizhw,3SgProxSubj,1SgObj,Neu,Pos,mizhod,<<mizho>>i1d,NJ-ngs-2023-Aug19,,,
VTA,Cnj,VTA_Cw,mizho,mizhw,3SgProxSubj,2PlObj,Neu,Pos,mizhoneg,<<mizho>>ineg,NJ-ngs-2023-Aug19,,,
VTA,Cnj,VTA_Cw,mizho,mizhw,3SgProxSubj,2SgObj,Neu,Pos,mizhok,<<mizho>>ik,NJ-ngs-2023-Aug19,,,
VTA,Cnj,VTA_Cw,mizho,mizhw,3SgProxSubj,3PlObvObj,Neu,Pos,mizhwaad,<<mizhw>>aad,RECONFIRM,,,
VTA,Cnj,VTA_Cw,mizho,mizhw,3SgProxSubj,3SgObvObj,Neu,Pos,mizhwaad,<<mizhw>>aad,NJ-ngs-2023-Aug19,,,
VTA,Cnj,VTA_Cw,mizho,mizhw,3SgProxSubj,ExclObj,Neu,Pos,mizhogooyaang,<<mizho>>igooyaang,NJ-ngs-2023-Aug19,mizhoyangid,<<mizho>>i1yangid,GUESS
VTA,Cnj,VTA_Cw,mizho,mizhw,3SgProxSubj,InclObj,Neu,Pos,mizhonang,<<mizho>>inang,NJ-ngs-2023-Aug19,,,
VTA,Cnj,VTA_Cw,mizho,mizhw,ExclSubj,2PlObj,Neu,Neg,mizhogoosiweg,<<mizho>>igoosiweg,NJ-ngs-2023-Aug19,mizhogosiweg,<<mizho>>igosiweg,GUESS
VTA,Cnj,VTA_Cw,mizho,mizhw,ExclSubj,2SgObj,Neu,Neg,mizhogoosiwan,<<mizho>>igoosiwan,NJ-ngs-2023-Aug19,,,
VTA,Cnj,VTA_Cw,mizho,mizhw,ExclSubj,3PlObvObj,Neu,Neg,mizhwaasiwangidwaa,<<mizho>>aasiwangidwaa,RECONFIRM,mizhomaasiwangid,<<mizho>>imaasiwangid,GUESS
VTA,Cnj,VTA_Cw,mizho,mizhw,ExclSubj,3PlProxObj,Neu,Neg,mizhwaasiwangidwaa,<<mizhw>>aasiwangidwaa,NJ-ngs-2023-Aug19,,,
VTA,Cnj,VTA_Cw,mizho,mizhw,ExclSubj,3SgObvObj,Neu,Neg,mizhomaasiwangid,<<mizho>>imaasiwangid,NJ-ngs-2023-Aug19,,,
VTA,Cnj,VTA_Cw,mizho,mizhw,ExclSubj,3SgProxObj,Neu,Neg,mizhwaasiwangid,<<mizhw>>aasiwangid,NJ-ngs-2023-Aug19,,,
VTA,Cnj,VTA_Cw,mizho,mizhw,ExclSubj,2PlObj,Neu,Pos,mizhogooyeg,<<mizho>>igooyeg,NJ-ngs-2023-Aug19,,,
VTA,Cnj,VTA_Cw,mizho,mizhw,ExclSubj,2SgObj,Neu,Pos,mizhogooyan,<<mizho>>igooyan,NJ-ngs-2023-Aug19,,,
VTA,Cnj,VTA_Cw,mizho,mizhw,ExclSubj,3PlObvObj,Neu,Pos,mizhomangid,<<mizho>>imangid,RECONFIRM,,,
VTA,Cnj,VTA_Cw,mizho,mizhw,ExclSubj,3PlProxObj,Neu,Pos,mizhwangidwaa,<<mizhw>>angidwaa,NJ-ngs-2023-Aug19,,,
VTA,Cnj,VTA_Cw,mizho,mizhw,ExclSubj,3SgObvObj,Neu,Pos,mizhomangid,<<mizho>>imangid,NJ-ngs-2023-Aug19,,,
VTA,Cnj,VTA_Cw,mizho,mizhw,ExclSubj,3SgProxObj,Neu,Pos,mizhwangid,<<mizhw>>angid,NJ-ngs-2023-Aug19,,,
VTA,Cnj,VTA_Cw,mizho,mizhw,InclSubj,3PlObvObj,Neu,Neg,mizhwaasiwangwaa,<<mizho>>aasiwangwaa,RECONFIRM,mizhomaasiwang,<<mizho>>imaasiwang,GUESS
VTA,Cnj,VTA_Cw,mizho,mizhw,InclSubj,3PlProxObj,Neu,Neg,mizhwaasiwangwaa,<<mizhw>>aasiwangwaa,NJ-ngs-2023-Aug19,,,
VTA,Cnj,VTA_Cw,mizho,mizhw,InclSubj,3SgObvObj,Neu,Neg,mizhomaasiwang,<<mizho>>imaasiwang,NJ-ngs-2023-Aug19,,,
VTA,Cnj,VTA_Cw,mizho,mizhw,InclSubj,3SgProxObj,Neu,Neg,mizhwaasiwang,<<mizhw>>aasiwang,NJ-ngs-2023-Aug19,,,
VTA,Cnj,VTA_Cw,mizho,mizhw,InclSubj,3PlObvObj,Neu,Pos,mizhomang,<<mizho>>imang,RECONFIRM,,,
VTA,Cnj,VTA_Cw,mizho,mizhw,InclSubj,3PlProxObj,Neu,Pos,mizhwangwaa,<<mizhw>>angwaa,NJ-ngs-2023-Aug19,,,
VTA,Cnj,VTA_Cw,mizho,mizhw,InclSubj,3SgObvObj,Neu,Pos,mizhomang,<<mizho>>imang,NJ-ngs-2023-Aug19,,,
VTA,Cnj,VTA_Cw,mizho,mizhw,InclSubj,3SgProxObj,Neu,Pos,mizhwang,<<mizhw>>ang,NJ-ngs-2023-Aug19,,,
VTA,Cnj,VTA_Cw,mizho,mizhw,XSubj,1SgObj,Neu,Neg,mizhogoosiwaan,<<mizho>>igoosiwaan,NJ-ngs-2023-Aug19,,,
VTA,Cnj,VTA_Cw,mizho,mizhw,XSubj,2PlObj,Neu,Neg,mizhogoosiweg,<<mizho>>igoosiweg,NJ-ngs-2023-Aug19,,,
VTA,Cnj,VTA_Cw,mizho,mizhw,XSubj,2SgObj,Neu,Neg,mizhogoosiwan,<<mizho>>igoosiwan,NJ-ngs-2023-Aug19,,,
VTA,Cnj,VTA_Cw,mizho,mizhw,XSubj,3PlObvObj,Neu,Neg,mizhwaasiwindwaa,<<mizho>>aasiwindwaa,RECONFIRM,mizhomaasiwind,<<mizho>>imaasiwind,GUESS
VTA,Cnj,VTA_Cw,mizho,mizhw,XSubj,3PlProxObj,Neu,Neg,mizhwaasiwindwaa,<<mizhw>>aasiwindwaa,NJ-ngs-2023-Aug19,,,
VTA,Cnj,VTA_Cw,mizho,mizhw,XSubj,3SgObvObj,Neu,Neg,mizhomaasiwind,<<mizho>>imaasiwind,NJ-ngs-2023-Aug19,,,
VTA,Cnj,VTA_Cw,mizho,mizhw,XSubj,3SgProxObj,Neu,Neg,mizhwaasiwind,<<mizhw>>aasiwind,NJ-ngs-2023-Aug19,,,
VTA,Cnj,VTA_Cw,mizho,mizhw,XSubj,ExclObj,Neu,Neg,mizhogoosiwaang,<<mizho>>igoosiwaang,NJ-ngs-2023-Aug19,,,
VTA,Cnj,VTA_Cw,mizho,mizhw,XSubj,InclObj,Neu,Neg,mizhogoosiwang,<<mizho>>igoosiwang,NJ-ngs-2023-Aug19,,,
VTA,Cnj,VTA_Cw,mizho,mizhw,XSubj,1SgObj,Neu,Pos,mizhogooyaan,<<mizho>>igooyaan,NJ-ngs-2023-Aug19,,,
VTA,Cnj,VTA_Cw,mizho,mizhw,XSubj,2PlObj,Neu,Pos,mizhogooyeg,<<mizho>>igooyeg,NJ-ngs-2023-Aug19,,,
VTA,Cnj,VTA_Cw,mizho,mizhw,XSubj,2SgObj,Neu,Pos,mizhogooyan,<<mizho>>igooyan,NJ-ngs-2023-Aug19,,,
VTA,Cnj,VTA_Cw,mizho,mizhw,XSubj,3PlObvObj,Neu,Pos,mizhomind,<<mizho>>imind,RECONFIRM,,,
VTA,Cnj,VTA_Cw,mizho,mizhw,XSubj,3PlProxObj,Neu,Pos,mizhondwaa,<<mizho>>indwaa,NJ-ngs-2023-Aug19,,,
VTA,Cnj,VTA_Cw,mizho,mizhw,XSubj,3SgObvObj,Neu,Pos,mizhomind,<<mizho>>imind,NJ-ngs-2023-Aug19,,,
VTA,Cnj,VTA_Cw,mizho,mizhw,XSubj,3SgProxObj,Neu,Pos,mizhond,<<mizho>>ind,NJ-ngs-2023-Aug19,,,
VTA,Cnj,VTA_Cw,mizho,mizhw,XSubj,ExclObj,Neu,Pos,mizhogooyaang,<<mizho>>igooyaang,NJ-ngs-2023-Aug19,,,
VTA,Cnj,VTA_Cw,mizho,mizhw,XSubj,InclObj,Neu,Pos,mizhogooyang,<<mizho>>igooyang,NJ-ngs-2023-Aug19,,,
VTA,Cnj,VTA_aw,mikaw,mikaw,0PlSubj,1SgObj,Neu,Pos,mikaagoyaan,<<mikaa>>goyaan,NJ-ngs-2023-Aug19,,,
VTA,Cnj,VTA_aw,mikaw,mikaw,0PlSubj,2PlObj,Neu,Pos,mikaagoyeg,<<mikaa>>goyeg,NJ-ngs-2023-Aug19,,,
VTA,Cnj,VTA_aw,mikaw,mikaw,0PlSubj,2SgObj,Neu,Pos,mikaagoyan,<<mikaa>>goyan,NJ-ngs-2023-Aug19,,,
VTA,Cnj,VTA_aw,mikaw,mikaw,0PlSubj,3PlObvObj,Neu,Pos,mikaagonid,<<mikaa>>gonid,RECONFIRM,,,
VTA,Cnj,VTA_aw,mikaw,mikaw,0PlSubj,3PlProxObj,Neu,Pos,mikaagowaad,<<mikaa>>gowaad,NJ-ngs-2023-Aug19,,,
VTA,Cnj,VTA_aw,mikaw,mikaw,0PlSubj,3SgObvObj,Neu,Pos,mikaagonid,<<mikaa>>gonid,NJ-ngs-2023-Aug19,,,
VTA,Cnj,VTA_aw,mikaw,mikaw,0PlSubj,3SgProxObj,Neu,Pos,mikaagod,<<mikaa>>god,NJ-ngs-2023-Aug19,,,
VTA,Cnj,VTA_aw,mikaw,mikaw,0PlSubj,ExclObj,Neu,Pos,mikaagoyaang,<<mikaa>>goyaang,NJ-ngs-2023-Aug19,,,
VTA,Cnj,VTA_aw,mikaw,mikaw,0PlSubj,InclObj,Neu,Pos,mikaagoyang,<<mikaa>>goyang,NJ-ngs-2023-Aug19,,,
VTA,Cnj,VTA_aw,mikaw,mikaw,0PlSubj,1SgObj,Neu,Neg,mikaagosiwaan,<<mikaa>>gosiwaan,NJ-ngs-2023-Aug19,,,
VTA,Cnj,VTA_aw,mikaw,mikaw,0PlSubj,2PlObj,Neu,Neg,mikaagosiweg,<<mikaa>>gosiweg,NJ-ngs-2023-Aug19,,,
VTA,Cnj,VTA_aw,mikaw,mikaw,0PlSubj,2SgObj,Neu,Neg,mikaagosiwan,<<mikaa>>gosiwan,NJ-ngs-2023-Aug19,,,
VTA,Cnj,VTA_aw,mikaw,mikaw,0PlSubj,3PlObvObj,Neu,Neg,mikaagosinig,<<mikaa>>gosinig,RECONFIRM,,,
VTA,Cnj,VTA_aw,mikaw,mikaw,0PlSubj,3PlProxObj,Neu,Neg,mikaagosigwaa,<<mikaa>>gosigwaa,NJ-ngs-2023-Aug19,,,
VTA,Cnj,VTA_aw,mikaw,mikaw,0PlSubj,3SgObvObj,Neu,Neg,mikaagosinig,<<mikaa>>gosinig,NJ-ngs-2023-Aug19,,,
VTA,Cnj,VTA_aw,mikaw,mikaw,0PlSubj,3SgProxObj,Neu,Neg,mikaagosig,<<mikaa>>gosig,NJ-ngs-2023-Aug19,,,
VTA,Cnj,VTA_aw,mikaw,mikaw,0PlSubj,ExclObj,Neu,Neg,mikaagosiwaang,<<mikaa>>gosiwaang,NJ-ngs-2023-Aug19,,,
VTA,Cnj,VTA_aw,mikaw,mikaw,0PlSubj,InclObj,Neu,Neg,mikaagosiwang,<<mikaa>>gosiwang,NJ-ngs-2023-Aug19,,,
VTA,Cnj,VTA_aw,mikaw,mikaw,0SgSubj,1SgObj,Neu,Pos,mikaagoyaan,<<mikaa>>goyaan,NJ-ngs-2023-Aug19,,,
VTA,Cnj,VTA_aw,mikaw,mikaw,0SgSubj,2PlObj,Neu,Pos,mikaagoyeg,<<mikaa>>goyeg,NJ-ngs-2023-Aug19,,,
VTA,Cnj,VTA_aw,mikaw,mikaw,0SgSubj,2SgObj,Neu,Pos,mikaagoyan,<<mikaa>>goyan,NJ-ngs-2023-Aug19,,,
VTA,Cnj,VTA_aw,mikaw,mikaw,0SgSubj,3PlObvObj,Neu,Pos,mikaagonid,<<mikaa>>gonid,RECONFIRM,,,
VTA,Cnj,VTA_aw,mikaw,mikaw,0SgSubj,3PlProxObj,Neu,Pos,mikaagowaad,<<mikaa>>gowaad,NJ-ngs-2023-Aug19,,,
VTA,Cnj,VTA_aw,mikaw,mikaw,0SgSubj,3SgObvObj,Neu,Pos,mikaagonid,<<mikaa>>gonid,NJ-ngs-2023-Aug19,,,
VTA,Cnj,VTA_aw,mikaw,mikaw,0SgSubj,3SgProxObj,Neu,Pos,mikaagod,<<mikaa>>god,NJ-ngs-2023-Aug19,,,
VTA,Cnj,VTA_aw,mikaw,mikaw,0SgSubj,ExclObj,Neu,Pos,mikaagoyaang,<<mikaa>>goyaang,NJ-ngs-2023-Aug19,,,
VTA,Cnj,VTA_aw,mikaw,mikaw,0SgSubj,InclObj,Neu,Pos,mikaagoyang,<<mikaa>>goyang,NJ-ngs-2023-Aug19,,,
VTA,Cnj,VTA_aw,mikaw,mikaw,0SgSubj,1SgObj,Neu,Neg,mikaagosiwaan,<<mikaa>>gosiwaan,NJ-ngs-2023-Aug19,,,
VTA,Cnj,VTA_aw,mikaw,mikaw,0SgSubj,2PlObj,Neu,Neg,mikaagosiweg,<<mikaa>>gosiweg,NJ-ngs-2023-Aug19,,,
VTA,Cnj,VTA_aw,mikaw,mikaw,0SgSubj,2SgObj,Neu,Neg,mikaagosiwan,<<mikaa>>gosiwan,NJ-ngs-2023-Aug19,,,
VTA,Cnj,VTA_aw,mikaw,mikaw,0SgSubj,3PlObvObj,Neu,Neg,mikaagosinig,<<mikaa>>gosinig,RECONFIRM,,,
VTA,Cnj,VTA_aw,mikaw,mikaw,0SgSubj,3PlProxObj,Neu,Neg,mikaagosigwaa,<<mikaa>>gosigwaa,NJ-ngs-2023-Aug19,,,
VTA,Cnj,VTA_aw,mikaw,mikaw,0SgSubj,3SgObvObj,Neu,Neg,mikaagosinig,<<mikaa>>gosinig,NJ-ngs-2023-Aug19,,,
VTA,Cnj,VTA_aw,mikaw,mikaw,0SgSubj,3SgProxObj,Neu,Neg,mikaagosig,<<mikaa>>gosig,NJ-ngs-2023-Aug19,,,
VTA,Cnj,VTA_aw,mikaw,mikaw,0SgSubj,ExclObj,Neu,Neg,mikaagosiwaang,<<mikaa>>gosiwaang,NJ-ngs-2023-Aug19,,,
VTA,Cnj,VTA_aw,mikaw,mikaw,0SgSubj,InclObj,Neu,Neg,mikaagosiwang,<<mikaa>>gosiwang,NJ-ngs-2023-Aug19,,,
VTA,Cnj,VTA_aw,mikaw,mikaw,1SgSubj,2PlObj,Neu,Neg,mikoosinonagog,<<mikoo>>sinonagog,NJ-ngs-2023-Aug19,mikoosinowagog,<<mikoo>>sinowagog,GUESS
VTA,Cnj,VTA_aw,mikaw,mikaw,1SgSubj,2SgObj,Neu,Neg,mikoosinowaan,<<mikoo>>sinowaan,NJ-ngs-2023-Aug19,,,
VTA,Cnj,VTA_aw,mikaw,mikaw,1SgSubj,3PlObvObj,Neu,Neg,mikawimaasiwag,<<mikaw>>imaasiwag,RECONFIRM,,,
VTA,Cnj,VTA_aw,mikaw,mikaw,1SgSubj,3PlProxObj,Neu,Neg,mikawaasiwagwaa,<<mikaw>>aasiwagwaa,NJ-ngs-2023-Aug19,,,
VTA,Cnj,VTA_aw,mikaw,mikaw,1SgSubj,3SgObvObj,Neu,Neg,mikawimaasiwag,<<mikaw>>imaasiwag,NJ-ngs-2023-Aug19,,,
VTA,Cnj,VTA_aw,mikaw,mikaw,1SgSubj,3SgProxObj,Neu,Neg,mikawaasiwag,<<mikaw>>aasiwag,NJ-ngs-2023-Aug19,,,
VTA,Cnj,VTA_aw,mikaw,mikaw,1SgSubj,2PlObj,Neu,Pos,mikoonagog,<<mikoo>>nagog,NJ-ngs-2023-Aug19,,,
VTA,Cnj,VTA_aw,mikaw,mikaw,1SgSubj,2SgObj,Neu,Pos,mikoonaan,<<mikoo>>naan,NJ-ngs-2023-Aug19,,,
VTA,Cnj,VTA_aw,mikaw,mikaw,1SgSubj,3PlObvObj,Neu,Pos,mikawimag,<<mikaw>>imag,RECONFIRM,,,
VTA,Cnj,VTA_aw,mikaw,mikaw,1SgSubj,3PlProxObj,Neu,Pos,mikawagwaa,<<mikaw>>agwaa,NJ-ngs-2023-Aug19,,,
VTA,Cnj,VTA_aw,mikaw,mikaw,1SgSubj,3SgObvObj,Neu,Pos,mikawimag,<<mikaw>>imag,NJ-ngs-2023-Aug19,,,
VTA,Cnj,VTA_aw,mikaw,mikaw,1SgSubj,3SgProxObj,Neu,Pos,mikawag,<<mikaw>>ag,NJ-ngs-2023-Aug19,,,
VTA,Cnj,VTA_aw,mikaw,mikaw,2PlSubj,1SgObj,Neu,Neg,mikawisiweg,<<mikaw>>i1siweg,NJ-ngs-2023-Aug19,,,
VTA,Cnj,VTA_aw,mikaw,mikaw,2PlSubj,3PlObvObj,Neu,Neg,mikawimaasiweg,<<mikaw>>imaasiweg,RECONFIRM,,,
VTA,Cnj,VTA_aw,mikaw,mikaw,2PlSubj,3PlProxObj,Neu,Neg,mikawaasiwegwaa,<<mikaw>>aasiwegwaa,NJ-ngs-2023-Aug19,,,
VTA,Cnj,VTA_aw,mikaw,mikaw,2PlSubj,3SgObvObj,Neu,Neg,mikawimaasiweg,<<mikaw>>imaasiweg,NJ-ngs-2023-Aug19,,,
VTA,Cnj,VTA_aw,mikaw,mikaw,2PlSubj,3SgProxObj,Neu,Neg,mikawaasiweg,<<mikaw>>aasiweg,NJ-ngs-2023-Aug19,,,
VTA,Cnj,VTA_aw,mikaw,mikaw,2PlSubj,ExclObj,Neu,Neg,mikawisiwaang,<<mikaw>>i1siwaang,NJ-ngs-2023-Aug19,,,
VTA,Cnj,VTA_aw,mikaw,mikaw,2PlSubj,1SgObj,Neu,Pos,mikawiyeg,<<mikaw>>i1yeg,NJ-ngs-2023-Aug19,,,
VTA,Cnj,VTA_aw,mikaw,mikaw,2PlSubj,3PlObvObj,Neu,Pos,mikawimeg,<<mikaw>>imeg,RECONFIRM,,,
VTA,Cnj,VTA_aw,mikaw,mikaw,2PlSubj,3PlProxObj,Neu,Pos,mikawegwaa,<<mikaw>>egwaa,NJ-ngs-2023-Aug19,,,
VTA,Cnj,VTA_aw,mikaw,mikaw,2PlSubj,3SgObvObj,Neu,Pos,mikawimeg,<<mikaw>>imeg,NJ-ngs-2023-Aug19,,,
VTA,Cnj,VTA_aw,mikaw,mikaw,2PlSubj,3SgProxObj,Neu,Pos,mikaweg,<<mikaw>>eg,NJ-ngs-2023-Aug19,,,
VTA,Cnj,VTA_aw,mikaw,mikaw,2PlSubj,ExclObj,Neu,Pos,mikawiyaang,<<mikaw>>i1yaang,NJ-ngs-2023-Aug19,,,
VTA,Cnj,VTA_aw,mikaw,mikaw,2SgSubj,1SgObj,Neu,Neg,mikawisiwan,<<mikaw>>i1siwan,NJ-ngs-2023-Aug19,,,
VTA,Cnj,VTA_aw,mikaw,mikaw,2SgSubj,3PlObvObj,Neu,Neg,mikawimaasiwad,<<mikaw>>imaasiwad,RECONFIRM,,,
VTA,Cnj,VTA_aw,mikaw,mikaw,2SgSubj,3PlProxObj,Neu,Neg,mikawaasiwadwaa,<<mikaw>>aasiwadwaa,NJ-ngs-2023-Aug19,,,
VTA,Cnj,VTA_aw,mikaw,mikaw,2SgSubj,3SgObvObj,Neu,Neg,mikawimaasiwad,<<mikaw>>imaasiwad,NJ-ngs-2023-Aug19,,,
VTA,Cnj,VTA_aw,mikaw,mikaw,2SgSubj,3SgProxObj,Neu,Neg,mikawaasiwad,<<mikaw>>aasiwad,NJ-ngs-2023-Aug19,,,
VTA,Cnj,VTA_aw,mikaw,mikaw,2SgSubj,ExclObj,Neu,Neg,mikawisiwaang,<<mikaw>>i1siwaang,NJ-ngs-2023-Aug19,,,
VTA,Cnj,VTA_aw,mikaw,mikaw,2SgSubj,1SgObj,Neu,Pos,mikawiyan,<<mikaw>>i1yan,NJ-ngs-2023-Aug19,,,
VTA,Cnj,VTA_aw,mikaw,mikaw,2SgSubj,3PlObvObj,Neu,Pos,mikawimad,<<mikaw>>imad,RECONFIRM,,,
VTA,Cnj,VTA_aw,mikaw,mikaw,2SgSubj,3PlProxObj,Neu,Pos,mikawadwaa,<<mikaw>>adwaa,NJ-ngs-2023-Aug19,,,
VTA,Cnj,VTA_aw,mikaw,mikaw,2SgSubj,3SgObvObj,Neu,Pos,mikawimad,<<mikaw>>imad,NJ-ngs-2023-Aug19,,,
VTA,Cnj,VTA_aw,mikaw,mikaw,2SgSubj,3SgProxObj,Neu,Pos,mikawad,<<mikaw>>ad,NJ-ngs-2023-Aug19,,,
VTA,Cnj,VTA_aw,mikaw,mikaw,2SgSubj,ExclObj,Neu,Pos,mikawiyaang,<<mikaw>>i1yaang,NJ-ngs-2023-Aug19,,,
VTA,Cnj,VTA_aw,mikaw,mikaw,3PlObvSubj,3PlProxObj,Neu,Neg,mikaagosigwaa,<<mikaa>>gosigwaa,RECONFIRM,,,
VTA,Cnj,VTA_aw,mikaw,mikaw,3PlObvSubj,3SgProxObj,Neu,Neg,mikaagosig,<<mikaa>>gosig,RECONFIRM,,,
VTA,Cnj,VTA_aw,mikaw,mikaw,3PlObvSubj,3PlProxObj,Neu,Pos,mikaagowaad,<<mikaa>>gowaad,RECONFIRM,,,
VTA,Cnj,VTA_aw,mikaw,mikaw,3PlObvSubj,3SgProxObj,Neu,Pos,mikaagod,<<mikaa>>god,RECONFIRM,,,
VTA,Cnj,VTA_aw,mikaw,mikaw,3PlProxSubj,1SgObj,Neu,Neg,mikawisigwaa,<<mikaw>>i1sigwaa,NJ-ngs-2023-Aug19,,,
VTA,Cnj,VTA_aw,mikaw,mikaw,3PlProxSubj,2PlObj,Neu,Neg,mikoosinowegwaa,<<mikoo>>sinowegwaa,NJ-ngs-2023-Aug19,,,
VTA,Cnj,VTA_aw,mikaw,mikaw,3PlProxSubj,2SgObj,Neu,Neg,mikoosinokwaa,<<mikoo>>sinokwaa,NJ-ngs-2023-Aug19,,,
VTA,Cnj,VTA_aw,mikaw,mikaw,3PlProxSubj,3PlObvObj,Neu,Neg,mikawaasigwaa,<<mikaw>>aasigwaa,RECONFIRM,,,
VTA,Cnj,VTA_aw,mikaw,mikaw,3PlProxSubj,3SgObvObj,Neu,Neg,mikawaasigwaa,<<mikaw>>aasigwaa,NJ-ngs-2023-Aug19,,,
VTA,Cnj,VTA_aw,mikaw,mikaw,3PlProxSubj,ExclObj,Neu,Neg,mikawisinowangidwaa,<<mikaw>>i1sinowangidwaa,NJ-ngs-2023-Aug19,mikawisiwangidwaa,<<mikaw>>i1siwangidwaa,GUESS
VTA,Cnj,VTA_aw,mikaw,mikaw,3PlProxSubj,InclObj,Neu,Neg,mikoosinowangwaa,<<mikoo>>sinowangwaa,NJ-ngs-2023-Aug19,,,
VTA,Cnj,VTA_aw,mikaw,mikaw,3PlProxSubj,1SgObj,Neu,Pos,mikawiwaad,<<mikaw>>i1waad,NJ-ngs-2023-Aug19,,,
VTA,Cnj,VTA_aw,mikaw,mikaw,3PlProxSubj,2PlObj,Neu,Pos,mikoonegwaa,<<mikoo>>negwaa,NJ-ngs-2023-Aug19,,,
VTA,Cnj,VTA_aw,mikaw,mikaw,3PlProxSubj,2SgObj,Neu,Pos,mikaakwaa,<<mikaa>>kwaa,NJ-ngs-2023-Aug19,,,
VTA,Cnj,VTA_aw,mikaw,mikaw,3PlProxSubj,3PlObvObj,Neu,Pos,mikawaawaad,<<mikaw>>aawaad,RECONFIRM,,,
VTA,Cnj,VTA_aw,mikaw,mikaw,3PlProxSubj,3SgObvObj,Neu,Pos,mikawaawaad,<<mikaw>>aawaad,NJ-ngs-2023-Aug19,,,
VTA,Cnj,VTA_aw,mikaw,mikaw,3PlProxSubj,ExclObj,Neu,Pos,mikaagooyaang,<<mikaw>>gooyaang,NJ-ngs-2023-Aug19,mikawiyangidwaa,<<mikaw>>i1yangidwaa,GUESS
VTA,Cnj,VTA_aw,mikaw,mikaw,3PlProxSubj,InclObj,Neu,Pos,mikoonangwaa,<<mikoo>>nangwaa,NJ-ngs-2023-Aug19,,,
VTA,Cnj,VTA_aw,mikaw,mikaw,3SgObvSubj,3PlProxObj,Neu,Neg,mikaagosigwaa,<<mikaa>>gosigwaa,NJ-ngs-2023-Aug19,,,
VTA,Cnj,VTA_aw,mikaw,mikaw,3SgObvSubj,3SgProxObj,Neu,Neg,mikaagosig,<<mikaa>>gosig,NJ-ngs-2023-Aug19,,,
VTA,Cnj,VTA_aw,mikaw,mikaw,3SgObvSubj,3PlProxObj,Neu,Pos,mikaagowaad,<<mikaa>>gowaad,NJ-ngs-2023-Aug19,,,
VTA,Cnj,VTA_aw,mikaw,mikaw,3SgObvSubj,3SgProxObj,Neu,Pos,mikaagod,<<mikaa>>god,NJ-ngs-2023-Aug19,,,
VTA,Cnj,VTA_aw,mikaw,mikaw,3SgProxSubj,1SgObj,Neu,Neg,mikawisig,<<mikaw>>i1sig,NJ-ngs-2023-Aug19,,,
VTA,Cnj,VTA_aw,mikaw,mikaw,3SgProxSubj,2PlObj,Neu,Neg,mikoosinoweg,<<mikoo>>sinoweg,NJ-ngs-2023-Aug19,,,
VTA,Cnj,VTA_aw,mikaw,mikaw,3SgProxSubj,2SgObj,Neu,Neg,mikoosinok,<<mikoo>>sinok,NJ-ngs-2023-Aug19,,,
VTA,Cnj,VTA_aw,mikaw,mikaw,3SgProxSubj,3PlObvObj,Neu,Neg,mikawaasig,<<mikaw>>aasig,RECONFIRM,,,
VTA,Cnj,VTA_aw,mikaw,mikaw,3SgProxSubj,3SgObvObj,Neu,Neg,mikawaasig,<<mikaw>>aasig,NJ-ngs-2023-Aug19,,,
VTA,Cnj,VTA_aw,mikaw,mikaw,3SgProxSubj,ExclObj,Neu,Neg,mikawisinowangid,<<mikaw>>i1sinowangid,NJ-ngs-2023-Aug19,mikawisiwangid,<<mikaw>>i1siwangid,GUESS
VTA,Cnj,VTA_aw,mikaw,mikaw,3SgProxSubj,InclObj,Neu,Neg,mikoosinowang,<<mikoo>>sinowang,NJ-ngs-2023-Aug19,,,
VTA,Cnj,VTA_aw,mikaw,mikaw,3SgProxSubj,1SgObj,Neu,Pos,mikawid,<<mikaw>>i1d,NJ-ngs-2023-Aug19,,,
VTA,Cnj,VTA_aw,mikaw,mikaw,3SgProxSubj,2PlObj,Neu,Pos,mikooneg,<<mikoo>>neg,NJ-ngs-2023-Aug19,,,
VTA,Cnj,VTA_aw,mikaw,mikaw,3SgProxSubj,2SgObj,Neu,Pos,mikaak,<<mikaa>>k,NJ-ngs-2023-Aug19,,,
VTA,Cnj,VTA_aw,mikaw,mikaw,3SgProxSubj,3PlObvObj,Neu,Pos,mikawaad,<<mikaw>>aad,RECONFIRM,,,
VTA,Cnj,VTA_aw,mikaw,mikaw,3SgProxSubj,3SgObvObj,Neu,Pos,mikawaad,<<mikaw>>aad,NJ-ngs-2023-Aug19,,,
VTA,Cnj,VTA_aw,mikaw,mikaw,3SgProxSubj,ExclObj,Neu,Pos,mikaagooyaang,<<mikaw>>gooyaang,NJ-ngs-2023-Aug19,mikawiyangid,<<mikaw>>i1yangid,GUESS
VTA,Cnj,VTA_aw,mikaw,mikaw,3SgProxSubj,InclObj,Neu,Pos,mikoonang,<<mikoo>>nang,NJ-ngs-2023-Aug19,,,
VTA,Cnj,VTA_aw,mikaw,mikaw,ExclSubj,2PlObj,Neu,Neg,mikaagoosiweg,<<mikaa>>goosiweg,NJ-ngs-2023-Aug19,mikaagosiweg,<<mikaa>>gosiweg,GUESS
VTA,Cnj,VTA_aw,mikaw,mikaw,ExclSubj,2SgObj,Neu,Neg,mikaagoosiwan,<<mikaa>>goosiwan,NJ-ngs-2023-Aug19,,,
VTA,Cnj,VTA_aw,mikaw,mikaw,ExclSubj,3PlObvObj,Neu,Neg,mikawaasiwangidwaa,<<mikaw>>aasiwangidwaa,RECONFIRM,mikawimaasiwangid,<<mikaw>>imaasiwangid,GUESS
VTA,Cnj,VTA_aw,mikaw,mikaw,ExclSubj,3PlProxObj,Neu,Neg,mikawaasiwangidwaa,<<mikaw>>aasiwangidwaa,NJ-ngs-2023-Aug19,,,
VTA,Cnj,VTA_aw,mikaw,mikaw,ExclSubj,3SgObvObj,Neu,Neg,mikawimaasiwangid,<<mikaw>>imaasiwangid,NJ-ngs-2023-Aug19,,,
VTA,Cnj,VTA_aw,mikaw,mikaw,ExclSubj,3SgProxObj,Neu,Neg,mikawaasiwangid,<<mikaw>>aasiwangid,NJ-ngs-2023-Aug19,,,
VTA,Cnj,VTA_aw,mikaw,mikaw,ExclSubj,2PlObj,Neu,Pos,mikaagooyeg,<<mikaa>>gooyeg,NJ-ngs-2023-Aug19,,,
VTA,Cnj,VTA_aw,mikaw,mikaw,ExclSubj,2SgObj,Neu,Pos,mikaagooyan,<<mikaa>>gooyan,NJ-ngs-2023-Aug19,,,
VTA,Cnj,VTA_aw,mikaw,mikaw,ExclSubj,3PlObvObj,Neu,Pos,mikawimangid,<<mikaw>>imangid,RECONFIRM,,,
VTA,Cnj,VTA_aw,mikaw,mikaw,ExclSubj,3PlProxObj,Neu,Pos,mikawangidwaa,<<mikaw>>angidwaa,NJ-ngs-2023-Aug19,,,
VTA,Cnj,VTA_aw,mikaw,mikaw,ExclSubj,3SgObvObj,Neu,Pos,mikawimangid,<<mikaw>>imangid,NJ-ngs-2023-Aug19,,,
VTA,Cnj,VTA_aw,mikaw,mikaw,ExclSubj,3SgProxObj,Neu,Pos,mikawangid,<<mikaw>>angid,NJ-ngs-2023-Aug19,,,
VTA,Cnj,VTA_aw,mikaw,mikaw,InclSubj,3PlObvObj,Neu,Neg,mikawaasiwangwaa,<<mikaw>>aasiwangwaa,RECONFIRM,mikawimaasiwang,<<mikaw>>imaasiwang,GUESS
VTA,Cnj,VTA_aw,mikaw,mikaw,InclSubj,3PlProxObj,Neu,Neg,mikawaasiwangwaa,<<mikaw>>aasiwangwaa,NJ-ngs-2023-Aug19,,,
VTA,Cnj,VTA_aw,mikaw,mikaw,InclSubj,3SgObvObj,Neu,Neg,mikawimaasiwang,<<mikaw>>imaasiwang,NJ-ngs-2023-Aug19,,,
VTA,Cnj,VTA_aw,mikaw,mikaw,InclSubj,3SgProxObj,Neu,Neg,mikawaasiwang,<<mikaw>>aasiwang,NJ-ngs-2023-Aug19,,,
VTA,Cnj,VTA_aw,mikaw,mikaw,InclSubj,3PlObvObj,Neu,Pos,mikawimang,<<mikaw>>imang,RECONFIRM,,,
VTA,Cnj,VTA_aw,mikaw,mikaw,InclSubj,3PlProxObj,Neu,Pos,mikawangwaa,<<mikaw>>angwaa,NJ-ngs-2023-Aug19,,,
VTA,Cnj,VTA_aw,mikaw,mikaw,InclSubj,3SgObvObj,Neu,Pos,mikawimang,<<mikaw>>imang,NJ-ngs-2023-Aug19,,,
VTA,Cnj,VTA_aw,mikaw,mikaw,InclSubj,3SgProxObj,Neu,Pos,mikawang,<<mikaw>>ang,NJ-ngs-2023-Aug19,,,
VTA,Cnj,VTA_aw,mikaw,mikaw,XSubj,1SgObj,Neu,Neg,mikaagoosiwaan,<<mikaa>>goosiwaan,NJ-ngs-2023-Aug19,,,
VTA,Cnj,VTA_aw,mikaw,mikaw,XSubj,2PlObj,Neu,Neg,mikaagoosiweg,<<mikaa>>goosiweg,NJ-ngs-2023-Aug19,,,
VTA,Cnj,VTA_aw,mikaw,mikaw,XSubj,2SgObj,Neu,Neg,mikaagoosiwan,<<mikaa>>goosiwan,NJ-ngs-2023-Aug19,,,
VTA,Cnj,VTA_aw,mikaw,mikaw,XSubj,3PlObvObj,Neu,Neg,mikawaasiwindwaa,<<mikaw>>aasiwindwaa,RECONFIRM,mikawimaasiwind,<<mikaw>>imaasiwind,GUESS
VTA,Cnj,VTA_aw,mikaw,mikaw,XSubj,3PlProxObj,Neu,Neg,mikawaasiwindwaa,<<mikaw>>aasiwindwaa,NJ-ngs-2023-Aug19,,,
VTA,Cnj,VTA_aw,mikaw,mikaw,XSubj,3SgObvObj,Neu,Neg,mikawimaasiwind,<<mikaw>>imaasiwind,NJ-ngs-2023-Aug19,,,
VTA,Cnj,VTA_aw,mikaw,mikaw,XSubj,3SgProxObj,Neu,Neg,mikawaasiwind,<<mikaw>>aasiwind,NJ-ngs-2023-Aug19,,,
VTA,Cnj,VTA_aw,mikaw,mikaw,XSubj,ExclObj,Neu,Neg,mikaagoosiwaang,<<mikaa>>goosiwaang,NJ-ngs-2023-Aug19,,,
VTA,Cnj,VTA_aw,mikaw,mikaw,XSubj,InclObj,Neu,Neg,mikaagoosiwang,<<mikaa>>goosiwang,NJ-ngs-2023-Aug19,,,
VTA,Cnj,VTA_aw,mikaw,mikaw,XSubj,1SgObj,Neu,Pos,mikaagooyaan,<<mikaa>>gooyaan,NJ-ngs-2023-Aug19,,,
VTA,Cnj,VTA_aw,mikaw,mikaw,XSubj,2PlObj,Neu,Pos,mikaagooyeg,<<mikaa>>gooyeg,NJ-ngs-2023-Aug19,,,
VTA,Cnj,VTA_aw,mikaw,mikaw,XSubj,2SgObj,Neu,Pos,mikaagooyan,<<mikaa>>gooyan,NJ-ngs-2023-Aug19,,,
VTA,Cnj,VTA_aw,mikaw,mikaw,XSubj,3PlObvObj,Neu,Pos,mikawimind,<<mikaw>>imind,RECONFIRM,,,
VTA,Cnj,VTA_aw,mikaw,mikaw,XSubj,3PlProxObj,Neu,Pos,mikawindwaa,<<mikaw>>indwaa,NJ-ngs-2023-Aug19,,,
VTA,Cnj,VTA_aw,mikaw,mikaw,XSubj,3SgObvObj,Neu,Pos,mikawimind,<<mikaw>>imind,NJ-ngs-2023-Aug19,,,
VTA,Cnj,VTA_aw,mikaw,mikaw,XSubj,3SgProxObj,Neu,Pos,mikawind,<<mikaw>>ind,NJ-ngs-2023-Aug19,,,
VTA,Cnj,VTA_aw,mikaw,mikaw,XSubj,ExclObj,Neu,Pos,mikaagooyaang,<<mikaa>>gooyaang,NJ-ngs-2023-Aug19,,,
VTA,Cnj,VTA_aw,mikaw,mikaw,XSubj,InclObj,Neu,Pos,mikaagooyang,<<mikaa>>gooyang,NJ-ngs-2023-Aug19,,,
VTA,Cnj,VTA_n,miizh,miin1,0PlSubj,1SgObj,Neu,Pos,miinigoyaan,<<miin>>igoyaan,NJ-ngs-2023-Aug19,,,
VTA,Cnj,VTA_n,miizh,miin1,0PlSubj,2PlObj,Neu,Pos,miinigoyeg,<<miin>>igoyeg,NJ-ngs-2023-Aug19,,,
VTA,Cnj,VTA_n,miizh,miin1,0PlSubj,2SgObj,Neu,Pos,miinigoyan,<<miin>>igoyan,NJ-ngs-2023-Aug19,,,
VTA,Cnj,VTA_n,miizh,miin1,0PlSubj,3PlObvObj,Neu,Pos,miinigonid,<<miin>>igonid,RECONFIRM,,,
VTA,Cnj,VTA_n,miizh,miin1,0PlSubj,3PlProxObj,Neu,Pos,miinigowaad,<<miin>>igowaad,NJ-ngs-2023-Aug19,,,
VTA,Cnj,VTA_n,miizh,miin1,0PlSubj,3SgObvObj,Neu,Pos,miinigonid,<<miin>>igonid,NJ-ngs-2023-Aug19,,,
VTA,Cnj,VTA_n,miizh,miin1,0PlSubj,3SgProxObj,Neu,Pos,miinigod,<<miin>>igod,NJ-ngs-2023-Aug19,,,
VTA,Cnj,VTA_n,miizh,miin1,0PlSubj,ExclObj,Neu,Pos,miinigoyaang,<<miin>>igoyaang,NJ-ngs-2023-Aug19,,,
VTA,Cnj,VTA_n,miizh,miin1,0PlSubj,InclObj,Neu,Pos,miinigoyang,<<miin>>igoyang,NJ-ngs-2023-Aug19,,,
VTA,Cnj,VTA_n,miizh,miin1,0PlSubj,1SgObj,Neu,Neg,miinigosiwaan,<<miin>>igosiwaan,NJ-ngs-2023-Aug19,,,
VTA,Cnj,VTA_n,miizh,miin1,0PlSubj,2PlObj,Neu,Neg,miinigosiweg,<<miin>>igosiweg,NJ-ngs-2023-Aug19,,,
VTA,Cnj,VTA_n,miizh,miin1,0PlSubj,2SgObj,Neu,Neg,miinigosiwan,<<miin>>igosiwan,NJ-ngs-2023-Aug19,,,
VTA,Cnj,VTA_n,miizh,miin1,0PlSubj,3PlObvObj,Neu,Neg,miinigosinig,<<miin>>igosinig,RECONFIRM,,,
VTA,Cnj,VTA_n,miizh,miin1,0PlSubj,3PlProxObj,Neu,Neg,miinigosigwaa,<<miin>>igosigwaa,NJ-ngs-2023-Aug19,,,
VTA,Cnj,VTA_n,miizh,miin1,0PlSubj,3SgObvObj,Neu,Neg,miinigosinig,<<miin>>igosinig,NJ-ngs-2023-Aug19,,,
VTA,Cnj,VTA_n,miizh,miin1,0PlSubj,3SgProxObj,Neu,Neg,miinigosig,<<miin>>igosig,NJ-ngs-2023-Aug19,,,
VTA,Cnj,VTA_n,miizh,miin1,0PlSubj,ExclObj,Neu,Neg,miinigosiwaang,<<miin>>igosiwaang,NJ-ngs-2023-Aug19,,,
VTA,Cnj,VTA_n,miizh,miin1,0PlSubj,InclObj,Neu,Neg,miinigosiwang,<<miin>>igosiwang,NJ-ngs-2023-Aug19,,,
VTA,Cnj,VTA_n,miizh,miin1,0SgSubj,1SgObj,Neu,Pos,miinigoyaan,<<miin>>igoyaan,NJ-ngs-2023-Aug19,,,
VTA,Cnj,VTA_n,miizh,miin1,0SgSubj,2PlObj,Neu,Pos,miinigoyeg,<<miin>>igoyeg,NJ-ngs-2023-Aug19,,,
VTA,Cnj,VTA_n,miizh,miin1,0SgSubj,2SgObj,Neu,Pos,miinigoyan,<<miin>>igoyan,NJ-ngs-2023-Aug19,,,
VTA,Cnj,VTA_n,miizh,miin1,0SgSubj,3PlObvObj,Neu,Pos,miinigonid,<<miin>>igonid,RECONFIRM,,,
VTA,Cnj,VTA_n,miizh,miin1,0SgSubj,3PlProxObj,Neu,Pos,miinigowaad,<<miin>>igowaad,NJ-ngs-2023-Aug19,,,
VTA,Cnj,VTA_n,miizh,miin1,0SgSubj,3SgObvObj,Neu,Pos,miinigonid,<<miin>>igonid,NJ-ngs-2023-Aug19,,,
VTA,Cnj,VTA_n,miizh,miin1,0SgSubj,3SgProxObj,Neu,Pos,miinigod,<<miin>>igod,NJ-ngs-2023-Aug19,,,
VTA,Cnj,VTA_n,miizh,miin1,0SgSubj,ExclObj,Neu,Pos,miinigoyaang,<<miin>>igoyaang,NJ-ngs-2023-Aug19,,,
VTA,Cnj,VTA_n,miizh,miin1,0SgSubj,InclObj,Neu,Pos,miinigoyang,<<miin>>igoyang,NJ-ngs-2023-Aug19,,,
VTA,Cnj,VTA_n,miizh,miin1,0SgSubj,1SgObj,Neu,Neg,miinigosiwaan,<<miin>>igosiwaan,NJ-ngs-2023-Aug19,,,
VTA,Cnj,VTA_n,miizh,miin1,0SgSubj,2PlObj,Neu,Neg,miinigosiweg,<<miin>>igosiweg,NJ-ngs-2023-Aug19,,,
VTA,Cnj,VTA_n,miizh,miin1,0SgSubj,2SgObj,Neu,Neg,miinigosiwan,<<miin>>igosiwan,NJ-ngs-2023-Aug19,,,
VTA,Cnj,VTA_n,miizh,miin1,0SgSubj,3PlObvObj,Neu,Neg,miinigosinig,<<miin>>igosinig,RECONFIRM,,,
VTA,Cnj,VTA_n,miizh,miin1,0SgSubj,3PlProxObj,Neu,Neg,miinigosigwaa,<<miin>>igosigwaa,NJ-ngs-2023-Aug19,,,
VTA,Cnj,VTA_n,miizh,miin1,0SgSubj,3SgObvObj,Neu,Neg,miinigosinig,<<miin>>igosinig,NJ-ngs-2023-Aug19,,,
VTA,Cnj,VTA_n,miizh,miin1,0SgSubj,3SgProxObj,Neu,Neg,miinigosig,<<miin>>igosig,NJ-ngs-2023-Aug19,,,
VTA,Cnj,VTA_n,miizh,miin1,0SgSubj,ExclObj,Neu,Neg,miinigosiwaang,<<miin>>igosiwaang,NJ-ngs-2023-Aug19,,,
VTA,Cnj,VTA_n,miizh,miin1,0SgSubj,InclObj,Neu,Neg,miinigosiwang,<<miin>>igosiwang,NJ-ngs-2023-Aug19,,,
VTA,Cnj,VTA_n,miizh,miin1,1SgSubj,2PlObj,Neu,Neg,miinisinonagog,<<miin>>isinonagog,NJ-ngs-2023-Aug19,miinisinowagog,<<miin>>isinowagog,GUESS
VTA,Cnj,VTA_n,miizh,miin1,1SgSubj,2SgObj,Neu,Neg,miinisinowaan,<<miin>>isinowaan,NJ-ngs-2023-Aug19,,,
VTA,Cnj,VTA_n,miizh,miin1,1SgSubj,3PlObvObj,Neu,Neg,miinimaasiwag,<<miin>>imaasiwag,RECONFIRM,,,
VTA,Cnj,VTA_n,miizh,miin1,1SgSubj,3PlProxObj,Neu,Neg,miinaasiwagwaa,<<miin>>aasiwagwaa,NJ-ngs-2023-Aug19,,,
VTA,Cnj,VTA_n,miizh,miin1,1SgSubj,3SgObvObj,Neu,Neg,miinimaasiwag,<<miin>>imaasiwag,NJ-ngs-2023-Aug19,,,
VTA,Cnj,VTA_n,miizh,miin1,1SgSubj,3SgProxObj,Neu,Neg,miinaasiwag,<<miin>>aasiwag,NJ-ngs-2023-Aug19,,,
VTA,Cnj,VTA_n,miizh,miin1,1SgSubj,2PlObj,Neu,Pos,miininagog,<<miin>>inagog,NJ-ngs-2023-Aug19,,,
VTA,Cnj,VTA_n,miizh,miin1,1SgSubj,2SgObj,Neu,Pos,miininaan,<<miin>>inaan,NJ-ngs-2023-Aug19,,,
VTA,Cnj,VTA_n,miizh,miin1,1SgSubj,3PlObvObj,Neu,Pos,miinimag,<<miin>>imag,RECONFIRM,,,
VTA,Cnj,VTA_n,miizh,miin1,1SgSubj,3PlProxObj,Neu,Pos,miinagwaa,<<miin>>agwaa,NJ-ngs-2023-Aug19,,,
VTA,Cnj,VTA_n,miizh,miin1,1SgSubj,3SgObvObj,Neu,Pos,miinimag,<<miin>>imag,NJ-ngs-2023-Aug19,,,
VTA,Cnj,VTA_n,miizh,miin1,1SgSubj,3SgProxObj,Neu,Pos,miinag,<<miin>>ag,NJ-ngs-2023-Aug19,,,
VTA,Cnj,VTA_n,miizh,miin1,2PlSubj,1SgObj,Neu,Neg,miizhisiweg,<<miizh>>i1siweg,NJ-ngs-2023-Aug19,,,
VTA,Cnj,VTA_n,miizh,miin1,2PlSubj,3PlObvObj,Neu,Neg,miinimaasiweg,<<miin>>imaasiweg,RECONFIRM,,,
VTA,Cnj,VTA_n,miizh,miin1,2PlSubj,3PlProxObj,Neu,Neg,miinaasiwegwaa,<<miin>>aasiwegwaa,NJ-ngs-2023-Aug19,,,
VTA,Cnj,VTA_n,miizh,miin1,2PlSubj,3SgObvObj,Neu,Neg,miinimaasiweg,<<miin>>imaasiweg,NJ-ngs-2023-Aug19,,,
VTA,Cnj,VTA_n,miizh,miin1,2PlSubj,3SgProxObj,Neu,Neg,miinaasiweg,<<miin>>aasiweg,NJ-ngs-2023-Aug19,,,
VTA,Cnj,VTA_n,miizh,miin1,2PlSubj,ExclObj,Neu,Neg,miizhisiwaang,<<miizh>>i1siwaang,NJ-ngs-2023-Aug19,,,
VTA,Cnj,VTA_n,miizh,miin1,2PlSubj,1SgObj,Neu,Pos,miizhiyeg,<<miizh>>i1yeg,NJ-ngs-2023-Aug19,,,
VTA,Cnj,VTA_n,miizh,miin1,2PlSubj,3PlObvObj,Neu,Pos,miinimeg,<<miin>>imeg,RECONFIRM,,,
VTA,Cnj,VTA_n,miizh,miin1,2PlSubj,3PlProxObj,Neu,Pos,miinegwaa,<<miin>>egwaa,NJ-ngs-2023-Aug19,,,
VTA,Cnj,VTA_n,miizh,miin1,2PlSubj,3SgObvObj,Neu,Pos,miinimeg,<<miin>>imeg,NJ-ngs-2023-Aug19,,,
VTA,Cnj,VTA_n,miizh,miin1,2PlSubj,3SgProxObj,Neu,Pos,miineg,<<miin>>eg,NJ-ngs-2023-Aug19,,,
VTA,Cnj,VTA_n,miizh,miin1,2PlSubj,ExclObj,Neu,Pos,miizhiyaang,<<miizh>>i1yaang,NJ-ngs-2023-Aug19,,,
VTA,Cnj,VTA_n,miizh,miin1,2SgSubj,1SgObj,Neu,Neg,miizhisiwan,<<miizh>>i1siwan,NJ-ngs-2023-Aug19,,,
VTA,Cnj,VTA_n,miizh,miin1,2SgSubj,3PlObvObj,Neu,Neg,miinimaasiwad,<<miin>>imaasiwad,RECONFIRM,,,
VTA,Cnj,VTA_n,miizh,miin1,2SgSubj,3PlProxObj,Neu,Neg,miinaasiwadwaa,<<miin>>aasiwadwaa,NJ-ngs-2023-Aug19,,,
VTA,Cnj,VTA_n,miizh,miin1,2SgSubj,3SgObvObj,Neu,Neg,miinimaasiwad,<<miin>>imaasiwad,NJ-ngs-2023-Aug19,,,
VTA,Cnj,VTA_n,miizh,miin1,2SgSubj,3SgProxObj,Neu,Neg,miinaasiwad,<<miin>>aasiwad,NJ-ngs-2023-Aug19,,,
VTA,Cnj,VTA_n,miizh,miin1,2SgSubj,ExclObj,Neu,Neg,miizhisiwaang,<<miizh>>i1siwaang,NJ-ngs-2023-Aug19,,,
VTA,Cnj,VTA_n,miizh,miin1,2SgSubj,1SgObj,Neu,Pos,miizhiyan,<<miizh>>i1yan,NJ-ngs-2023-Aug19,,,
VTA,Cnj,VTA_n,miizh,miin1,2SgSubj,3PlObvObj,Neu,Pos,miinimad,<<miin>>imad,RECONFIRM,,,
VTA,Cnj,VTA_n,miizh,miin1,2SgSubj,3PlProxObj,Neu,Pos,miinadwaa,<<miin>>adwaa,NJ-ngs-2023-Aug19,,,
VTA,Cnj,VTA_n,miizh,miin1,2SgSubj,3SgObvObj,Neu,Pos,miinimad,<<miin>>imad,NJ-ngs-2023-Aug19,,,
VTA,Cnj,VTA_n,miizh,miin1,2SgSubj,3SgProxObj,Neu,Pos,miinad,<<miin>>ad,NJ-ngs-2023-Aug19,,,
VTA,Cnj,VTA_n,miizh,miin1,2SgSubj,ExclObj,Neu,Pos,miizhiyaang,<<miizh>>i1yaang,NJ-ngs-2023-Aug19,,,
VTA,Cnj,VTA_n,miizh,miin1,3PlObvSubj,3PlProxObj,Neu,Neg,miinigosigwaa,<<miin>>igosigwaa,RECONFIRM,,,
VTA,Cnj,VTA_n,miizh,miin1,3PlObvSubj,3SgProxObj,Neu,Neg,miinigosig,<<miin>>igosig,RECONFIRM,,,
VTA,Cnj,VTA_n,miizh,miin1,3PlObvSubj,3PlProxObj,Neu,Pos,miinigowaad,<<miin>>igowaad,RECONFIRM,,,
VTA,Cnj,VTA_n,miizh,miin1,3PlObvSubj,3SgProxObj,Neu,Pos,miinigod,<<miin>>igod,RECONFIRM,,,
VTA,Cnj,VTA_n,miizh,miin1,3PlProxSubj,1SgObj,Neu,Neg,miizhisigwaa,<<miizh>>i1sigwaa,NJ-ngs-2023-Aug19,,,
VTA,Cnj,VTA_n,miizh,miin1,3PlProxSubj,2PlObj,Neu,Neg,miinisinowegwaa,<<miin>>isinowegwaa,NJ-ngs-2023-Aug19,,,
VTA,Cnj,VTA_n,miizh,miin1,3PlProxSubj,2SgObj,Neu,Neg,miinisinokwaa,<<miin>>isinokwaa,NJ-ngs-2023-Aug19,,,
VTA,Cnj,VTA_n,miizh,miin1,3PlProxSubj,3PlObvObj,Neu,Neg,miinaasigwaa,<<miin>>aasigwaa,RECONFIRM,,,
VTA,Cnj,VTA_n,miizh,miin1,3PlProxSubj,3SgObvObj,Neu,Neg,miinaasigwaa,<<miin>>aasigwaa,NJ-ngs-2023-Aug19,,,
VTA,Cnj,VTA_n,miizh,miin1,3PlProxSubj,ExclObj,Neu,Neg,miizhisinowangidwaa,<<miizh>>i1sinowangidwaa,NJ-ngs-2023-Aug19,miizhisiwangidwaa,<<miizh>>i1siwangidwaa,GUESS
VTA,Cnj,VTA_n,miizh,miin1,3PlProxSubj,InclObj,Neu,Neg,miinisinowangwaa,<<miin>>isinowangwaa,NJ-ngs-2023-Aug19,,,
VTA,Cnj,VTA_n,miizh,miin1,3PlProxSubj,1SgObj,Neu,Pos,miizhiwaad,<<miizh>>i1waad,NJ-ngs-2023-Aug19,,,
VTA,Cnj,VTA_n,miizh,miin1,3PlProxSubj,2PlObj,Neu,Pos,miininegwaa,<<miin>>inegwaa,NJ-ngs-2023-Aug19,,,
VTA,Cnj,VTA_n,miizh,miin1,3PlProxSubj,2SgObj,Neu,Pos,miinikwaa,<<miin>>ikwaa,NJ-ngs-2023-Aug19,,,
VTA,Cnj,VTA_n,miizh,miin1,3PlProxSubj,3PlObvObj,Neu,Pos,miinaawaad,<<miin>>aawaad,RECONFIRM,,,
VTA,Cnj,VTA_n,miizh,miin1,3PlProxSubj,3SgObvObj,Neu,Pos,miinaawaad,<<miin>>aawaad,NJ-ngs-2023-Aug19,,,
VTA,Cnj,VTA_n,miizh,miin1,3PlProxSubj,ExclObj,Neu,Pos,miinigooyaang,<<miizh>>igooyaang,NJ-ngs-2023-Aug19,miizhiyangidwaa,<<miizh>>i1yangidwaa,GUESS
VTA,Cnj,VTA_n,miizh,miin1,3PlProxSubj,InclObj,Neu,Pos,miininangwaa,<<miin>>inangwaa,NJ-ngs-2023-Aug19,,,
VTA,Cnj,VTA_n,miizh,miin1,3SgObvSubj,3PlProxObj,Neu,Neg,miinigosigwaa,<<miin>>igosigwaa,NJ-ngs-2023-Aug19,,,
VTA,Cnj,VTA_n,miizh,miin1,3SgObvSubj,3SgProxObj,Neu,Neg,miinigosig,<<miin>>igosig,NJ-ngs-2023-Aug19,,,
VTA,Cnj,VTA_n,miizh,miin1,3SgObvSubj,3PlProxObj,Neu,Pos,miinigowaad,<<miin>>igowaad,NJ-ngs-2023-Aug19,,,
VTA,Cnj,VTA_n,miizh,miin1,3SgObvSubj,3SgProxObj,Neu,Pos,miinigod,<<miin>>igod,NJ-ngs-2023-Aug19,,,
VTA,Cnj,VTA_n,miizh,miin1,3SgProxSubj,1SgObj,Neu,Neg,miizhisig,<<miizh>>i1sig,NJ-ngs-2023-Aug19,,,
VTA,Cnj,VTA_n,miizh,miin1,3SgProxSubj,2PlObj,Neu,Neg,miinisinoweg,<<miin>>isinoweg,NJ-ngs-2023-Aug19,,,
VTA,Cnj,VTA_n,miizh,miin1,3SgProxSubj,2SgObj,Neu,Neg,miinisinok,<<miin>>isinok,NJ-ngs-2023-Aug19,,,
VTA,Cnj,VTA_n,miizh,miin1,3SgProxSubj,3PlObvObj,Neu,Neg,miinaasig,<<miin>>aasig,RECONFIRM,,,
VTA,Cnj,VTA_n,miizh,miin1,3SgProxSubj,3SgObvObj,Neu,Neg,miinaasig,<<miin>>aasig,NJ-ngs-2023-Aug19,,,
VTA,Cnj,VTA_n,miizh,miin1,3SgProxSubj,ExclObj,Neu,Neg,miizhisinowangid,<<miizh>>i1sinowangid,NJ-ngs-2023-Aug19,miizhisiwangid,<<miizh>>i1siwangid,GUESS
VTA,Cnj,VTA_n,miizh,miin1,3SgProxSubj,InclObj,Neu,Neg,miinisinowang,<<miin>>isinowang,NJ-ngs-2023-Aug19,,,
VTA,Cnj,VTA_n,miizh,miin1,3SgProxSubj,1SgObj,Neu,Pos,miizhid,<<miizh>>i1d,NJ-ngs-2023-Aug19,,,
VTA,Cnj,VTA_n,miizh,miin1,3SgProxSubj,2PlObj,Neu,Pos,miinineg,<<miin>>ineg,NJ-ngs-2023-Aug19,,,
VTA,Cnj,VTA_n,miizh,miin1,3SgProxSubj,2SgObj,Neu,Pos,miinik,<<miin>>ik,NJ-ngs-2023-Aug19,,,
VTA,Cnj,VTA_n,miizh,miin1,3SgProxSubj,3PlObvObj,Neu,Pos,miinaad,<<miin>>aad,RECONFIRM,,,
VTA,Cnj,VTA_n,miizh,miin1,3SgProxSubj,3SgObvObj,Neu,Pos,miinaad,<<miin>>aad,NJ-ngs-2023-Aug19,,,
VTA,Cnj,VTA_n,miizh,miin1,3SgProxSubj,ExclObj,Neu,Pos,miinigooyaang,<<miizh>>igooyaang,NJ-ngs-2023-Aug19,miizhiyangid,<<miizh>>i1yangid,GUESS
VTA,Cnj,VTA_n,miizh,miin1,3SgProxSubj,InclObj,Neu,Pos,miininang,<<miin>>inang,NJ-ngs-2023-Aug19,,,
VTA,Cnj,VTA_n,miizh,miin1,ExclSubj,2PlObj,Neu,Neg,miinigoosiweg,<<miin>>igoosiweg,NJ-ngs-2023-Aug19,miinigosiweg,<<miin>>igosiweg,GUESS
VTA,Cnj,VTA_n,miizh,miin1,ExclSubj,2SgObj,Neu,Neg,miinigoosiwan,<<miin>>igoosiwan,NJ-ngs-2023-Aug19,,,
VTA,Cnj,VTA_n,miizh,miin1,ExclSubj,3PlObvObj,Neu,Neg,miinaasiwangidwaa,<<miin>>aasiwangidwaa,RECONFIRM,miinimaasiwangid,<<miin>>imaasiwangid,GUESS
VTA,Cnj,VTA_n,miizh,miin1,ExclSubj,3PlProxObj,Neu,Neg,miinaasiwangidwaa,<<miin>>aasiwangidwaa,NJ-ngs-2023-Aug19,,,
VTA,Cnj,VTA_n,miizh,miin1,ExclSubj,3SgObvObj,Neu,Neg,miinimaasiwangid,<<miin>>imaasiwangid,NJ-ngs-2023-Aug19,,,
VTA,Cnj,VTA_n,miizh,miin1,ExclSubj,3SgProxObj,Neu,Neg,miinaasiwangid,<<miin>>aasiwangid,NJ-ngs-2023-Aug19,,,
VTA,Cnj,VTA_n,miizh,miin1,ExclSubj,2PlObj,Neu,Pos,miinigooyeg,<<miin>>igooyeg,NJ-ngs-2023-Aug19,,,
VTA,Cnj,VTA_n,miizh,miin1,ExclSubj,2SgObj,Neu,Pos,miinigooyan,<<miin>>igooyan,NJ-ngs-2023-Aug19,,,
VTA,Cnj,VTA_n,miizh,miin1,ExclSubj,3PlObvObj,Neu,Pos,miinimangid,<<miin>>imangid,RECONFIRM,,,
VTA,Cnj,VTA_n,miizh,miin1,ExclSubj,3PlProxObj,Neu,Pos,miinangidwaa,<<miin>>angidwaa,NJ-ngs-2023-Aug19,,,
VTA,Cnj,VTA_n,miizh,miin1,ExclSubj,3SgObvObj,Neu,Pos,miinimangid,<<miin>>imangid,NJ-ngs-2023-Aug19,,,
VTA,Cnj,VTA_n,miizh,miin1,ExclSubj,3SgProxObj,Neu,Pos,miinangid,<<miin>>angid,NJ-ngs-2023-Aug19,,,
VTA,Cnj,VTA_n,miizh,miin1,InclSubj,3PlObvObj,Neu,Neg,miinaasiwangwaa,<<miin>>aasiwangwaa,RECONFIRM,miinimaasiwang,<<miin>>imaasiwang,GUESS
VTA,Cnj,VTA_n,miizh,miin1,InclSubj,3PlProxObj,Neu,Neg,miinaasiwangwaa,<<miin>>aasiwangwaa,NJ-ngs-2023-Aug19,,,
VTA,Cnj,VTA_n,miizh,miin1,InclSubj,3SgObvObj,Neu,Neg,miinimaasiwang,<<miin>>imaasiwang,NJ-ngs-2023-Aug19,,,
VTA,Cnj,VTA_n,miizh,miin1,InclSubj,3SgProxObj,Neu,Neg,miinaasiwang,<<miin>>aasiwang,NJ-ngs-2023-Aug19,,,
VTA,Cnj,VTA_n,miizh,miin1,InclSubj,3PlObvObj,Neu,Pos,miinimang,<<miin>>imang,RECONFIRM,,,
VTA,Cnj,VTA_n,miizh,miin1,InclSubj,3PlProxObj,Neu,Pos,miinangwaa,<<miin>>angwaa,NJ-ngs-2023-Aug19,,,
VTA,Cnj,VTA_n,miizh,miin1,InclSubj,3SgObvObj,Neu,Pos,miinimang,<<miin>>imang,NJ-ngs-2023-Aug19,,,
VTA,Cnj,VTA_n,miizh,miin1,InclSubj,3SgProxObj,Neu,Pos,miinang,<<miin>>ang,NJ-ngs-2023-Aug19,,,
VTA,Cnj,VTA_n,miizh,miin1,XSubj,1SgObj,Neu,Neg,miinigoosiwaan,<<miin>>igoosiwaan,NJ-ngs-2023-Aug19,,,
VTA,Cnj,VTA_n,miizh,miin1,XSubj,2PlObj,Neu,Neg,miinigoosiweg,<<miin>>igoosiweg,NJ-ngs-2023-Aug19,,,
VTA,Cnj,VTA_n,miizh,miin1,XSubj,2SgObj,Neu,Neg,miinigoosiwan,<<miin>>igoosiwan,NJ-ngs-2023-Aug19,,,
VTA,Cnj,VTA_n,miizh,miin1,XSubj,3PlObvObj,Neu,Neg,miinaasiwindwaa,<<miin>>aasiwindwaa,RECONFIRM,miinimaasiwind,<<miin>>imaasiwind,GUESS
VTA,Cnj,VTA_n,miizh,miin1,XSubj,3PlProxObj,Neu,Neg,miinaasiwindwaa,<<miin>>aasiwindwaa,NJ-ngs-2023-Aug19,,,
VTA,Cnj,VTA_n,miizh,miin1,XSubj,3SgObvObj,Neu,Neg,miinimaasiwind,<<miin>>imaasiwind,NJ-ngs-2023-Aug19,,,
VTA,Cnj,VTA_n,miizh,miin1,XSubj,3SgProxObj,Neu,Neg,miinaasiwind,<<miin>>aasiwind,NJ-ngs-2023-Aug19,,,
VTA,Cnj,VTA_n,miizh,miin1,XSubj,ExclObj,Neu,Neg,miinigoosiwaang,<<miin>>igoosiwaang,NJ-ngs-2023-Aug19,,,
VTA,Cnj,VTA_n,miizh,miin1,XSubj,InclObj,Neu,Neg,miinigoosiwang,<<miin>>igoosiwang,NJ-ngs-2023-Aug19,,,
VTA,Cnj,VTA_n,miizh,miin1,XSubj,1SgObj,Neu,Pos,miinigooyaan,<<miin>>igooyaan,NJ-ngs-2023-Aug19,,,
VTA,Cnj,VTA_n,miizh,miin1,XSubj,2PlObj,Neu,Pos,miinigooyeg,<<miin>>igooyeg,NJ-ngs-2023-Aug19,,,
VTA,Cnj,VTA_n,miizh,miin1,XSubj,2SgObj,Neu,Pos,miinigooyan,<<miin>>igooyan,NJ-ngs-2023-Aug19,,,
VTA,Cnj,VTA_n,miizh,miin1,XSubj,3PlObvObj,Neu,Pos,miinimind,<<miin>>imind,RECONFIRM,,,
VTA,Cnj,VTA_n,miizh,miin1,XSubj,3PlProxObj,Neu,Pos,miinindwaa,<<miin>>indwaa,NJ-ngs-2023-Aug19,,,
VTA,Cnj,VTA_n,miizh,miin1,XSubj,3SgObvObj,Neu,Pos,miinimind,<<miin>>imind,NJ-ngs-2023-Aug19,,,
VTA,Cnj,VTA_n,miizh,miin1,XSubj,3SgProxObj,Neu,Pos,miinind,<<miin>>ind,NJ-ngs-2023-Aug19,,,
VTA,Cnj,VTA_n,miizh,miin1,XSubj,ExclObj,Neu,Pos,miinigooyaang,<<miin>>igooyaang,NJ-ngs-2023-Aug19,,,
VTA,Cnj,VTA_n,miizh,miin1,XSubj,InclObj,Neu,Pos,miinigooyang,<<miin>>igooyang,NJ-ngs-2023-Aug19,,,
VTA,Cnj,VTA_s,mawadish,mawadis1,0PlSubj,1SgObj,Neu,Pos,mawadisigoyaan,<<mawadis>>igoyaan,NJ-ngs-2023-Aug19,,,
VTA,Cnj,VTA_s,mawadish,mawadis1,0PlSubj,2PlObj,Neu,Pos,mawadisigoyeg,<<mawadis>>igoyeg,NJ-ngs-2023-Aug19,,,
VTA,Cnj,VTA_s,mawadish,mawadis1,0PlSubj,2SgObj,Neu,Pos,mawadisigoyan,<<mawadis>>igoyan,NJ-ngs-2023-Aug19,,,
VTA,Cnj,VTA_s,mawadish,mawadis1,0PlSubj,3PlObvObj,Neu,Pos,mawadisigonid,<<mawadis>>igonid,RECONFIRM,,,
VTA,Cnj,VTA_s,mawadish,mawadis1,0PlSubj,3PlProxObj,Neu,Pos,mawadisigowaad,<<mawadis>>igowaad,NJ-ngs-2023-Aug19,,,
VTA,Cnj,VTA_s,mawadish,mawadis1,0PlSubj,3SgObvObj,Neu,Pos,mawadisigonid,<<mawadis>>igonid,NJ-ngs-2023-Aug19,,,
VTA,Cnj,VTA_s,mawadish,mawadis1,0PlSubj,3SgProxObj,Neu,Pos,mawadisigod,<<mawadis>>igod,NJ-ngs-2023-Aug19,,,
VTA,Cnj,VTA_s,mawadish,mawadis1,0PlSubj,ExclObj,Neu,Pos,mawadisigoyaang,<<mawadis>>igoyaang,NJ-ngs-2023-Aug19,,,
VTA,Cnj,VTA_s,mawadish,mawadis1,0PlSubj,InclObj,Neu,Pos,mawadisigoyang,<<mawadis>>igoyang,NJ-ngs-2023-Aug19,,,
VTA,Cnj,VTA_s,mawadish,mawadis1,0PlSubj,1SgObj,Neu,Neg,mawadisigosiwaan,<<mawadis>>igosiwaan,NJ-ngs-2023-Aug19,,,
VTA,Cnj,VTA_s,mawadish,mawadis1,0PlSubj,2PlObj,Neu,Neg,mawadisigosiweg,<<mawadis>>igosiweg,NJ-ngs-2023-Aug19,,,
VTA,Cnj,VTA_s,mawadish,mawadis1,0PlSubj,2SgObj,Neu,Neg,mawadisigosiwan,<<mawadis>>igosiwan,NJ-ngs-2023-Aug19,,,
VTA,Cnj,VTA_s,mawadish,mawadis1,0PlSubj,3PlObvObj,Neu,Neg,mawadisigosinig,<<mawadis>>igosinig,RECONFIRM,,,
VTA,Cnj,VTA_s,mawadish,mawadis1,0PlSubj,3PlProxObj,Neu,Neg,mawadisigosigwaa,<<mawadis>>igosigwaa,NJ-ngs-2023-Aug19,,,
VTA,Cnj,VTA_s,mawadish,mawadis1,0PlSubj,3SgObvObj,Neu,Neg,mawadisigosinig,<<mawadis>>igosinig,NJ-ngs-2023-Aug19,,,
VTA,Cnj,VTA_s,mawadish,mawadis1,0PlSubj,3SgProxObj,Neu,Neg,mawadisigosig,<<mawadis>>igosig,NJ-ngs-2023-Aug19,,,
VTA,Cnj,VTA_s,mawadish,mawadis1,0PlSubj,ExclObj,Neu,Neg,mawadisigosiwaang,<<mawadis>>igosiwaang,NJ-ngs-2023-Aug19,,,
VTA,Cnj,VTA_s,mawadish,mawadis1,0PlSubj,InclObj,Neu,Neg,mawadisigosiwang,<<mawadis>>igosiwang,NJ-ngs-2023-Aug19,,,
VTA,Cnj,VTA_s,mawadish,mawadis1,0SgSubj,1SgObj,Neu,Pos,mawadisigoyaan,<<mawadis>>igoyaan,NJ-ngs-2023-Aug19,,,
VTA,Cnj,VTA_s,mawadish,mawadis1,0SgSubj,2PlObj,Neu,Pos,mawadisigoyeg,<<mawadis>>igoyeg,NJ-ngs-2023-Aug19,,,
VTA,Cnj,VTA_s,mawadish,mawadis1,0SgSubj,2SgObj,Neu,Pos,mawadisigoyan,<<mawadis>>igoyan,NJ-ngs-2023-Aug19,,,
VTA,Cnj,VTA_s,mawadish,mawadis1,0SgSubj,3PlObvObj,Neu,Pos,mawadisigonid,<<mawadis>>igonid,RECONFIRM,,,
VTA,Cnj,VTA_s,mawadish,mawadis1,0SgSubj,3PlProxObj,Neu,Pos,mawadisigowaad,<<mawadis>>igowaad,NJ-ngs-2023-Aug19,,,
VTA,Cnj,VTA_s,mawadish,mawadis1,0SgSubj,3SgObvObj,Neu,Pos,mawadisigonid,<<mawadis>>igonid,NJ-ngs-2023-Aug19,,,
VTA,Cnj,VTA_s,mawadish,mawadis1,0SgSubj,3SgProxObj,Neu,Pos,mawadisigod,<<mawadis>>igod,NJ-ngs-2023-Aug19,,,
VTA,Cnj,VTA_s,mawadish,mawadis1,0SgSubj,ExclObj,Neu,Pos,mawadisigoyaang,<<mawadis>>igoyaang,NJ-ngs-2023-Aug19,,,
VTA,Cnj,VTA_s,mawadish,mawadis1,0SgSubj,InclObj,Neu,Pos,mawadisigoyang,<<mawadis>>igoyang,NJ-ngs-2023-Aug19,,,
VTA,Cnj,VTA_s,mawadish,mawadis1,0SgSubj,1SgObj,Neu,Neg,mawadisigosiwaan,<<mawadis>>igosiwaan,NJ-ngs-2023-Aug19,,,
VTA,Cnj,VTA_s,mawadish,mawadis1,0SgSubj,2PlObj,Neu,Neg,mawadisigosiweg,<<mawadis>>igosiweg,NJ-ngs-2023-Aug19,,,
VTA,Cnj,VTA_s,mawadish,mawadis1,0SgSubj,2SgObj,Neu,Neg,mawadisigosiwan,<<mawadis>>igosiwan,NJ-ngs-2023-Aug19,,,
VTA,Cnj,VTA_s,mawadish,mawadis1,0SgSubj,3PlObvObj,Neu,Neg,mawadisigosinig,<<mawadis>>igosinig,RECONFIRM,,,
VTA,Cnj,VTA_s,mawadish,mawadis1,0SgSubj,3PlProxObj,Neu,Neg,mawadisigosigwaa,<<mawadis>>igosigwaa,NJ-ngs-2023-Aug19,,,
VTA,Cnj,VTA_s,mawadish,mawadis1,0SgSubj,3SgObvObj,Neu,Neg,mawadisigosinig,<<mawadis>>igosinig,NJ-ngs-2023-Aug19,,,
VTA,Cnj,VTA_s,mawadish,mawadis1,0SgSubj,3SgProxObj,Neu,Neg,mawadisigosig,<<mawadis>>igosig,NJ-ngs-2023-Aug19,,,
VTA,Cnj,VTA_s,mawadish,mawadis1,0SgSubj,ExclObj,Neu,Neg,mawadisigosiwaang,<<mawadis>>igosiwaang,NJ-ngs-2023-Aug19,,,
VTA,Cnj,VTA_s,mawadish,mawadis1,0SgSubj,InclObj,Neu,Neg,mawadisigosiwang,<<mawadis>>igosiwang,NJ-ngs-2023-Aug19,,,
VTA,Cnj,VTA_s,mawadish,mawadis1,1SgSubj,2PlObj,Neu,Neg,mawadisisinonagog,<<mawadis>>isinonagog,NJ-ngs-2023-Aug19,mawadisisinowagog,<<mawadis>>isinowagog,GUESS
VTA,Cnj,VTA_s,mawadish,mawadis1,1SgSubj,2SgObj,Neu,Neg,mawadisisinowaan,<<mawadis>>isinowaan,NJ-ngs-2023-Aug19,,,
VTA,Cnj,VTA_s,mawadish,mawadis1,1SgSubj,3PlObvObj,Neu,Neg,mawadisimaasiwag,<<mawadis>>imaasiwag,RECONFIRM,,,
VTA,Cnj,VTA_s,mawadish,mawadis1,1SgSubj,3PlProxObj,Neu,Neg,mawadisaasiwagwaa,<<mawadis>>aasiwagwaa,NJ-ngs-2023-Aug19,,,
VTA,Cnj,VTA_s,mawadish,mawadis1,1SgSubj,3SgObvObj,Neu,Neg,mawadisimaasiwag,<<mawadis>>imaasiwag,NJ-ngs-2023-Aug19,,,
VTA,Cnj,VTA_s,mawadish,mawadis1,1SgSubj,3SgProxObj,Neu,Neg,mawadisaasiwag,<<mawadis>>aasiwag,NJ-ngs-2023-Aug19,,,
VTA,Cnj,VTA_s,mawadish,mawadis1,1SgSubj,2PlObj,Neu,Pos,mawadisinagog,<<mawadis>>inagog,NJ-ngs-2023-Aug19,,,
VTA,Cnj,VTA_s,mawadish,mawadis1,1SgSubj,2SgObj,Neu,Pos,mawadisinaan,<<mawadis>>inaan,NJ-ngs-2023-Aug19,,,
VTA,Cnj,VTA_s,mawadish,mawadis1,1SgSubj,3PlObvObj,Neu,Pos,mawadisimag,<<mawadis>>imag,RECONFIRM,,,
VTA,Cnj,VTA_s,mawadish,mawadis1,1SgSubj,3PlProxObj,Neu,Pos,mawadisagwaa,<<mawadis>>agwaa,NJ-ngs-2023-Aug19,,,
VTA,Cnj,VTA_s,mawadish,mawadis1,1SgSubj,3SgObvObj,Neu,Pos,mawadisimag,<<mawadis>>imag,NJ-ngs-2023-Aug19,,,
VTA,Cnj,VTA_s,mawadish,mawadis1,1SgSubj,3SgProxObj,Neu,Pos,mawadisag,<<mawadis>>ag,NJ-ngs-2023-Aug19,,,
VTA,Cnj,VTA_s,mawadish,mawadis1,2PlSubj,1SgObj,Neu,Neg,mawadishisiweg,<<mawadish>>i1siweg,NJ-ngs-2023-Aug19,,,
VTA,Cnj,VTA_s,mawadish,mawadis1,2PlSubj,3PlObvObj,Neu,Neg,mawadisimaasiweg,<<mawadis>>imaasiweg,RECONFIRM,,,
VTA,Cnj,VTA_s,mawadish,mawadis1,2PlSubj,3PlProxObj,Neu,Neg,mawadisaasiwegwaa,<<mawadis>>aasiwegwaa,NJ-ngs-2023-Aug19,,,
VTA,Cnj,VTA_s,mawadish,mawadis1,2PlSubj,3SgObvObj,Neu,Neg,mawadisimaasiweg,<<mawadis>>imaasiweg,NJ-ngs-2023-Aug19,,,
VTA,Cnj,VTA_s,mawadish,mawadis1,2PlSubj,3SgProxObj,Neu,Neg,mawadisaasiweg,<<mawadis>>aasiweg,NJ-ngs-2023-Aug19,,,
VTA,Cnj,VTA_s,mawadish,mawadis1,2PlSubj,ExclObj,Neu,Neg,mawadishisiwaang,<<mawadish>>i1siwaang,NJ-ngs-2023-Aug19,,,
VTA,Cnj,VTA_s,mawadish,mawadis1,2PlSubj,1SgObj,Neu,Pos,mawadishiyeg,<<mawadish>>i1yeg,NJ-ngs-2023-Aug19,,,
VTA,Cnj,VTA_s,mawadish,mawadis1,2PlSubj,3PlObvObj,Neu,Pos,mawadisimeg,<<mawadis>>imeg,RECONFIRM,,,
VTA,Cnj,VTA_s,mawadish,mawadis1,2PlSubj,3PlProxObj,Neu,Pos,mawadisegwaa,<<mawadis>>egwaa,NJ-ngs-2023-Aug19,,,
VTA,Cnj,VTA_s,mawadish,mawadis1,2PlSubj,3SgObvObj,Neu,Pos,mawadisimeg,<<mawadis>>imeg,NJ-ngs-2023-Aug19,,,
VTA,Cnj,VTA_s,mawadish,mawadis1,2PlSubj,3SgProxObj,Neu,Pos,mawadiseg,<<mawadis>>eg,NJ-ngs-2023-Aug19,,,
VTA,Cnj,VTA_s,mawadish,mawadis1,2PlSubj,ExclObj,Neu,Pos,mawadishiyaang,<<mawadish>>i1yaang,NJ-ngs-2023-Aug19,,,
VTA,Cnj,VTA_s,mawadish,mawadis1,2SgSubj,1SgObj,Neu,Neg,mawadishisiwan,<<mawadish>>i1siwan,NJ-ngs-2023-Aug19,,,
VTA,Cnj,VTA_s,mawadish,mawadis1,2SgSubj,3PlObvObj,Neu,Neg,mawadisimaasiwad,<<mawadis>>imaasiwad,RECONFIRM,,,
VTA,Cnj,VTA_s,mawadish,mawadis1,2SgSubj,3PlProxObj,Neu,Neg,mawadisaasiwadwaa,<<mawadis>>aasiwadwaa,NJ-ngs-2023-Aug19,,,
VTA,Cnj,VTA_s,mawadish,mawadis1,2SgSubj,3SgObvObj,Neu,Neg,mawadisimaasiwad,<<mawadis>>imaasiwad,NJ-ngs-2023-Aug19,,,
VTA,Cnj,VTA_s,mawadish,mawadis1,2SgSubj,3SgProxObj,Neu,Neg,mawadisaasiwad,<<mawadis>>aasiwad,NJ-ngs-2023-Aug19,,,
VTA,Cnj,VTA_s,mawadish,mawadis1,2SgSubj,ExclObj,Neu,Neg,mawadishisiwaang,<<mawadish>>i1siwaang,NJ-ngs-2023-Aug19,,,
VTA,Cnj,VTA_s,mawadish,mawadis1,2SgSubj,1SgObj,Neu,Pos,mawadishiyan,<<mawadish>>i1yan,NJ-ngs-2023-Aug19,,,
VTA,Cnj,VTA_s,mawadish,mawadis1,2SgSubj,3PlObvObj,Neu,Pos,mawadisimad,<<mawadis>>imad,RECONFIRM,,,
VTA,Cnj,VTA_s,mawadish,mawadis1,2SgSubj,3PlProxObj,Neu,Pos,mawadisadwaa,<<mawadis>>adwaa,NJ-ngs-2023-Aug19,,,
VTA,Cnj,VTA_s,mawadish,mawadis1,2SgSubj,3SgObvObj,Neu,Pos,mawadisimad,<<mawadis>>imad,NJ-ngs-2023-Aug19,,,
VTA,Cnj,VTA_s,mawadish,mawadis1,2SgSubj,3SgProxObj,Neu,Pos,mawadisad,<<mawadis>>ad,NJ-ngs-2023-Aug19,,,
VTA,Cnj,VTA_s,mawadish,mawadis1,2SgSubj,ExclObj,Neu,Pos,mawadishiyaang,<<mawadish>>i1yaang,NJ-ngs-2023-Aug19,,,
VTA,Cnj,VTA_s,mawadish,mawadis1,3PlObvSubj,3PlProxObj,Neu,Neg,mawadisigosigwaa,<<mawadis>>igosigwaa,RECONFIRM,,,
VTA,Cnj,VTA_s,mawadish,mawadis1,3PlObvSubj,3SgProxObj,Neu,Neg,mawadisigosig,<<mawadis>>igosig,RECONFIRM,,,
VTA,Cnj,VTA_s,mawadish,mawadis1,3PlObvSubj,3PlProxObj,Neu,Pos,mawadisigowaad,<<mawadis>>igowaad,RECONFIRM,,,
VTA,Cnj,VTA_s,mawadish,mawadis1,3PlObvSubj,3SgProxObj,Neu,Pos,mawadisigod,<<mawadis>>igod,RECONFIRM,,,
VTA,Cnj,VTA_s,mawadish,mawadis1,3PlProxSubj,1SgObj,Neu,Neg,mawadishisigwaa,<<mawadish>>i1sigwaa,NJ-ngs-2023-Aug19,,,
VTA,Cnj,VTA_s,mawadish,mawadis1,3PlProxSubj,2PlObj,Neu,Neg,mawadisisinowegwaa,<<mawadis>>isinowegwaa,NJ-ngs-2023-Aug19,,,
VTA,Cnj,VTA_s,mawadish,mawadis1,3PlProxSubj,2SgObj,Neu,Neg,mawadisisinokwaa,<<mawadis>>isinokwaa,NJ-ngs-2023-Aug19,,,
VTA,Cnj,VTA_s,mawadish,mawadis1,3PlProxSubj,3PlObvObj,Neu,Neg,mawadisaasigwaa,<<mawadis>>aasigwaa,RECONFIRM,,,
VTA,Cnj,VTA_s,mawadish,mawadis1,3PlProxSubj,3SgObvObj,Neu,Neg,mawadisaasigwaa,<<mawadis>>aasigwaa,NJ-ngs-2023-Aug19,,,
VTA,Cnj,VTA_s,mawadish,mawadis1,3PlProxSubj,ExclObj,Neu,Neg,mawadishisinowangidwaa,<<mawadish>>i1sinowangidwaa,NJ-ngs-2023-Aug19,mawadishisiwangidwaa,<<mawadish>>i1siwangidwaa,GUESS
VTA,Cnj,VTA_s,mawadish,mawadis1,3PlProxSubj,InclObj,Neu,Neg,mawadisisinowangwaa,<<mawadis>>isinowangwaa,NJ-ngs-2023-Aug19,,,
VTA,Cnj,VTA_s,mawadish,mawadis1,3PlProxSubj,1SgObj,Neu,Pos,mawadishiwaad,<<mawadish>>i1waad,NJ-ngs-2023-Aug19,,,
VTA,Cnj,VTA_s,mawadish,mawadis1,3PlProxSubj,2PlObj,Neu,Pos,mawadisinegwaa,<<mawadis>>inegwaa,NJ-ngs-2023-Aug19,,,
VTA,Cnj,VTA_s,mawadish,mawadis1,3PlProxSubj,2SgObj,Neu,Pos,mawadisikwaa,<<mawadis>>ikwaa,NJ-ngs-2023-Aug19,,,
VTA,Cnj,VTA_s,mawadish,mawadis1,3PlProxSubj,3PlObvObj,Neu,Pos,mawadisaawaad,<<mawadis>>aawaad,RECONFIRM,,,
VTA,Cnj,VTA_s,mawadish,mawadis1,3PlProxSubj,3SgObvObj,Neu,Pos,mawadisaawaad,<<mawadis>>aawaad,NJ-ngs-2023-Aug19,,,
VTA,Cnj,VTA_s,mawadish,mawadis1,3PlProxSubj,ExclObj,Neu,Pos,mawadisigooyaang,<<mawadish>>igooyaang,NJ-ngs-2023-Aug19,mawadishiyangidwaa,<<mawadish>>i1yangidwaa,GUESS
VTA,Cnj,VTA_s,mawadish,mawadis1,3PlProxSubj,InclObj,Neu,Pos,mawadisinangwaa,<<mawadis>>inangwaa,NJ-ngs-2023-Aug19,,,
VTA,Cnj,VTA_s,mawadish,mawadis1,3SgObvSubj,3PlProxObj,Neu,Neg,mawadisigosigwaa,<<mawadis>>igosigwaa,NJ-ngs-2023-Aug19,,,
VTA,Cnj,VTA_s,mawadish,mawadis1,3SgObvSubj,3SgProxObj,Neu,Neg,mawadisigosig,<<mawadis>>igosig,NJ-ngs-2023-Aug19,,,
VTA,Cnj,VTA_s,mawadish,mawadis1,3SgObvSubj,3PlProxObj,Neu,Pos,mawadisigowaad,<<mawadis>>igowaad,NJ-ngs-2023-Aug19,,,
VTA,Cnj,VTA_s,mawadish,mawadis1,3SgObvSubj,3SgProxObj,Neu,Pos,mawadisigod,<<mawadis>>igod,NJ-ngs-2023-Aug19,,,
VTA,Cnj,VTA_s,mawadish,mawadis1,3SgProxSubj,1SgObj,Neu,Neg,mawadishisig,<<mawadish>>i1sig,NJ-ngs-2023-Aug19,,,
VTA,Cnj,VTA_s,mawadish,mawadis1,3SgProxSubj,2PlObj,Neu,Neg,mawadisisinoweg,<<mawadis>>isinoweg,NJ-ngs-2023-Aug19,,,
VTA,Cnj,VTA_s,mawadish,mawadis1,3SgProxSubj,2SgObj,Neu,Neg,mawadisisinok,<<mawadis>>isinok,NJ-ngs-2023-Aug19,,,
VTA,Cnj,VTA_s,mawadish,mawadis1,3SgProxSubj,3PlObvObj,Neu,Neg,mawadisaasig,<<mawadis>>aasig,RECONFIRM,,,
VTA,Cnj,VTA_s,mawadish,mawadis1,3SgProxSubj,3SgObvObj,Neu,Neg,mawadisaasig,<<mawadis>>aasig,NJ-ngs-2023-Aug19,,,
VTA,Cnj,VTA_s,mawadish,mawadis1,3SgProxSubj,ExclObj,Neu,Neg,mawadishisinowangid,<<mawadish>>i1sinowangid,NJ-ngs-2023-Aug19,mawadishisiwangid,<<mawadish>>i1siwangid,GUESS
VTA,Cnj,VTA_s,mawadish,mawadis1,3SgProxSubj,InclObj,Neu,Neg,mawadisisinowang,<<mawadis>>isinowang,NJ-ngs-2023-Aug19,,,
VTA,Cnj,VTA_s,mawadish,mawadis1,3SgProxSubj,1SgObj,Neu,Pos,mawadishid,<<mawadish>>i1d,NJ-ngs-2023-Aug19,,,
VTA,Cnj,VTA_s,mawadish,mawadis1,3SgProxSubj,2PlObj,Neu,Pos,mawadisineg,<<mawadis>>ineg,NJ-ngs-2023-Aug19,,,
VTA,Cnj,VTA_s,mawadish,mawadis1,3SgProxSubj,2SgObj,Neu,Pos,mawadisik,<<mawadis>>ik,NJ-ngs-2023-Aug19,,,
VTA,Cnj,VTA_s,mawadish,mawadis1,3SgProxSubj,3PlObvObj,Neu,Pos,mawadisaad,<<mawadis>>aad,RECONFIRM,,,
VTA,Cnj,VTA_s,mawadish,mawadis1,3SgProxSubj,3SgObvObj,Neu,Pos,mawadisaad,<<mawadis>>aad,NJ-ngs-2023-Aug19,,,
VTA,Cnj,VTA_s,mawadish,mawadis1,3SgProxSubj,ExclObj,Neu,Pos,mawadisigooyaang,<<mawadish>>igooyaang,NJ-ngs-2023-Aug19,mawadishiyangid,<<mawadish>>i1yangid,GUESS
VTA,Cnj,VTA_s,mawadish,mawadis1,3SgProxSubj,InclObj,Neu,Pos,mawadisinang,<<mawadis>>inang,NJ-ngs-2023-Aug19,,,
VTA,Cnj,VTA_s,mawadish,mawadis1,ExclSubj,2PlObj,Neu,Neg,mawadisigoosiweg,<<mawadis>>igoosiweg,NJ-ngs-2023-Aug19,mawadisigosiweg,<<mawadis>>igosiweg,GUESS
VTA,Cnj,VTA_s,mawadish,mawadis1,ExclSubj,2SgObj,Neu,Neg,mawadisigoosiwan,<<mawadis>>igoosiwan,NJ-ngs-2023-Aug19,,,
VTA,Cnj,VTA_s,mawadish,mawadis1,ExclSubj,3PlObvObj,Neu,Neg,mawadisaasiwangidwaa,<<mawadis>>aasiwangidwaa,RECONFIRM,mawadisimaasiwangid,<<mawadis>>imaasiwangid,GUESS
VTA,Cnj,VTA_s,mawadish,mawadis1,ExclSubj,3PlProxObj,Neu,Neg,mawadisaasiwangidwaa,<<mawadis>>aasiwangidwaa,NJ-ngs-2023-Aug19,,,
VTA,Cnj,VTA_s,mawadish,mawadis1,ExclSubj,3SgObvObj,Neu,Neg,mawadisimaasiwangid,<<mawadis>>imaasiwangid,NJ-ngs-2023-Aug19,,,
VTA,Cnj,VTA_s,mawadish,mawadis1,ExclSubj,3SgProxObj,Neu,Neg,mawadisaasiwangid,<<mawadis>>aasiwangid,NJ-ngs-2023-Aug19,,,
VTA,Cnj,VTA_s,mawadish,mawadis1,ExclSubj,2PlObj,Neu,Pos,mawadisigooyeg,<<mawadis>>igooyeg,NJ-ngs-2023-Aug19,,,
VTA,Cnj,VTA_s,mawadish,mawadis1,ExclSubj,2SgObj,Neu,Pos,mawadisigooyan,<<mawadis>>igooyan,NJ-ngs-2023-Aug19,,,
VTA,Cnj,VTA_s,mawadish,mawadis1,ExclSubj,3PlObvObj,Neu,Pos,mawadisimangid,<<mawadis>>imangid,RECONFIRM,,,
VTA,Cnj,VTA_s,mawadish,mawadis1,ExclSubj,3PlProxObj,Neu,Pos,mawadisangidwaa,<<mawadis>>angidwaa,NJ-ngs-2023-Aug19,,,
VTA,Cnj,VTA_s,mawadish,mawadis1,ExclSubj,3SgObvObj,Neu,Pos,mawadisimangid,<<mawadis>>imangid,NJ-ngs-2023-Aug19,,,
VTA,Cnj,VTA_s,mawadish,mawadis1,ExclSubj,3SgProxObj,Neu,Pos,mawadisangid,<<mawadis>>angid,NJ-ngs-2023-Aug19,,,
VTA,Cnj,VTA_s,mawadish,mawadis1,InclSubj,3PlObvObj,Neu,Neg,mawadisaasiwangwaa,<<mawadis>>aasiwangwaa,RECONFIRM,mawadisimaasiwang,<<mawadis>>imaasiwang,GUESS
VTA,Cnj,VTA_s,mawadish,mawadis1,InclSubj,3PlProxObj,Neu,Neg,mawadisaasiwangwaa,<<mawadis>>aasiwangwaa,NJ-ngs-2023-Aug19,,,
VTA,Cnj,VTA_s,mawadish,mawadis1,InclSubj,3SgObvObj,Neu,Neg,mawadisimaasiwang,<<mawadis>>imaasiwang,NJ-ngs-2023-Aug19,,,
VTA,Cnj,VTA_s,mawadish,mawadis1,InclSubj,3SgProxObj,Neu,Neg,mawadisaasiwang,<<mawadis>>aasiwang,NJ-ngs-2023-Aug19,,,
VTA,Cnj,VTA_s,mawadish,mawadis1,InclSubj,3PlObvObj,Neu,Pos,mawadisimang,<<mawadis>>imang,RECONFIRM,,,
VTA,Cnj,VTA_s,mawadish,mawadis1,InclSubj,3PlProxObj,Neu,Pos,mawadisangwaa,<<mawadis>>angwaa,NJ-ngs-2023-Aug19,,,
VTA,Cnj,VTA_s,mawadish,mawadis1,InclSubj,3SgObvObj,Neu,Pos,mawadisimang,<<mawadis>>imang,NJ-ngs-2023-Aug19,,,
VTA,Cnj,VTA_s,mawadish,mawadis1,InclSubj,3SgProxObj,Neu,Pos,mawadisang,<<mawadis>>ang,NJ-ngs-2023-Aug19,,,
VTA,Cnj,VTA_s,mawadish,mawadis1,XSubj,1SgObj,Neu,Neg,mawadisigoosiwaan,<<mawadis>>igoosiwaan,NJ-ngs-2023-Aug19,,,
VTA,Cnj,VTA_s,mawadish,mawadis1,XSubj,2PlObj,Neu,Neg,mawadisigoosiweg,<<mawadis>>igoosiweg,NJ-ngs-2023-Aug19,,,
VTA,Cnj,VTA_s,mawadish,mawadis1,XSubj,2SgObj,Neu,Neg,mawadisigoosiwan,<<mawadis>>igoosiwan,NJ-ngs-2023-Aug19,,,
VTA,Cnj,VTA_s,mawadish,mawadis1,XSubj,3PlObvObj,Neu,Neg,mawadisaasiwindwaa,<<mawadis>>aasiwindwaa,RECONFIRM,mawadisimaasiwind,<<mawadis>>imaasiwind,GUESS
VTA,Cnj,VTA_s,mawadish,mawadis1,XSubj,3PlProxObj,Neu,Neg,mawadisaasiwindwaa,<<mawadis>>aasiwindwaa,NJ-ngs-2023-Aug19,,,
VTA,Cnj,VTA_s,mawadish,mawadis1,XSubj,3SgObvObj,Neu,Neg,mawadisimaasiwind,<<mawadis>>imaasiwind,NJ-ngs-2023-Aug19,,,
VTA,Cnj,VTA_s,mawadish,mawadis1,XSubj,3SgProxObj,Neu,Neg,mawadisaasiwind,<<mawadis>>aasiwind,NJ-ngs-2023-Aug19,,,
VTA,Cnj,VTA_s,mawadish,mawadis1,XSubj,ExclObj,Neu,Neg,mawadisigoosiwaang,<<mawadis>>igoosiwaang,NJ-ngs-2023-Aug19,,,
VTA,Cnj,VTA_s,mawadish,mawadis1,XSubj,InclObj,Neu,Neg,mawadisigoosiwang,<<mawadis>>igoosiwang,NJ-ngs-2023-Aug19,,,
VTA,Cnj,VTA_s,mawadish,mawadis1,XSubj,1SgObj,Neu,Pos,mawadisigooyaan,<<mawadis>>igooyaan,NJ-ngs-2023-Aug19,,,
VTA,Cnj,VTA_s,mawadish,mawadis1,XSubj,2PlObj,Neu,Pos,mawadisigooyeg,<<mawadis>>igooyeg,NJ-ngs-2023-Aug19,,,
VTA,Cnj,VTA_s,mawadish,mawadis1,XSubj,2SgObj,Neu,Pos,mawadisigooyan,<<mawadis>>igooyan,NJ-ngs-2023-Aug19,,,
VTA,Cnj,VTA_s,mawadish,mawadis1,XSubj,3PlObvObj,Neu,Pos,mawadisimind,<<mawadis>>imind,RECONFIRM,,,
VTA,Cnj,VTA_s,mawadish,mawadis1,XSubj,3PlProxObj,Neu,Pos,mawadisindwaa,<<mawadis>>indwaa,NJ-ngs-2023-Aug19,,,
VTA,Cnj,VTA_s,mawadish,mawadis1,XSubj,3SgObvObj,Neu,Pos,mawadisimind,<<mawadis>>imind,NJ-ngs-2023-Aug19,,,
VTA,Cnj,VTA_s,mawadish,mawadis1,XSubj,3SgProxObj,Neu,Pos,mawadisind,<<mawadis>>ind,NJ-ngs-2023-Aug19,,,
VTA,Cnj,VTA_s,mawadish,mawadis1,XSubj,ExclObj,Neu,Pos,mawadisigooyaang,<<mawadis>>igooyaang,NJ-ngs-2023-Aug19,,,
VTA,Cnj,VTA_s,mawadish,mawadis1,XSubj,InclObj,Neu,Pos,mawadisigooyang,<<mawadis>>igooyang,NJ-ngs-2023-Aug19,,,