Paradigm,Order,Class,Lemma,Stem,Subject,Object,Mode,Negation,Form1Surface,Form1Split,Form1Source,Form2Surface,Form2Split,Form2Source
VTI,Cnj,VTI_aa,ayaan,ayaa,1SgSubj,0SgObj,Neu,Pos,ayaamaan,<<ayaa>>maan,JDN-2010-MS-VTI-p27,,,
VTI,Cnj,VTI_aa,ayaan,ayaa,1SgSubj,0PlObj,Neu,Pos,ayaamaan,<<ayaa>>maan,JDN-2010-MS-VTI-p27,,,
VTI,Cnj,VTI_aa,ayaan,ayaa,2PlSubj,0SgObj,Neu,Pos,ayaameg,<<ayaa>>meg,JDN-2010-MS-VTI-p27,,,
VTI,Cnj,VTI_aa,ayaan,ayaa,2PlSubj,0PlObj,Neu,Pos,ayaameg,<<ayaa>>meg,JDN-2010-MS-VTI-p27,,,
VTI,Cnj,VTI_aa,ayaan,ayaa,2SgSubj,0SgObj,Neu,Pos,ayaaman,<<ayaa>>man,JDN-2010-MS-VTI-p27,,,
VTI,Cnj,VTI_aa,ayaan,ayaa,2SgSubj,0PlObj,Neu,Pos,ayaaman,<<ayaa>>man,JDN-2010-MS-VTI-p27,,,
VTI,Cnj,VTI_aa,ayaan,ayaa,3PlProxSubj,0SgObj,Neu,Pos,ayaamowaad,<<ayaa>>mowaad,JDN-2010-MS-VTI-p27,,,
VTI,Cnj,VTI_aa,ayaan,ayaa,3PlProxSubj,0PlObj,Neu,Pos,ayaamowaad,<<ayaa>>mowaad,JDN-2010-MS-VTI-p27,,,
VTI,Cnj,VTI_aa,ayaan,ayaa,3SgObvSubj,0SgObj,Neu,Pos,ayaaminid,<<ayaa>>minid,JDN-2010-MS-VTI-p27,,,
VTI,Cnj,VTI_aa,ayaan,ayaa,3SgObvSubj,0PlObj,Neu,Pos,ayaaminid,<<ayaa>>minid,JDN-2010-MS-VTI-p27,,,
VTI,Cnj,VTI_aa,ayaan,ayaa,3PlObvSubj,0SgObj,Neu,Pos,ayaaminid,<<ayaa>>minid,JDN-2010-MS-VTI-p27,,,
VTI,Cnj,VTI_aa,ayaan,ayaa,3PlObvSubj,0PlObj,Neu,Pos,ayaaminid,<<ayaa>>minid,JDN-2010-MS-VTI-p27,,,
VTI,Cnj,VTI_aa,ayaan,ayaa,3SgProxSubj,0SgObj,Neu,Pos,ayaang,<<ayaa>>ng,JDN-2010-MS-VTI-p27,,,
VTI,Cnj,VTI_aa,ayaan,ayaa,3SgProxSubj,0PlObj,Neu,Pos,ayaang,<<ayaa>>ng,JDN-2010-MS-VTI-p27,,,
VTI,Cnj,VTI_aa,ayaan,ayaa,ExclSubj,0SgObj,Neu,Pos,ayaamaang,<<ayaa>>maang,JDN-2010-MS-VTI-p27,,,
VTI,Cnj,VTI_aa,ayaan,ayaa,ExclSubj,0PlObj,Neu,Pos,ayaamaang,<<ayaa>>maang,JDN-2010-MS-VTI-p27,,,
VTI,Cnj,VTI_aa,ayaan,ayaa,InclSubj,0SgObj,Neu,Pos,ayaamang,<<ayaa>>mang,JDN-2010-MS-VTI-p27,,,
VTI,Cnj,VTI_aa,ayaan,ayaa,InclSubj,0PlObj,Neu,Pos,ayaamang,<<ayaa>>mang,JDN-2010-MS-VTI-p27,,,
VTI,Cnj,VTI_aa,ayaan,ayaa,XSubj,0SgObj,Neu,Pos,MISSING,,,,,
VTI,Cnj,VTI_aa,ayaan,ayaa,XSubj,0PlObj,Neu,Pos,MISSING,,,,,
VTI,Cnj,VTI_aa,ayaan,ayaa,1SgSubj,0SgObj,Neu,Neg,ayaanziwaan,<<ayaa>>nziwaan,JDN-2010-MS-VTI-p28,,,
VTI,Cnj,VTI_aa,ayaan,ayaa,1SgSubj,0PlObj,Neu,Neg,ayaanziwaan,<<ayaa>>nziwaan,JDN-2010-MS-VTI-p28,,,
VTI,Cnj,VTI_aa,ayaan,ayaa,2PlSubj,0SgObj,Neu,Neg,ayaanziweg,<<ayaa>>nziweg,JDN-2010-MS-VTI-p28,,,
VTI,Cnj,VTI_aa,ayaan,ayaa,2PlSubj,0PlObj,Neu,Neg,ayaanziweg,<<ayaa>>nziweg,JDN-2010-MS-VTI-p28,,,
VTI,Cnj,VTI_aa,ayaan,ayaa,2SgSubj,0SgObj,Neu,Neg,ayaanziwan,<<ayaa>>nziwan,JDN-2010-MS-VTI-p28,,,
VTI,Cnj,VTI_aa,ayaan,ayaa,2SgSubj,0PlObj,Neu,Neg,ayaanziwan,<<ayaa>>nziwan,JDN-2010-MS-VTI-p28,,,
VTI,Cnj,VTI_aa,ayaan,ayaa,3PlProxSubj,0SgObj,Neu,Neg,ayaanzigwaa,<<ayaa>>nzigwaa,JDN-2010-MS-VTI-p28,,,
VTI,Cnj,VTI_aa,ayaan,ayaa,3PlProxSubj,0PlObj,Neu,Neg,ayaanzigwaa,<<ayaa>>nzigwaa,JDN-2010-MS-VTI-p28,,,
VTI,Cnj,VTI_aa,ayaan,ayaa,3SgObvSubj,0SgObj,Neu,Neg,ayaanzinig,<<ayaa>>nzinig,JDN-2010-MS-VTI-p28,,,
VTI,Cnj,VTI_aa,ayaan,ayaa,3SgObvSubj,0PlObj,Neu,Neg,ayaanzinig,<<ayaa>>nzinig,JDN-2010-MS-VTI-p28,,,
VTI,Cnj,VTI_aa,ayaan,ayaa,3PlObvSubj,0SgObj,Neu,Neg,ayaanzinig,<<ayaa>>nzinig,JDN-2010-MS-VTI-p28,,,
VTI,Cnj,VTI_aa,ayaan,ayaa,3PlObvSubj,0PlObj,Neu,Neg,ayaanzinig,<<ayaa>>nzinig,JDN-2010-MS-VTI-p28,,,
VTI,Cnj,VTI_aa,ayaan,ayaa,3SgProxSubj,0SgObj,Neu,Neg,ayaanzig,<<ayaa>>nzig,JDN-2010-MS-VTI-p28,,,
VTI,Cnj,VTI_aa,ayaan,ayaa,3SgProxSubj,0PlObj,Neu,Neg,ayaanzig,<<ayaa>>nzig,JDN-2010-MS-VTI-p28,,,
VTI,Cnj,VTI_aa,ayaan,ayaa,ExclSubj,0SgObj,Neu,Neg,ayaanziwaang,<<ayaa>>nziwaang,JDN-2010-MS-VTI-p28,,,
VTI,Cnj,VTI_aa,ayaan,ayaa,ExclSubj,0PlObj,Neu,Neg,ayaanziwaang,<<ayaa>>nziwaang,JDN-2010-MS-VTI-p28,,,
VTI,Cnj,VTI_aa,ayaan,ayaa,InclSubj,0SgObj,Neu,Neg,ayaanziwang,<<ayaa>>nziwang,JDN-2010-MS-VTI-p28,,,
VTI,Cnj,VTI_aa,ayaan,ayaa,InclSubj,0PlObj,Neu,Neg,ayaanziwang,<<ayaa>>nziwang,JDN-2010-MS-VTI-p28,,,
VTI,Cnj,VTI_aa,ayaan,ayaa,XSubj,0SgObj,Neu,Neg,MISSING,,,,,
VTI,Cnj,VTI_aa,ayaan,ayaa,XSubj,0PlObj,Neu,Neg,MISSING,,,,,
VTI,Cnj,VTI_aa,ayaan,ayaa,1SgSubj,0SgObj,Prt,Pos,MISSING,,,,,
VTI,Cnj,VTI_aa,ayaan,ayaa,1SgSubj,0PlObj,Prt,Pos,MISSING,,,,,
VTI,Cnj,VTI_aa,ayaan,ayaa,2PlSubj,0SgObj,Prt,Pos,MISSING,,,,,
VTI,Cnj,VTI_aa,ayaan,ayaa,2PlSubj,0PlObj,Prt,Pos,MISSING,,,,,
VTI,Cnj,VTI_aa,ayaan,ayaa,2SgSubj,0SgObj,Prt,Pos,MISSING,,,,,
VTI,Cnj,VTI_aa,ayaan,ayaa,2SgSubj,0PlObj,Prt,Pos,MISSING,,,,,
VTI,Cnj,VTI_aa,ayaan,ayaa,3PlProxSubj,0SgObj,Prt,Pos,MISSING,,,,,
VTI,Cnj,VTI_aa,ayaan,ayaa,3PlProxSubj,0PlObj,Prt,Pos,MISSING,,,,,
VTI,Cnj,VTI_aa,ayaan,ayaa,3SgObvSubj,0SgObj,Prt,Pos,MISSING,,,,,
VTI,Cnj,VTI_aa,ayaan,ayaa,3SgObvSubj,0PlObj,Prt,Pos,MISSING,,,,,
VTI,Cnj,VTI_aa,ayaan,ayaa,3PlObvSubj,0SgObj,Prt,Pos,MISSING,,,,,
VTI,Cnj,VTI_aa,ayaan,ayaa,3PlObvSubj,0PlObj,Prt,Pos,MISSING,,,,,
VTI,Cnj,VTI_aa,ayaan,ayaa,3SgProxSubj,0SgObj,Prt,Pos,MISSING,,,,,
VTI,Cnj,VTI_aa,ayaan,ayaa,3SgProxSubj,0PlObj,Prt,Pos,MISSING,,,,,
VTI,Cnj,VTI_aa,ayaan,ayaa,ExclSubj,0SgObj,Prt,Pos,MISSING,,,,,
VTI,Cnj,VTI_aa,ayaan,ayaa,ExclSubj,0PlObj,Prt,Pos,MISSING,,,,,
VTI,Cnj,VTI_aa,ayaan,ayaa,InclSubj,0SgObj,Prt,Pos,MISSING,,,,,
VTI,Cnj,VTI_aa,ayaan,ayaa,InclSubj,0PlObj,Prt,Pos,MISSING,,,,,
VTI,Cnj,VTI_aa,ayaan,ayaa,XSubj,0SgObj,Prt,Pos,MISSING,,,,,
VTI,Cnj,VTI_aa,ayaan,ayaa,XSubj,0PlObj,Prt,Pos,MISSING,,,,,
VTI,Cnj,VTI_aa,ayaan,ayaa,1SgSubj,0SgObj,Prt,Neg,MISSING,,,,,
VTI,Cnj,VTI_aa,ayaan,ayaa,1SgSubj,0PlObj,Prt,Neg,MISSING,,,,,
VTI,Cnj,VTI_aa,ayaan,ayaa,2PlSubj,0SgObj,Prt,Neg,MISSING,,,,,
VTI,Cnj,VTI_aa,ayaan,ayaa,2PlSubj,0PlObj,Prt,Neg,MISSING,,,,,
VTI,Cnj,VTI_aa,ayaan,ayaa,2SgSubj,0SgObj,Prt,Neg,MISSING,,,,,
VTI,Cnj,VTI_aa,ayaan,ayaa,2SgSubj,0PlObj,Prt,Neg,MISSING,,,,,
VTI,Cnj,VTI_aa,ayaan,ayaa,3PlProxSubj,0SgObj,Prt,Neg,MISSING,,,,,
VTI,Cnj,VTI_aa,ayaan,ayaa,3PlProxSubj,0PlObj,Prt,Neg,MISSING,,,,,
VTI,Cnj,VTI_aa,ayaan,ayaa,3SgObvSubj,0SgObj,Prt,Neg,MISSING,,,,,
VTI,Cnj,VTI_aa,ayaan,ayaa,3SgObvSubj,0PlObj,Prt,Neg,MISSING,,,,,
VTI,Cnj,VTI_aa,ayaan,ayaa,3PlObvSubj,0SgObj,Prt,Neg,MISSING,,,,,
VTI,Cnj,VTI_aa,ayaan,ayaa,3PlObvSubj,0PlObj,Prt,Neg,MISSING,,,,,
VTI,Cnj,VTI_aa,ayaan,ayaa,3SgProxSubj,0SgObj,Prt,Neg,MISSING,,,,,
VTI,Cnj,VTI_aa,ayaan,ayaa,3SgProxSubj,0PlObj,Prt,Neg,MISSING,,,,,
VTI,Cnj,VTI_aa,ayaan,ayaa,ExclSubj,0SgObj,Prt,Neg,MISSING,,,,,
VTI,Cnj,VTI_aa,ayaan,ayaa,ExclSubj,0PlObj,Prt,Neg,MISSING,,,,,
VTI,Cnj,VTI_aa,ayaan,ayaa,InclSubj,0SgObj,Prt,Neg,MISSING,,,,,
VTI,Cnj,VTI_aa,ayaan,ayaa,InclSubj,0PlObj,Prt,Neg,MISSING,,,,,
VTI,Cnj,VTI_aa,ayaan,ayaa,XSubj,0SgObj,Prt,Neg,MISSING,,,,,
VTI,Cnj,VTI_aa,ayaan,ayaa,XSubj,0PlObj,Prt,Neg,MISSING,,,,,
VTI,Cnj,VTI_aa,ayaan,ayaa,1SgSubj,0SgObj,Dub,Pos,MISSING,,,,,
VTI,Cnj,VTI_aa,ayaan,ayaa,1SgSubj,0PlObj,Dub,Pos,MISSING,,,,,
VTI,Cnj,VTI_aa,ayaan,ayaa,2PlSubj,0SgObj,Dub,Pos,MISSING,,,,,
VTI,Cnj,VTI_aa,ayaan,ayaa,2PlSubj,0PlObj,Dub,Pos,MISSING,,,,,
VTI,Cnj,VTI_aa,ayaan,ayaa,2SgSubj,0SgObj,Dub,Pos,MISSING,,,,,
VTI,Cnj,VTI_aa,ayaan,ayaa,2SgSubj,0PlObj,Dub,Pos,MISSING,,,,,
VTI,Cnj,VTI_aa,ayaan,ayaa,3PlProxSubj,0SgObj,Dub,Pos,MISSING,,,,,
VTI,Cnj,VTI_aa,ayaan,ayaa,3PlProxSubj,0PlObj,Dub,Pos,MISSING,,,,,
VTI,Cnj,VTI_aa,ayaan,ayaa,3SgObvSubj,0SgObj,Dub,Pos,MISSING,,,,,
VTI,Cnj,VTI_aa,ayaan,ayaa,3SgObvSubj,0PlObj,Dub,Pos,MISSING,,,,,
VTI,Cnj,VTI_aa,ayaan,ayaa,3PlObvSubj,0SgObj,Dub,Pos,MISSING,,,,,
VTI,Cnj,VTI_aa,ayaan,ayaa,3PlObvSubj,0PlObj,Dub,Pos,MISSING,,,,,
VTI,Cnj,VTI_aa,ayaan,ayaa,3SgProxSubj,0SgObj,Dub,Pos,MISSING,,,,,
VTI,Cnj,VTI_aa,ayaan,ayaa,3SgProxSubj,0PlObj,Dub,Pos,MISSING,,,,,
VTI,Cnj,VTI_aa,ayaan,ayaa,ExclSubj,0SgObj,Dub,Pos,MISSING,,,,,
VTI,Cnj,VTI_aa,ayaan,ayaa,ExclSubj,0PlObj,Dub,Pos,MISSING,,,,,
VTI,Cnj,VTI_aa,ayaan,ayaa,InclSubj,0SgObj,Dub,Pos,MISSING,,,,,
VTI,Cnj,VTI_aa,ayaan,ayaa,InclSubj,0PlObj,Dub,Pos,MISSING,,,,,
VTI,Cnj,VTI_aa,ayaan,ayaa,XSubj,0SgObj,Dub,Pos,MISSING,,,,,
VTI,Cnj,VTI_aa,ayaan,ayaa,XSubj,0PlObj,Dub,Pos,MISSING,,,,,
VTI,Cnj,VTI_aa,ayaan,ayaa,1SgSubj,0SgObj,Dub,Neg,MISSING,,,,,
VTI,Cnj,VTI_aa,ayaan,ayaa,1SgSubj,0PlObj,Dub,Neg,MISSING,,,,,
VTI,Cnj,VTI_aa,ayaan,ayaa,2PlSubj,0SgObj,Dub,Neg,MISSING,,,,,
VTI,Cnj,VTI_aa,ayaan,ayaa,2PlSubj,0PlObj,Dub,Neg,MISSING,,,,,
VTI,Cnj,VTI_aa,ayaan,ayaa,2SgSubj,0SgObj,Dub,Neg,MISSING,,,,,
VTI,Cnj,VTI_aa,ayaan,ayaa,2SgSubj,0PlObj,Dub,Neg,MISSING,,,,,
VTI,Cnj,VTI_aa,ayaan,ayaa,3PlProxSubj,0SgObj,Dub,Neg,MISSING,,,,,
VTI,Cnj,VTI_aa,ayaan,ayaa,3PlProxSubj,0PlObj,Dub,Neg,MISSING,,,,,
VTI,Cnj,VTI_aa,ayaan,ayaa,3SgObvSubj,0SgObj,Dub,Neg,MISSING,,,,,
VTI,Cnj,VTI_aa,ayaan,ayaa,3SgObvSubj,0PlObj,Dub,Neg,MISSING,,,,,
VTI,Cnj,VTI_aa,ayaan,ayaa,3PlObvSubj,0SgObj,Dub,Neg,MISSING,,,,,
VTI,Cnj,VTI_aa,ayaan,ayaa,3PlObvSubj,0PlObj,Dub,Neg,MISSING,,,,,
VTI,Cnj,VTI_aa,ayaan,ayaa,3SgProxSubj,0SgObj,Dub,Neg,MISSING,,,,,
VTI,Cnj,VTI_aa,ayaan,ayaa,3SgProxSubj,0PlObj,Dub,Neg,MISSING,,,,,
VTI,Cnj,VTI_aa,ayaan,ayaa,ExclSubj,0SgObj,Dub,Neg,MISSING,,,,,
VTI,Cnj,VTI_aa,ayaan,ayaa,ExclSubj,0PlObj,Dub,Neg,MISSING,,,,,
VTI,Cnj,VTI_aa,ayaan,ayaa,InclSubj,0SgObj,Dub,Neg,MISSING,,,,,
VTI,Cnj,VTI_aa,ayaan,ayaa,InclSubj,0PlObj,Dub,Neg,MISSING,,,,,
VTI,Cnj,VTI_aa,ayaan,ayaa,XSubj,0SgObj,Dub,Neg,MISSING,,,,,
VTI,Cnj,VTI_aa,ayaan,ayaa,XSubj,0PlObj,Dub,Neg,MISSING,,,,,
VTI,Cnj,VTI_aa,ayaan,ayaa,1SgSubj,0SgObj,DubPrt,Pos,MISSING,,,,,
VTI,Cnj,VTI_aa,ayaan,ayaa,1SgSubj,0PlObj,DubPrt,Pos,MISSING,,,,,
VTI,Cnj,VTI_aa,ayaan,ayaa,2PlSubj,0SgObj,DubPrt,Pos,MISSING,,,,,
VTI,Cnj,VTI_aa,ayaan,ayaa,2PlSubj,0PlObj,DubPrt,Pos,MISSING,,,,,
VTI,Cnj,VTI_aa,ayaan,ayaa,2SgSubj,0SgObj,DubPrt,Pos,MISSING,,,,,
VTI,Cnj,VTI_aa,ayaan,ayaa,2SgSubj,0PlObj,DubPrt,Pos,MISSING,,,,,
VTI,Cnj,VTI_aa,ayaan,ayaa,3PlProxSubj,0SgObj,DubPrt,Pos,MISSING,,,,,
VTI,Cnj,VTI_aa,ayaan,ayaa,3PlProxSubj,0PlObj,DubPrt,Pos,MISSING,,,,,
VTI,Cnj,VTI_aa,ayaan,ayaa,3SgObvSubj,0SgObj,DubPrt,Pos,MISSING,,,,,
VTI,Cnj,VTI_aa,ayaan,ayaa,3SgObvSubj,0PlObj,DubPrt,Pos,MISSING,,,,,
VTI,Cnj,VTI_aa,ayaan,ayaa,3PlObvSubj,0SgObj,DubPrt,Pos,MISSING,,,,,
VTI,Cnj,VTI_aa,ayaan,ayaa,3PlObvSubj,0PlObj,DubPrt,Pos,MISSING,,,,,
VTI,Cnj,VTI_aa,ayaan,ayaa,3SgProxSubj,0SgObj,DubPrt,Pos,MISSING,,,,,
VTI,Cnj,VTI_aa,ayaan,ayaa,3SgProxSubj,0PlObj,DubPrt,Pos,MISSING,,,,,
VTI,Cnj,VTI_aa,ayaan,ayaa,ExclSubj,0SgObj,DubPrt,Pos,MISSING,,,,,
VTI,Cnj,VTI_aa,ayaan,ayaa,ExclSubj,0PlObj,DubPrt,Pos,MISSING,,,,,
VTI,Cnj,VTI_aa,ayaan,ayaa,InclSubj,0SgObj,DubPrt,Pos,MISSING,,,,,
VTI,Cnj,VTI_aa,ayaan,ayaa,InclSubj,0PlObj,DubPrt,Pos,MISSING,,,,,
VTI,Cnj,VTI_aa,ayaan,ayaa,XSubj,0SgObj,DubPrt,Pos,MISSING,,,,,
VTI,Cnj,VTI_aa,ayaan,ayaa,XSubj,0PlObj,DubPrt,Pos,MISSING,,,,,
VTI,Cnj,VTI_aa,ayaan,ayaa,1SgSubj,0SgObj,DubPrt,Neg,MISSING,,,,,
VTI,Cnj,VTI_aa,ayaan,ayaa,1SgSubj,0PlObj,DubPrt,Neg,MISSING,,,,,
VTI,Cnj,VTI_aa,ayaan,ayaa,2PlSubj,0SgObj,DubPrt,Neg,MISSING,,,,,
VTI,Cnj,VTI_aa,ayaan,ayaa,2PlSubj,0PlObj,DubPrt,Neg,MISSING,,,,,
VTI,Cnj,VTI_aa,ayaan,ayaa,2SgSubj,0SgObj,DubPrt,Neg,MISSING,,,,,
VTI,Cnj,VTI_aa,ayaan,ayaa,2SgSubj,0PlObj,DubPrt,Neg,MISSING,,,,,
VTI,Cnj,VTI_aa,ayaan,ayaa,3PlProxSubj,0SgObj,DubPrt,Neg,MISSING,,,,,
VTI,Cnj,VTI_aa,ayaan,ayaa,3PlProxSubj,0PlObj,DubPrt,Neg,MISSING,,,,,
VTI,Cnj,VTI_aa,ayaan,ayaa,3SgObvSubj,0SgObj,DubPrt,Neg,MISSING,,,,,
VTI,Cnj,VTI_aa,ayaan,ayaa,3SgObvSubj,0PlObj,DubPrt,Neg,MISSING,,,,,
VTI,Cnj,VTI_aa,ayaan,ayaa,3PlObvSubj,0SgObj,DubPrt,Neg,MISSING,,,,,
VTI,Cnj,VTI_aa,ayaan,ayaa,3PlObvSubj,0PlObj,DubPrt,Neg,MISSING,,,,,
VTI,Cnj,VTI_aa,ayaan,ayaa,3SgProxSubj,0SgObj,DubPrt,Neg,MISSING,,,,,
VTI,Cnj,VTI_aa,ayaan,ayaa,3SgProxSubj,0PlObj,DubPrt,Neg,MISSING,,,,,
VTI,Cnj,VTI_aa,ayaan,ayaa,ExclSubj,0SgObj,DubPrt,Neg,MISSING,,,,,
VTI,Cnj,VTI_aa,ayaan,ayaa,ExclSubj,0PlObj,DubPrt,Neg,MISSING,,,,,
VTI,Cnj,VTI_aa,ayaan,ayaa,InclSubj,0SgObj,DubPrt,Neg,MISSING,,,,,
VTI,Cnj,VTI_aa,ayaan,ayaa,InclSubj,0PlObj,DubPrt,Neg,MISSING,,,,,
VTI,Cnj,VTI_aa,ayaan,ayaa,XSubj,0SgObj,DubPrt,Neg,MISSING,,,,,
VTI,Cnj,VTI_aa,ayaan,ayaa,XSubj,0PlObj,DubPrt,Neg,MISSING,,,,,
VTI,Cnj,VTI_i,miijin,miiji,1SgSubj,0SgObj,Neu,Pos,miijiyaan,<<miiji>>yaan,JDN-2010-MS-VTI-p27,,,
VTI,Cnj,VTI_i,miijin,miiji,1SgSubj,0PlObj,Neu,Pos,miijiyaan,<<miiji>>yaan,JDN-2010-MS-VTI-p27,,,
VTI,Cnj,VTI_i,miijin,miiji,2PlSubj,0SgObj,Neu,Pos,miijiyeg,<<miiji>>yeg,JDN-2010-MS-VTI-p27,,,
VTI,Cnj,VTI_i,miijin,miiji,2PlSubj,0PlObj,Neu,Pos,miijiyeg,<<miiji>>yeg,JDN-2010-MS-VTI-p27,,,
VTI,Cnj,VTI_i,miijin,miiji,2SgSubj,0SgObj,Neu,Pos,miijiyan,<<miiji>>yan,JDN-2010-MS-VTI-p27,,,
VTI,Cnj,VTI_i,miijin,miiji,2SgSubj,0PlObj,Neu,Pos,miijiyan,<<miiji>>yan,JDN-2010-MS-VTI-p27,,,
VTI,Cnj,VTI_i,miijin,miiji,3PlProxSubj,0SgObj,Neu,Pos,miijiwaad,<<miiji>>waad,JDN-2010-MS-VTI-p27,,,
VTI,Cnj,VTI_i,miijin,miiji,3PlProxSubj,0PlObj,Neu,Pos,miijiwaad,<<miiji>>waad,JDN-2010-MS-VTI-p27,,,
VTI,Cnj,VTI_i,miijin,miiji,3SgObvSubj,0SgObj,Neu,Pos,miijinid,<<miiji>>nid,JDN-2010-MS-VTI-p27,,,
VTI,Cnj,VTI_i,miijin,miiji,3SgObvSubj,0PlObj,Neu,Pos,miijinid,<<miiji>>nid,JDN-2010-MS-VTI-p27,,,
VTI,Cnj,VTI_i,miijin,miiji,3PlObvSubj,0SgObj,Neu,Pos,miijinid,<<miiji>>nid,JDN-2010-MS-VTI-p27,,,
VTI,Cnj,VTI_i,miijin,miiji,3PlObvSubj,0PlObj,Neu,Pos,miijinid,<<miiji>>nid,JDN-2010-MS-VTI-p27,,,
VTI,Cnj,VTI_i,miijin,miiji,3SgProxSubj,0SgObj,Neu,Pos,miijid,<<miiji>>d,JDN-2010-MS-VTI-p27,,,
VTI,Cnj,VTI_i,miijin,miiji,3SgProxSubj,0PlObj,Neu,Pos,miijid,<<miiji>>d,JDN-2010-MS-VTI-p27,,,
VTI,Cnj,VTI_i,miijin,miiji,ExclSubj,0SgObj,Neu,Pos,miijiyaang,<<miiji>>yaang,JDN-2010-MS-VTI-p27,,,
VTI,Cnj,VTI_i,miijin,miiji,ExclSubj,0PlObj,Neu,Pos,miijiyaang,<<miiji>>yaang,JDN-2010-MS-VTI-p27,,,
VTI,Cnj,VTI_i,miijin,miiji,InclSubj,0SgObj,Neu,Pos,miijiyang,<<miiji>>yang,JDN-2010-MS-VTI-p27,,,
VTI,Cnj,VTI_i,miijin,miiji,InclSubj,0PlObj,Neu,Pos,miijiyang,<<miiji>>yang,JDN-2010-MS-VTI-p27,,,
VTI,Cnj,VTI_i,miijin,miiji,XSubj,0SgObj,Neu,Pos,miijing,<<miiji>>ng,JDN-2010-MS-VTI-p27,,,
VTI,Cnj,VTI_i,miijin,miiji,XSubj,0PlObj,Neu,Pos,miijing,<<miiji>>ng,JDN-2010-MS-VTI-p27,,,
VTI,Cnj,VTI_i,miijin,miiji,1SgSubj,0SgObj,Neu,Neg,miijisiwaan,<<miiji>>siwaan,JDN-2010-MS-VTI-p28,,,
VTI,Cnj,VTI_i,miijin,miiji,1SgSubj,0PlObj,Neu,Neg,miijisiwaan,<<miiji>>siwaan,JDN-2010-MS-VTI-p28,,,
VTI,Cnj,VTI_i,miijin,miiji,2PlSubj,0SgObj,Neu,Neg,miijisiweg,<<miiji>>siweg,JDN-2010-MS-VTI-p28,,,
VTI,Cnj,VTI_i,miijin,miiji,2PlSubj,0PlObj,Neu,Neg,miijisiweg,<<miiji>>siweg,JDN-2010-MS-VTI-p28,,,
VTI,Cnj,VTI_i,miijin,miiji,2SgSubj,0SgObj,Neu,Neg,miijisiwan,<<miiji>>siwan,JDN-2010-MS-VTI-p28,,,
VTI,Cnj,VTI_i,miijin,miiji,2SgSubj,0PlObj,Neu,Neg,miijisiwan,<<miiji>>siwan,JDN-2010-MS-VTI-p28,,,
VTI,Cnj,VTI_i,miijin,miiji,3PlProxSubj,0SgObj,Neu,Neg,miijisigwaa,<<miiji>>sigwaa,JDN-2010-MS-VTI-p28,,,
VTI,Cnj,VTI_i,miijin,miiji,3PlProxSubj,0PlObj,Neu,Neg,miijisigwaa,<<miiji>>sigwaa,JDN-2010-MS-VTI-p28,,,
VTI,Cnj,VTI_i,miijin,miiji,3SgObvSubj,0SgObj,Neu,Neg,miijisinig,<<miiji>>sinig,JDN-2010-MS-VTI-p28,,,
VTI,Cnj,VTI_i,miijin,miiji,3SgObvSubj,0PlObj,Neu,Neg,miijisinig,<<miiji>>sinig,JDN-2010-MS-VTI-p28,,,
VTI,Cnj,VTI_i,miijin,miiji,3PlObvSubj,0SgObj,Neu,Neg,miijisinig,<<miiji>>sinig,JDN-2010-MS-VTI-p28,,,
VTI,Cnj,VTI_i,miijin,miiji,3PlObvSubj,0PlObj,Neu,Neg,miijisinig,<<miiji>>sinig,JDN-2010-MS-VTI-p28,,,
VTI,Cnj,VTI_i,miijin,miiji,3SgProxSubj,0SgObj,Neu,Neg,miijisig,<<miiji>>sig,JDN-2010-MS-VTI-p28,,,
VTI,Cnj,VTI_i,miijin,miiji,3SgProxSubj,0PlObj,Neu,Neg,miijisig,<<miiji>>sig,JDN-2010-MS-VTI-p28,,,
VTI,Cnj,VTI_i,miijin,miiji,ExclSubj,0SgObj,Neu,Neg,miijisiwaang,<<miiji>>siwaang,JDN-2010-MS-VTI-p28,,,
VTI,Cnj,VTI_i,miijin,miiji,ExclSubj,0PlObj,Neu,Neg,miijisiwaang,<<miiji>>siwaang,JDN-2010-MS-VTI-p28,,,
VTI,Cnj,VTI_i,miijin,miiji,InclSubj,0SgObj,Neu,Neg,miijisiwang,<<miiji>>siwang,JDN-2010-MS-VTI-p28,,,
VTI,Cnj,VTI_i,miijin,miiji,InclSubj,0PlObj,Neu,Neg,miijisiwang,<<miiji>>siwang,JDN-2010-MS-VTI-p28,,,
VTI,Cnj,VTI_i,miijin,miiji,XSubj,0SgObj,Neu,Neg,miijising,<<miiji>>sing,JDN-2010-MS-VTI-p28,,,
VTI,Cnj,VTI_i,miijin,miiji,XSubj,0PlObj,Neu,Neg,miijising,<<miiji>>sing,JDN-2010-MS-VTI-p28,,,
VTI,Cnj,VTI_i,miijin,miiji,1SgSubj,0SgObj,Prt,Pos,miijiyaambaan,<<miiji>>yaambaan,JDN-2010-MS-VTI-p31,,,
VTI,Cnj,VTI_i,miijin,miiji,1SgSubj,0PlObj,Prt,Pos,miijiyaambaan,<<miiji>>yaambaan,JDN-2010-MS-VTI-p31,,,
VTI,Cnj,VTI_i,miijin,miiji,2PlSubj,0SgObj,Prt,Pos,miijiyegiban,<<miiji>>yegiban,JDN-2010-MS-VTI-p31,miijiyegoban,<<miiji>>yegoban,JDN-2010-MS-VTI-p31
VTI,Cnj,VTI_i,miijin,miiji,2PlSubj,0PlObj,Prt,Pos,miijiyegiban,<<miiji>>yegiban,JDN-2010-MS-VTI-p31,miijiyegoban,<<miiji>>yegoban,JDN-2010-MS-VTI-p31
VTI,Cnj,VTI_i,miijin,miiji,2SgSubj,0SgObj,Prt,Pos,miijiyamban,<<miiji>>yamban,JDN-2010-MS-VTI-p31,,,
VTI,Cnj,VTI_i,miijin,miiji,2SgSubj,0PlObj,Prt,Pos,miijiyamban,<<miiji>>yamban,JDN-2010-MS-VTI-p31,,,
VTI,Cnj,VTI_i,miijin,miiji,3PlProxSubj,0SgObj,Prt,Pos,miijiwaapan,<<miiji>>waapan,JDN-2010-MS-VTI-p31,,,
VTI,Cnj,VTI_i,miijin,miiji,3PlProxSubj,0PlObj,Prt,Pos,miijiwaapan,<<miiji>>waapan,JDN-2010-MS-VTI-p31,,,
VTI,Cnj,VTI_i,miijin,miiji,3SgObvSubj,0SgObj,Prt,Pos,miijinipan,<<miiji>>nipan,JDN-2010-MS-VTI-p31,,,
VTI,Cnj,VTI_i,miijin,miiji,3SgObvSubj,0PlObj,Prt,Pos,miijinipan,<<miiji>>nipan,JDN-2010-MS-VTI-p31,,,
VTI,Cnj,VTI_i,miijin,miiji,3PlObvSubj,0SgObj,Prt,Pos,miijinipan,<<miiji>>nipan,JDN-2010-MS-VTI-p31,,,
VTI,Cnj,VTI_i,miijin,miiji,3PlObvSubj,0PlObj,Prt,Pos,miijinipan,<<miiji>>nipan,JDN-2010-MS-VTI-p31,,,
VTI,Cnj,VTI_i,miijin,miiji,3SgProxSubj,0SgObj,Prt,Pos,miijipan,<<miiji>>pan,JDN-2010-MS-VTI-p31,,,
VTI,Cnj,VTI_i,miijin,miiji,3SgProxSubj,0PlObj,Prt,Pos,miijipan,<<miiji>>pan,JDN-2010-MS-VTI-p31,,,
VTI,Cnj,VTI_i,miijin,miiji,ExclSubj,0SgObj,Prt,Pos,miijiyaangiban,<<miiji>>yaangiban,JDN-2010-MS-VTI-p31,,,
VTI,Cnj,VTI_i,miijin,miiji,ExclSubj,0PlObj,Prt,Pos,miijiyaangiban,<<miiji>>yaangiban,JDN-2010-MS-VTI-p31,,,
VTI,Cnj,VTI_i,miijin,miiji,InclSubj,0SgObj,Prt,Pos,miijiyangiban,<<miiji>>yangiban,JDN-2010-MS-VTI-p31,,,
VTI,Cnj,VTI_i,miijin,miiji,InclSubj,0PlObj,Prt,Pos,miijiyangiban,<<miiji>>yangiban,JDN-2010-MS-VTI-p31,,,
VTI,Cnj,VTI_i,miijin,miiji,XSubj,0SgObj,Prt,Pos,miijingiban,<<miiji>>ngiban,JDN-2010-MS-VTI-p31,,,
VTI,Cnj,VTI_i,miijin,miiji,XSubj,0PlObj,Prt,Pos,miijingiban,<<miiji>>ngiban,JDN-2010-MS-VTI-p31,,,
VTI,Cnj,VTI_i,miijin,miiji,1SgSubj,0SgObj,Prt,Neg,miijisiwaambaan,<<miiji>>siwaambaan,JDN-2010-MS-VTI-p32,,,
VTI,Cnj,VTI_i,miijin,miiji,1SgSubj,0PlObj,Prt,Neg,miijisiwaambaan,<<miiji>>siwaambaan,JDN-2010-MS-VTI-p32,,,
VTI,Cnj,VTI_i,miijin,miiji,2PlSubj,0SgObj,Prt,Neg,miijisiwegiban,<<miiji>>siwegiban,JDN-2010-MS-VTI-p32,miijisiwegoban,<<miiji>>siwegoban,JDN-2010-MS-VTI-p32
VTI,Cnj,VTI_i,miijin,miiji,2PlSubj,0PlObj,Prt,Neg,miijisiwegiban,<<miiji>>siwegiban,JDN-2010-MS-VTI-p32,miijisiwegoban,<<miiji>>siwegoban,JDN-2010-MS-VTI-p32
VTI,Cnj,VTI_i,miijin,miiji,2SgSubj,0SgObj,Prt,Neg,miijisiwamban,<<miiji>>siwamban,JDN-2010-MS-VTI-p32,,,
VTI,Cnj,VTI_i,miijin,miiji,2SgSubj,0PlObj,Prt,Neg,miijisiwamban,<<miiji>>siwamban,JDN-2010-MS-VTI-p32,,,
VTI,Cnj,VTI_i,miijin,miiji,3PlProxSubj,0SgObj,Prt,Neg,miijisigwaaban,<<miiji>>sigwaaban,JDN-2010-MS-VTI-p32,,,
VTI,Cnj,VTI_i,miijin,miiji,3PlProxSubj,0PlObj,Prt,Neg,miijisigwaaban,<<miiji>>sigwaaban,JDN-2010-MS-VTI-p32,,,
VTI,Cnj,VTI_i,miijin,miiji,3SgObvSubj,0SgObj,Prt,Neg,miijisinigoban,<<miiji>>sinigoban,JDN-2010-MS-VTI-p32,,,
VTI,Cnj,VTI_i,miijin,miiji,3SgObvSubj,0PlObj,Prt,Neg,miijisinigoban,<<miiji>>sinigoban,JDN-2010-MS-VTI-p32,,,
VTI,Cnj,VTI_i,miijin,miiji,3PlObvSubj,0SgObj,Prt,Neg,miijisinigoban,<<miiji>>sinigoban,JDN-2010-MS-VTI-p32,,,
VTI,Cnj,VTI_i,miijin,miiji,3PlObvSubj,0PlObj,Prt,Neg,miijisinigoban,<<miiji>>sinigoban,JDN-2010-MS-VTI-p32,,,
VTI,Cnj,VTI_i,miijin,miiji,3SgProxSubj,0SgObj,Prt,Neg,miijisigoban,<<miiji>>sigoban,JDN-2010-MS-VTI-p32,,,
VTI,Cnj,VTI_i,miijin,miiji,3SgProxSubj,0PlObj,Prt,Neg,miijisigoban,<<miiji>>sigoban,JDN-2010-MS-VTI-p32,,,
VTI,Cnj,VTI_i,miijin,miiji,ExclSubj,0SgObj,Prt,Neg,miijisiwaangiban,<<miiji>>siwaangiban,JDN-2010-MS-VTI-p32,,,
VTI,Cnj,VTI_i,miijin,miiji,ExclSubj,0PlObj,Prt,Neg,miijisiwaangiban,<<miiji>>siwaangiban,JDN-2010-MS-VTI-p32,,,
VTI,Cnj,VTI_i,miijin,miiji,InclSubj,0SgObj,Prt,Neg,miijisiwangiban,<<miiji>>siwangiban,JDN-2010-MS-VTI-p32,,,
VTI,Cnj,VTI_i,miijin,miiji,InclSubj,0PlObj,Prt,Neg,miijisiwangiban,<<miiji>>siwangiban,JDN-2010-MS-VTI-p32,,,
VTI,Cnj,VTI_i,miijin,miiji,XSubj,0SgObj,Prt,Neg,miijisingiban,<<miiji>>singiban,JDN-2010-MS-VTI-p32,,,
VTI,Cnj,VTI_i,miijin,miiji,XSubj,0PlObj,Prt,Neg,miijisingiban,<<miiji>>singiban,JDN-2010-MS-VTI-p32,,,
VTI,Cnj,VTI_i,miijin,miiji,1SgSubj,0SgObj,Dub,Pos,miijiwaanen,<<miiji>>waanen,JDN-2010-MS-VTI-p35,,,
VTI,Cnj,VTI_i,miijin,miiji,1SgSubj,0PlObj,Dub,Pos,miijiwaanen,<<miiji>>waanen,JDN-2010-MS-VTI-p35,,,
VTI,Cnj,VTI_i,miijin,miiji,2PlSubj,0SgObj,Dub,Pos,miijiwegwen,<<miiji>>wegwen,JDN-2010-MS-VTI-p35,,,
VTI,Cnj,VTI_i,miijin,miiji,2PlSubj,0PlObj,Dub,Pos,miijiwegwen,<<miiji>>wegwen,JDN-2010-MS-VTI-p35,,,
VTI,Cnj,VTI_i,miijin,miiji,2SgSubj,0SgObj,Dub,Pos,miijiwanen,<<miiji>>wanen,JDN-2010-MS-VTI-p35,,,
VTI,Cnj,VTI_i,miijin,miiji,2SgSubj,0PlObj,Dub,Pos,miijiwanen,<<miiji>>wanen,JDN-2010-MS-VTI-p35,,,
VTI,Cnj,VTI_i,miijin,miiji,3PlProxSubj,0SgObj,Dub,Pos,miijiwaagwen,<<miiji>>waagwen,JDN-2010-MS-VTI-p35,,,
VTI,Cnj,VTI_i,miijin,miiji,3PlProxSubj,0PlObj,Dub,Pos,miijiwaagwen,<<miiji>>waagwen,JDN-2010-MS-VTI-p35,,,
VTI,Cnj,VTI_i,miijin,miiji,3SgObvSubj,0SgObj,Dub,Pos,miijinigwen,<<miiji>>nigwen,JDN-2010-MS-VTI-p35,,,
VTI,Cnj,VTI_i,miijin,miiji,3SgObvSubj,0PlObj,Dub,Pos,miijinigwen,<<miiji>>nigwen,JDN-2010-MS-VTI-p35,,,
VTI,Cnj,VTI_i,miijin,miiji,3PlObvSubj,0SgObj,Dub,Pos,miijinigwen,<<miiji>>nigwen,JDN-2010-MS-VTI-p35,,,
VTI,Cnj,VTI_i,miijin,miiji,3PlObvSubj,0PlObj,Dub,Pos,miijinigwen,<<miiji>>nigwen,JDN-2010-MS-VTI-p35,,,
VTI,Cnj,VTI_i,miijin,miiji,3SgProxSubj,0SgObj,Dub,Pos,miijigwen,<<miiji>>gwen,JDN-2010-MS-VTI-p35,,,
VTI,Cnj,VTI_i,miijin,miiji,3SgProxSubj,0PlObj,Dub,Pos,miijigwen,<<miiji>>gwen,JDN-2010-MS-VTI-p35,,,
VTI,Cnj,VTI_i,miijin,miiji,ExclSubj,0SgObj,Dub,Pos,miijiwaangen,<<miiji>>waangen,JDN-2010-MS-VTI-p35,,,
VTI,Cnj,VTI_i,miijin,miiji,ExclSubj,0PlObj,Dub,Pos,miijiwaangen,<<miiji>>waangen,JDN-2010-MS-VTI-p35,,,
VTI,Cnj,VTI_i,miijin,miiji,InclSubj,0SgObj,Dub,Pos,miijiwangen,<<miiji>>wangen,JDN-2010-MS-VTI-p35,,,
VTI,Cnj,VTI_i,miijin,miiji,InclSubj,0PlObj,Dub,Pos,miijiwangen,<<miiji>>wangen,JDN-2010-MS-VTI-p35,,,
VTI,Cnj,VTI_i,miijin,miiji,XSubj,0SgObj,Dub,Pos,miijiwiingen,<<miiji>>wiingen,JDN-2010-MS-VTI-p35,,,
VTI,Cnj,VTI_i,miijin,miiji,XSubj,0PlObj,Dub,Pos,miijiwiingen,<<miiji>>wiingen,JDN-2010-MS-VTI-p35,,,
VTI,Cnj,VTI_i,miijin,miiji,1SgSubj,0SgObj,Dub,Neg,miijisiiwaanen,<<miiji>>siiwaanen,JDN-2010-MS-VTI-p36,,,
VTI,Cnj,VTI_i,miijin,miiji,1SgSubj,0PlObj,Dub,Neg,miijisiiwaanen,<<miiji>>siiwaanen,JDN-2010-MS-VTI-p36,,,
VTI,Cnj,VTI_i,miijin,miiji,2PlSubj,0SgObj,Dub,Neg,miijisiiwegwen,<<miiji>>siiwegwen,JDN-2010-MS-VTI-p36,,,
VTI,Cnj,VTI_i,miijin,miiji,2PlSubj,0PlObj,Dub,Neg,miijisiiwegwen,<<miiji>>siiwegwen,JDN-2010-MS-VTI-p36,,,
VTI,Cnj,VTI_i,miijin,miiji,2SgSubj,0SgObj,Dub,Neg,miijisiiwanen,<<miiji>>siiwanen,JDN-2010-MS-VTI-p36,,,
VTI,Cnj,VTI_i,miijin,miiji,2SgSubj,0PlObj,Dub,Neg,miijisiiwanen,<<miiji>>siiwanen,JDN-2010-MS-VTI-p36,,,
VTI,Cnj,VTI_i,miijin,miiji,3PlProxSubj,0SgObj,Dub,Neg,miijisiiwaagwen,<<miiji>>siiwaagwen,JDN-2010-MS-VTI-p36,,,
VTI,Cnj,VTI_i,miijin,miiji,3PlProxSubj,0PlObj,Dub,Neg,miijisiiwaagwen,<<miiji>>siiwaagwen,JDN-2010-MS-VTI-p36,,,
VTI,Cnj,VTI_i,miijin,miiji,3SgObvSubj,0SgObj,Dub,Neg,miijisiinigwen,<<miiji>>siinigwen,JDN-2010-MS-VTI-p36,,,
VTI,Cnj,VTI_i,miijin,miiji,3SgObvSubj,0PlObj,Dub,Neg,miijisiinigwen,<<miiji>>siinigwen,JDN-2010-MS-VTI-p36,,,
VTI,Cnj,VTI_i,miijin,miiji,3PlObvSubj,0SgObj,Dub,Neg,miijisiinigwen,<<miiji>>siinigwen,JDN-2010-MS-VTI-p36,,,
VTI,Cnj,VTI_i,miijin,miiji,3PlObvSubj,0PlObj,Dub,Neg,miijisiinigwen,<<miiji>>siinigwen,JDN-2010-MS-VTI-p36,,,
VTI,Cnj,VTI_i,miijin,miiji,3SgProxSubj,0SgObj,Dub,Neg,miijisiigwen,<<miiji>>siigwen,JDN-2010-MS-VTI-p36,,,
VTI,Cnj,VTI_i,miijin,miiji,3SgProxSubj,0PlObj,Dub,Neg,miijisiigwen,<<miiji>>siigwen,JDN-2010-MS-VTI-p36,,,
VTI,Cnj,VTI_i,miijin,miiji,ExclSubj,0SgObj,Dub,Neg,miijisiiwaangen,<<miiji>>siiwaangen,JDN-2010-MS-VTI-p36,,,
VTI,Cnj,VTI_i,miijin,miiji,ExclSubj,0PlObj,Dub,Neg,miijisiiwaangen,<<miiji>>siiwaangen,JDN-2010-MS-VTI-p36,,,
VTI,Cnj,VTI_i,miijin,miiji,InclSubj,0SgObj,Dub,Neg,miijisiiwangen,<<miiji>>siiwangen,JDN-2010-MS-VTI-p36,,,
VTI,Cnj,VTI_i,miijin,miiji,InclSubj,0PlObj,Dub,Neg,miijisiiwangen,<<miiji>>siiwangen,JDN-2010-MS-VTI-p36,,,
VTI,Cnj,VTI_i,miijin,miiji,XSubj,0SgObj,Dub,Neg,miijisiiwiingen,<<miiji>>siiwiingen,JDN-2010-MS-VTI-p36,,,
VTI,Cnj,VTI_i,miijin,miiji,XSubj,0PlObj,Dub,Neg,miijisiiwiingen,<<miiji>>siiwiingen,JDN-2010-MS-VTI-p36,,,
VTI,Cnj,VTI_i,miijin,miiji,1SgSubj,0SgObj,DubPrt,Pos,miijiwaambaanen,<<miiji>>waambaanen,JDN-2010-MS-VTI-p39,,,
VTI,Cnj,VTI_i,miijin,miiji,1SgSubj,0PlObj,DubPrt,Pos,miijiwaambaanen,<<miiji>>waambaanen,JDN-2010-MS-VTI-p39,,,
VTI,Cnj,VTI_i,miijin,miiji,2PlSubj,0SgObj,DubPrt,Pos,miijiwegibanen,<<miiji>>wegibanen,JDN-2010-MS-VTI-p39,miijiwegobanen,<<miiji>>wegobanen,JDN-2010-MS-VTI-p39
VTI,Cnj,VTI_i,miijin,miiji,2PlSubj,0PlObj,DubPrt,Pos,miijiwegibanen,<<miiji>>wegibanen,JDN-2010-MS-VTI-p39,miijiwegobanen,<<miiji>>wegobanen,JDN-2010-MS-VTI-p39
VTI,Cnj,VTI_i,miijin,miiji,2SgSubj,0SgObj,DubPrt,Pos,miijiwambanen,<<miiji>>wambanen,JDN-2010-MS-VTI-p39,,,
VTI,Cnj,VTI_i,miijin,miiji,2SgSubj,0PlObj,DubPrt,Pos,miijiwambanen,<<miiji>>wambanen,JDN-2010-MS-VTI-p39,,,
VTI,Cnj,VTI_i,miijin,miiji,3PlProxSubj,0SgObj,DubPrt,Pos,miijiwaagobanen,<<miiji>>waagobanen,JDN-2010-MS-VTI-p39,,,
VTI,Cnj,VTI_i,miijin,miiji,3PlProxSubj,0PlObj,DubPrt,Pos,miijiwaagobanen,<<miiji>>waagobanen,JDN-2010-MS-VTI-p39,,,
VTI,Cnj,VTI_i,miijin,miiji,3SgObvSubj,0SgObj,DubPrt,Pos,miijinigobanen,<<miiji>>nigobanen,JDN-2010-MS-VTI-p39,,,
VTI,Cnj,VTI_i,miijin,miiji,3SgObvSubj,0PlObj,DubPrt,Pos,miijinigobanen,<<miiji>>nigobanen,JDN-2010-MS-VTI-p39,,,
VTI,Cnj,VTI_i,miijin,miiji,3PlObvSubj,0SgObj,DubPrt,Pos,miijinigobanen,<<miiji>>nigobanen,JDN-2010-MS-VTI-p39,,,
VTI,Cnj,VTI_i,miijin,miiji,3PlObvSubj,0PlObj,DubPrt,Pos,miijinigobanen,<<miiji>>nigobanen,JDN-2010-MS-VTI-p39,,,
VTI,Cnj,VTI_i,miijin,miiji,3SgProxSubj,0SgObj,DubPrt,Pos,miijigobanen,<<miiji>>gobanen,JDN-2010-MS-VTI-p39,,,
VTI,Cnj,VTI_i,miijin,miiji,3SgProxSubj,0PlObj,DubPrt,Pos,miijigobanen,<<miiji>>gobanen,JDN-2010-MS-VTI-p39,,,
VTI,Cnj,VTI_i,miijin,miiji,ExclSubj,0SgObj,DubPrt,Pos,miijiwaangibanen,<<miiji>>waangibanen,JDN-2010-MS-VTI-p39,,,
VTI,Cnj,VTI_i,miijin,miiji,ExclSubj,0PlObj,DubPrt,Pos,miijiwaangibanen,<<miiji>>waangibanen,JDN-2010-MS-VTI-p39,,,
VTI,Cnj,VTI_i,miijin,miiji,InclSubj,0SgObj,DubPrt,Pos,miijiwangibanen,<<miiji>>wangibanen,JDN-2010-MS-VTI-p39,,,
VTI,Cnj,VTI_i,miijin,miiji,InclSubj,0PlObj,DubPrt,Pos,miijiwangibanen,<<miiji>>wangibanen,JDN-2010-MS-VTI-p39,,,
VTI,Cnj,VTI_i,miijin,miiji,XSubj,0SgObj,DubPrt,Pos,miijiwiingibanen,<<miiji>>wiingibanen,JDN-2010-MS-VTI-p39,,,
VTI,Cnj,VTI_i,miijin,miiji,XSubj,0PlObj,DubPrt,Pos,miijiwiingibanen,<<miiji>>wiingibanen,JDN-2010-MS-VTI-p39,,,
VTI,Cnj,VTI_i,miijin,miiji,1SgSubj,0SgObj,DubPrt,Neg,miijisiiwaambaanen,<<miiji>>siiwaambaanen,JDN-2010-MS-VTI-p40,,,
VTI,Cnj,VTI_i,miijin,miiji,1SgSubj,0PlObj,DubPrt,Neg,miijisiiwaambaanen,<<miiji>>siiwaambaanen,JDN-2010-MS-VTI-p40,,,
VTI,Cnj,VTI_i,miijin,miiji,2PlSubj,0SgObj,DubPrt,Neg,miijisiiwegibanen,<<miiji>>siiwegibanen,JDN-2010-MS-VTI-p40,miijisiiwegobanen,<<miiji>>siiwegobanen,JDN-2010-MS-VTI-p40
VTI,Cnj,VTI_i,miijin,miiji,2PlSubj,0PlObj,DubPrt,Neg,miijisiiwegibanen,<<miiji>>siiwegibanen,JDN-2010-MS-VTI-p40,miijisiiwegobanen,<<miiji>>siiwegobanen,JDN-2010-MS-VTI-p40
VTI,Cnj,VTI_i,miijin,miiji,2SgSubj,0SgObj,DubPrt,Neg,miijisiiwambanen,<<miiji>>siiwambanen,JDN-2010-MS-VTI-p40,,,
VTI,Cnj,VTI_i,miijin,miiji,2SgSubj,0PlObj,DubPrt,Neg,miijisiiwambanen,<<miiji>>siiwambanen,JDN-2010-MS-VTI-p40,,,
VTI,Cnj,VTI_i,miijin,miiji,3PlProxSubj,0SgObj,DubPrt,Neg,miijisiiwaagobanen,<<miiji>>siiwaagobanen,JDN-2010-MS-VTI-p40,,,
VTI,Cnj,VTI_i,miijin,miiji,3PlProxSubj,0PlObj,DubPrt,Neg,miijisiiwaagobanen,<<miiji>>siiwaagobanen,JDN-2010-MS-VTI-p40,,,
VTI,Cnj,VTI_i,miijin,miiji,3SgObvSubj,0SgObj,DubPrt,Neg,miijisiinigobanen,<<miiji>>siinigobanen,JDN-2010-MS-VTI-p40,,,
VTI,Cnj,VTI_i,miijin,miiji,3SgObvSubj,0PlObj,DubPrt,Neg,miijisiinigobanen,<<miiji>>siinigobanen,JDN-2010-MS-VTI-p40,,,
VTI,Cnj,VTI_i,miijin,miiji,3PlObvSubj,0SgObj,DubPrt,Neg,miijisiinigobanen,<<miiji>>siinigobanen,JDN-2010-MS-VTI-p40,,,
VTI,Cnj,VTI_i,miijin,miiji,3PlObvSubj,0PlObj,DubPrt,Neg,miijisiinigobanen,<<miiji>>siinigobanen,JDN-2010-MS-VTI-p40,,,
VTI,Cnj,VTI_i,miijin,miiji,3SgProxSubj,0SgObj,DubPrt,Neg,miijisiigobanen,<<miiji>>siigobanen,JDN-2010-MS-VTI-p40,,,
VTI,Cnj,VTI_i,miijin,miiji,3SgProxSubj,0PlObj,DubPrt,Neg,miijisiigobanen,<<miiji>>siigobanen,JDN-2010-MS-VTI-p40,,,
VTI,Cnj,VTI_i,miijin,miiji,ExclSubj,0SgObj,DubPrt,Neg,miijisiiwaangibanen,<<miiji>>siiwaangibanen,JDN-2010-MS-VTI-p40,,,
VTI,Cnj,VTI_i,miijin,miiji,ExclSubj,0PlObj,DubPrt,Neg,miijisiiwaangibanen,<<miiji>>siiwaangibanen,JDN-2010-MS-VTI-p40,,,
VTI,Cnj,VTI_i,miijin,miiji,InclSubj,0SgObj,DubPrt,Neg,miijisiiwangibanen,<<miiji>>siiwangibanen,JDN-2010-MS-VTI-p40,,,
VTI,Cnj,VTI_i,miijin,miiji,InclSubj,0PlObj,DubPrt,Neg,miijisiiwangibanen,<<miiji>>siiwangibanen,JDN-2010-MS-VTI-p40,,,
VTI,Cnj,VTI_i,miijin,miiji,XSubj,0SgObj,DubPrt,Neg,miijisiiwiingibanen,<<miiji>>siiwiingibanen,JDN-2010-MS-VTI-p40,,,
VTI,Cnj,VTI_i,miijin,miiji,XSubj,0PlObj,DubPrt,Neg,miijisiiwiingibanen,<<miiji>>siiwiingibanen,JDN-2010-MS-VTI-p40,,,
VTI,Cnj,VTI_am,waabandan,waaband,1SgSubj,0SgObj,Neu,Pos,waabandamaan,<<waaband>>amaan,NJ-zoom-2023Sep8; JDN-2010-MS-VTI-p27,,,
VTI,Cnj,VTI_am,waabandan,waaband,1SgSubj,0PlObj,Neu,Pos,waabandamaan,<<waaband>>amaan,NJ-zoom-2023Sep8; JDN-2010-MS-VTI-p27,,,
VTI,Cnj,VTI_am,waabandan,waaband,2PlSubj,0SgObj,Neu,Pos,waabandameg,<<waaband>>ameg,NJ-zoom-2023Sep8; JDN-2010-MS-VTI-p27,,,
VTI,Cnj,VTI_am,waabandan,waaband,2PlSubj,0PlObj,Neu,Pos,waabandameg,<<waaband>>ameg,NJ-zoom-2023Sep8; JDN-2010-MS-VTI-p27,,,
VTI,Cnj,VTI_am,waabandan,waaband,2SgSubj,0SgObj,Neu,Pos,waabandaman,<<waaband>>aman,NJ-zoom-2023Sep8; JDN-2010-MS-VTI-p27,,,
VTI,Cnj,VTI_am,waabandan,waaband,2SgSubj,0PlObj,Neu,Pos,waabandaman,<<waaband>>aman,NJ-zoom-2023Sep8; JDN-2010-MS-VTI-p27,,,
VTI,Cnj,VTI_am,waabandan,waaband,3PlProxSubj,0SgObj,Neu,Pos,waabandamowaad,<<waaband>>amowaad,NJ-zoom-2023Sep8; JDN-2010-MS-VTI-p27,,,
VTI,Cnj,VTI_am,waabandan,waaband,3PlProxSubj,0PlObj,Neu,Pos,waabandamowaad,<<waaband>>amowaad,NJ-zoom-2023Sep8; JDN-2010-MS-VTI-p27,,,
VTI,Cnj,VTI_am,waabandan,waaband,3SgObvSubj,0SgObj,Neu,Pos,waabandaminid,<<waaband>>aminid,NJ-zoom-2023Sep8; JDN-2010-MS-VTI-p27,,,
VTI,Cnj,VTI_am,waabandan,waaband,3SgObvSubj,0PlObj,Neu,Pos,waabandaminid,<<waaband>>aminid,NJ-zoom-2023Sep8; JDN-2010-MS-VTI-p27,,,
VTI,Cnj,VTI_am,waabandan,waaband,3PlObvSubj,0SgObj,Neu,Pos,waabandaminid,<<waaband>>aminid,NJ-zoom-2023Sep8; JDN-2010-MS-VTI-p27,,,
VTI,Cnj,VTI_am,waabandan,waaband,3PlObvSubj,0PlObj,Neu,Pos,waabandaminid,<<waaband>>aminid,NJ-zoom-2023Sep8; JDN-2010-MS-VTI-p27,,,
VTI,Cnj,VTI_am,waabandan,waaband,3SgProxSubj,0SgObj,Neu,Pos,waabandang,<<waaband>>ang,NJ-zoom-2023Sep8; JDN-2010-MS-VTI-p27,,,
VTI,Cnj,VTI_am,waabandan,waaband,3SgProxSubj,0PlObj,Neu,Pos,waabandang,<<waaband>>ang,NJ-zoom-2023Sep8; JDN-2010-MS-VTI-p27,,,
VTI,Cnj,VTI_am,waabandan,waaband,ExclSubj,0SgObj,Neu,Pos,waabandamaang,<<waaband>>amaang,NJ-zoom-2023Sep8; JDN-2010-MS-VTI-p27,,,
VTI,Cnj,VTI_am,waabandan,waaband,ExclSubj,0PlObj,Neu,Pos,waabandamaang,<<waaband>>amaang,NJ-zoom-2023Sep8; JDN-2010-MS-VTI-p27,,,
VTI,Cnj,VTI_am,waabandan,waaband,InclSubj,0SgObj,Neu,Pos,waabandamang,<<waaband>>amang,NJ-zoom-2023Sep8; JDN-2010-MS-VTI-p27,,,
VTI,Cnj,VTI_am,waabandan,waaband,InclSubj,0PlObj,Neu,Pos,waabandamang,<<waaband>>amang,NJ-zoom-2023Sep8; JDN-2010-MS-VTI-p27,,,
VTI,Cnj,VTI_am,waabandan,waaband,XSubj,0SgObj,Neu,Pos,waabandaming,<<waaband>>aming,NJ-zoom-2023Sep8; JDN-2010-MS-VTI-p27,,,
VTI,Cnj,VTI_am,waabandan,waaband,XSubj,0PlObj,Neu,Pos,waabandaming,<<waaband>>aming,NJ-zoom-2023Sep8; JDN-2010-MS-VTI-p27,,,
VTI,Cnj,VTI_am,waabandan,waaband,1SgSubj,0SgObj,Neu,Neg,waabandanziwaan,<<waaband>>anziwaan,NJ-zoom-2023Sep8; JDN-2010-MS-VTI-p28,,,
VTI,Cnj,VTI_am,waabandan,waaband,1SgSubj,0PlObj,Neu,Neg,waabandanziwaan,<<waaband>>anziwaan,NJ-zoom-2023Sep8; JDN-2010-MS-VTI-p28,,,
VTI,Cnj,VTI_am,waabandan,waaband,2PlSubj,0SgObj,Neu,Neg,waabandanziweg,<<waaband>>anziweg,NJ-zoom-2023Sep8; JDN-2010-MS-VTI-p28,,,
VTI,Cnj,VTI_am,waabandan,waaband,2PlSubj,0PlObj,Neu,Neg,waabandanziweg,<<waaband>>anziweg,NJ-zoom-2023Sep8; JDN-2010-MS-VTI-p28,,,
VTI,Cnj,VTI_am,waabandan,waaband,2SgSubj,0SgObj,Neu,Neg,waabandanziwan,<<waaband>>anziwan,NJ-zoom-2023Sep8; JDN-2010-MS-VTI-p28,,,
VTI,Cnj,VTI_am,waabandan,waaband,2SgSubj,0PlObj,Neu,Neg,waabandanziwan,<<waaband>>anziwan,NJ-zoom-2023Sep8; JDN-2010-MS-VTI-p28,,,
VTI,Cnj,VTI_am,waabandan,waaband,3PlProxSubj,0SgObj,Neu,Neg,waabandanzigwaa,<<waaband>>anzigwaa,NJ-zoom-2023Sep8; JDN-2010-MS-VTI-p28,,,
VTI,Cnj,VTI_am,waabandan,waaband,3PlProxSubj,0PlObj,Neu,Neg,waabandanzigwaa,<<waaband>>anzigwaa,NJ-zoom-2023Sep8; JDN-2010-MS-VTI-p28,,,
VTI,Cnj,VTI_am,waabandan,waaband,3SgObvSubj,0SgObj,Neu,Neg,waabandanzinig,<<waaband>>anzinig,NJ-zoom-2023Sep8; JDN-2010-MS-VTI-p28,,,
VTI,Cnj,VTI_am,waabandan,waaband,3SgObvSubj,0PlObj,Neu,Neg,waabandanzinig,<<waaband>>anzinig,NJ-zoom-2023Sep8; JDN-2010-MS-VTI-p28,,,
VTI,Cnj,VTI_am,waabandan,waaband,3PlObvSubj,0SgObj,Neu,Neg,waabandanzinig,<<waaband>>anzinig,NJ-zoom-2023Sep8; JDN-2010-MS-VTI-p28,,,
VTI,Cnj,VTI_am,waabandan,waaband,3PlObvSubj,0PlObj,Neu,Neg,waabandanzinig,<<waaband>>anzinig,NJ-zoom-2023Sep8; JDN-2010-MS-VTI-p28,,,
VTI,Cnj,VTI_am,waabandan,waaband,3SgProxSubj,0SgObj,Neu,Neg,waabandanzig,<<waaband>>anzig,NJ-zoom-2023Sep8; JDN-2010-MS-VTI-p28,,,
VTI,Cnj,VTI_am,waabandan,waaband,3SgProxSubj,0PlObj,Neu,Neg,waabandanzig,<<waaband>>anzig,NJ-zoom-2023Sep8; JDN-2010-MS-VTI-p28,,,
VTI,Cnj,VTI_am,waabandan,waaband,ExclSubj,0SgObj,Neu,Neg,waabandanziwaang,<<waaband>>anziwaang,NJ-zoom-2023Sep8; JDN-2010-MS-VTI-p28,,,
VTI,Cnj,VTI_am,waabandan,waaband,ExclSubj,0PlObj,Neu,Neg,waabandanziwaang,<<waaband>>anziwaang,NJ-zoom-2023Sep8; JDN-2010-MS-VTI-p28,,,
VTI,Cnj,VTI_am,waabandan,waaband,InclSubj,0SgObj,Neu,Neg,waabandanziwang,<<waaband>>anziwang,NJ-zoom-2023Sep8; JDN-2010-MS-VTI-p28,,,
VTI,Cnj,VTI_am,waabandan,waaband,InclSubj,0PlObj,Neu,Neg,waabandanziwang,<<waaband>>anziwang,NJ-zoom-2023Sep8; JDN-2010-MS-VTI-p28,,,
VTI,Cnj,VTI_am,waabandan,waaband,XSubj,0SgObj,Neu,Neg,MISSING,,,waabandanzing,<<waaband>>anzing,JDN-2010-MS-VTI-p28
VTI,Cnj,VTI_am,waabandan,waaband,XSubj,0PlObj,Neu,Neg,MISSING,,,waabandanzing,<<waaband>>anzing,JDN-2010-MS-VTI-p28
VTI,Cnj,VTI_am,waabandan,waaband,1SgSubj,0SgObj,Prt,Pos,waabandamaambaan,<<waaband>>amaambaan,JDN-2010-MS-VTI-p31,,,
VTI,Cnj,VTI_am,waabandan,waaband,1SgSubj,0PlObj,Prt,Pos,waabandamaambaan,<<waaband>>amaambaan,JDN-2010-MS-VTI-p31,,,
VTI,Cnj,VTI_am,waabandan,waaband,2PlSubj,0SgObj,Prt,Pos,waabandamegiban,<<waaband>>amegiban,JDN-2010-MS-VTI-p31,waabandamegoban,<<waaband>>amegoban,JDN-2010-MS-VTI-p31
VTI,Cnj,VTI_am,waabandan,waaband,2PlSubj,0PlObj,Prt,Pos,waabandamegiban,<<waaband>>amegiban,JDN-2010-MS-VTI-p31,waabandamegoban,<<waaband>>amegoban,JDN-2010-MS-VTI-p31
VTI,Cnj,VTI_am,waabandan,waaband,2SgSubj,0SgObj,Prt,Pos,waabandamamban,<<waaband>>amamban,JDN-2010-MS-VTI-p31,,,
VTI,Cnj,VTI_am,waabandan,waaband,2SgSubj,0PlObj,Prt,Pos,waabandamamban,<<waaband>>amamban,JDN-2010-MS-VTI-p31,,,
VTI,Cnj,VTI_am,waabandan,waaband,3PlProxSubj,0SgObj,Prt,Pos,waabandamowaapan,<<waaband>>amowaapan,JDN-2010-MS-VTI-p31,,,
VTI,Cnj,VTI_am,waabandan,waaband,3PlProxSubj,0PlObj,Prt,Pos,waabandamowaapan,<<waaband>>amowaapan,JDN-2010-MS-VTI-p31,,,
VTI,Cnj,VTI_am,waabandan,waaband,3SgObvSubj,0SgObj,Prt,Pos,waabandaminipan,<<waaband>>aminipan,JDN-2010-MS-VTI-p31,,,
VTI,Cnj,VTI_am,waabandan,waaband,3SgObvSubj,0PlObj,Prt,Pos,waabandaminipan,<<waaband>>aminipan,JDN-2010-MS-VTI-p31,,,
VTI,Cnj,VTI_am,waabandan,waaband,3PlObvSubj,0SgObj,Prt,Pos,waabandaminipan,<<waaband>>aminipan,JDN-2010-MS-VTI-p31,,,
VTI,Cnj,VTI_am,waabandan,waaband,3PlObvSubj,0PlObj,Prt,Pos,waabandaminipan,<<waaband>>aminipan,JDN-2010-MS-VTI-p31,,,
VTI,Cnj,VTI_am,waabandan,waaband,3SgProxSubj,0SgObj,Prt,Pos,waabandangiban,<<waaband>>angiban,JDN-2010-MS-VTI-p31,,,
VTI,Cnj,VTI_am,waabandan,waaband,3SgProxSubj,0PlObj,Prt,Pos,waabandangiban,<<waaband>>angiban,JDN-2010-MS-VTI-p31,,,
VTI,Cnj,VTI_am,waabandan,waaband,ExclSubj,0SgObj,Prt,Pos,waabandamaangiban,<<waaband>>amaangiban,JDN-2010-MS-VTI-p31,,,
VTI,Cnj,VTI_am,waabandan,waaband,ExclSubj,0PlObj,Prt,Pos,waabandamaangiban,<<waaband>>amaangiban,JDN-2010-MS-VTI-p31,,,
VTI,Cnj,VTI_am,waabandan,waaband,InclSubj,0SgObj,Prt,Pos,waabandamangiban,<<waaband>>amangiban,JDN-2010-MS-VTI-p31,,,
VTI,Cnj,VTI_am,waabandan,waaband,InclSubj,0PlObj,Prt,Pos,waabandamangiban,<<waaband>>amangiban,JDN-2010-MS-VTI-p31,,,
VTI,Cnj,VTI_am,waabandan,waaband,XSubj,0SgObj,Prt,Pos,waabandamingiban,<<waaband>>amingiban,JDN-2010-MS-VTI-p31,,,
VTI,Cnj,VTI_am,waabandan,waaband,XSubj,0PlObj,Prt,Pos,waabandamingiban,<<waaband>>amingiban,JDN-2010-MS-VTI-p31,,,
VTI,Cnj,VTI_am,waabandan,waaband,1SgSubj,0SgObj,Prt,Neg,waabandanziwaambaan,<<waaband>>anziwaambaan,JDN-2010-MS-VTI-p32,,,
VTI,Cnj,VTI_am,waabandan,waaband,1SgSubj,0PlObj,Prt,Neg,waabandanziwaambaan,<<waaband>>anziwaambaan,JDN-2010-MS-VTI-p32,,,
VTI,Cnj,VTI_am,waabandan,waaband,2PlSubj,0SgObj,Prt,Neg,waabandanziwegiban,<<waaband>>anziwegiban,JDN-2010-MS-VTI-p32,waabandanziwegoban,<<waaband>>anziwegoban,JDN-2010-MS-VTI-p32
VTI,Cnj,VTI_am,waabandan,waaband,2PlSubj,0PlObj,Prt,Neg,waabandanziwegiban,<<waaband>>anziwegiban,JDN-2010-MS-VTI-p32,waabandanziwegoban,<<waaband>>anziwegoban,JDN-2010-MS-VTI-p32
VTI,Cnj,VTI_am,waabandan,waaband,2SgSubj,0SgObj,Prt,Neg,waabandanziwamban,<<waaband>>anziwamban,JDN-2010-MS-VTI-p32,,,
VTI,Cnj,VTI_am,waabandan,waaband,2SgSubj,0PlObj,Prt,Neg,waabandanziwamban,<<waaband>>anziwamban,JDN-2010-MS-VTI-p32,,,
VTI,Cnj,VTI_am,waabandan,waaband,3PlProxSubj,0SgObj,Prt,Neg,waabandanzigwaaban,<<waaband>>anzigwaaban,JDN-2010-MS-VTI-p32,,,
VTI,Cnj,VTI_am,waabandan,waaband,3PlProxSubj,0PlObj,Prt,Neg,waabandanzigwaaban,<<waaband>>anzigwaaban,JDN-2010-MS-VTI-p32,,,
VTI,Cnj,VTI_am,waabandan,waaband,3SgObvSubj,0SgObj,Prt,Neg,waabandanzinigoban,<<waaband>>anzinigoban,JDN-2010-MS-VTI-p32,,,
VTI,Cnj,VTI_am,waabandan,waaband,3SgObvSubj,0PlObj,Prt,Neg,waabandanzinigoban,<<waaband>>anzinigoban,JDN-2010-MS-VTI-p32,,,
VTI,Cnj,VTI_am,waabandan,waaband,3PlObvSubj,0SgObj,Prt,Neg,waabandanzinigoban,<<waaband>>anzinigoban,JDN-2010-MS-VTI-p32,,,
VTI,Cnj,VTI_am,waabandan,waaband,3PlObvSubj,0PlObj,Prt,Neg,waabandanzinigoban,<<waaband>>anzinigoban,JDN-2010-MS-VTI-p32,,,
VTI,Cnj,VTI_am,waabandan,waaband,3SgProxSubj,0SgObj,Prt,Neg,waabandanzigoban,<<waaband>>anzigoban,JDN-2010-MS-VTI-p32,,,
VTI,Cnj,VTI_am,waabandan,waaband,3SgProxSubj,0PlObj,Prt,Neg,waabandanzigoban,<<waaband>>anzigoban,JDN-2010-MS-VTI-p32,,,
VTI,Cnj,VTI_am,waabandan,waaband,ExclSubj,0SgObj,Prt,Neg,waabandanziwaangiban,<<waaband>>anziwaangiban,JDN-2010-MS-VTI-p32,,,
VTI,Cnj,VTI_am,waabandan,waaband,ExclSubj,0PlObj,Prt,Neg,waabandanziwaangiban,<<waaband>>anziwaangiban,JDN-2010-MS-VTI-p32,,,
VTI,Cnj,VTI_am,waabandan,waaband,InclSubj,0SgObj,Prt,Neg,waabandanziwangiban,<<waaband>>anziwangiban,JDN-2010-MS-VTI-p32,,,
VTI,Cnj,VTI_am,waabandan,waaband,InclSubj,0PlObj,Prt,Neg,waabandanziwangiban,<<waaband>>anziwangiban,JDN-2010-MS-VTI-p32,,,
VTI,Cnj,VTI_am,waabandan,waaband,XSubj,0SgObj,Prt,Neg,waabandanzingiban,<<waaband>>anzingiban,JDN-2010-MS-VTI-p32,,,
VTI,Cnj,VTI_am,waabandan,waaband,XSubj,0PlObj,Prt,Neg,waabandanzingiban,<<waaband>>anzingiban,JDN-2010-MS-VTI-p32,,,
VTI,Cnj,VTI_am,waabandan,waaband,1SgSubj,0SgObj,Dub,Pos,waabandamowaanen,<<waaband>>amowaanen,JDN-2010-MS-VTI-p35,,,
VTI,Cnj,VTI_am,waabandan,waaband,1SgSubj,0PlObj,Dub,Pos,waabandamowaanen,<<waaband>>amowaanen,JDN-2010-MS-VTI-p35,,,
VTI,Cnj,VTI_am,waabandan,waaband,2PlSubj,0SgObj,Dub,Pos,waabandamowegwen,<<waaband>>amowegwen,JDN-2010-MS-VTI-p35,,,
VTI,Cnj,VTI_am,waabandan,waaband,2PlSubj,0PlObj,Dub,Pos,waabandamowegwen,<<waaband>>amowegwen,JDN-2010-MS-VTI-p35,,,
VTI,Cnj,VTI_am,waabandan,waaband,2SgSubj,0SgObj,Dub,Pos,waabandamowanen,<<waaband>>amowanen,JDN-2010-MS-VTI-p35,,,
VTI,Cnj,VTI_am,waabandan,waaband,2SgSubj,0PlObj,Dub,Pos,waabandamowanen,<<waaband>>amowanen,JDN-2010-MS-VTI-p35,,,
VTI,Cnj,VTI_am,waabandan,waaband,3PlProxSubj,0SgObj,Dub,Pos,waabandamowaagwen,<<waaband>>amowaagwen,JDN-2010-MS-VTI-p35,,,
VTI,Cnj,VTI_am,waabandan,waaband,3PlProxSubj,0PlObj,Dub,Pos,waabandamowaagwen,<<waaband>>amowaagwen,JDN-2010-MS-VTI-p35,,,
VTI,Cnj,VTI_am,waabandan,waaband,3SgObvSubj,0SgObj,Dub,Pos,waabandaminigwen,<<waaband>>aminigwen,JDN-2010-MS-VTI-p35,,,
VTI,Cnj,VTI_am,waabandan,waaband,3SgObvSubj,0PlObj,Dub,Pos,waabandaminigwen,<<waaband>>aminigwen,JDN-2010-MS-VTI-p35,,,
VTI,Cnj,VTI_am,waabandan,waaband,3PlObvSubj,0SgObj,Dub,Pos,waabandaminigwen,<<waaband>>aminigwen,JDN-2010-MS-VTI-p35,,,
VTI,Cnj,VTI_am,waabandan,waaband,3PlObvSubj,0PlObj,Dub,Pos,waabandaminigwen,<<waaband>>aminigwen,JDN-2010-MS-VTI-p35,,,
VTI,Cnj,VTI_am,waabandan,waaband,3SgProxSubj,0SgObj,Dub,Pos,waabandamogwen,<<waaband>>amogwen,JDN-2010-MS-VTI-p35,,,
VTI,Cnj,VTI_am,waabandan,waaband,3SgProxSubj,0PlObj,Dub,Pos,waabandamogwen,<<waaband>>amogwen,JDN-2010-MS-VTI-p35,,,
VTI,Cnj,VTI_am,waabandan,waaband,ExclSubj,0SgObj,Dub,Pos,waabandamowaangen,<<waaband>>amowaangen,JDN-2010-MS-VTI-p35,,,
VTI,Cnj,VTI_am,waabandan,waaband,ExclSubj,0PlObj,Dub,Pos,waabandamowaangen,<<waaband>>amowaangen,JDN-2010-MS-VTI-p35,,,
VTI,Cnj,VTI_am,waabandan,waaband,InclSubj,0SgObj,Dub,Pos,waabandamowangen,<<waaband>>amowangen,JDN-2010-MS-VTI-p35,,,
VTI,Cnj,VTI_am,waabandan,waaband,InclSubj,0PlObj,Dub,Pos,waabandamowangen,<<waaband>>amowangen,JDN-2010-MS-VTI-p35,,,
VTI,Cnj,VTI_am,waabandan,waaband,XSubj,0SgObj,Dub,Pos,waabandamowiingen,<<waaband>>amowiingen,JDN-2010-MS-VTI-p35,,,
VTI,Cnj,VTI_am,waabandan,waaband,XSubj,0PlObj,Dub,Pos,waabandamowiingen,<<waaband>>amowiingen,JDN-2010-MS-VTI-p35,,,
VTI,Cnj,VTI_am,waabandan,waaband,1SgSubj,0SgObj,Dub,Neg,waabandanziiwaanen,<<waaband>>anziiwaanen,JDN-2010-MS-VTI-p36,,,
VTI,Cnj,VTI_am,waabandan,waaband,1SgSubj,0PlObj,Dub,Neg,waabandanziiwaanen,<<waaband>>anziiwaanen,JDN-2010-MS-VTI-p36,,,
VTI,Cnj,VTI_am,waabandan,waaband,2PlSubj,0SgObj,Dub,Neg,waabandanziiwegwen,<<waaband>>anziiwegwen,JDN-2010-MS-VTI-p36,,,
VTI,Cnj,VTI_am,waabandan,waaband,2PlSubj,0PlObj,Dub,Neg,waabandanziiwegwen,<<waaband>>anziiwegwen,JDN-2010-MS-VTI-p36,,,
VTI,Cnj,VTI_am,waabandan,waaband,2SgSubj,0SgObj,Dub,Neg,waabandanziiwanen,<<waaband>>anziiwanen,JDN-2010-MS-VTI-p36,,,
VTI,Cnj,VTI_am,waabandan,waaband,2SgSubj,0PlObj,Dub,Neg,waabandanziiwanen,<<waaband>>anziiwanen,JDN-2010-MS-VTI-p36,,,
VTI,Cnj,VTI_am,waabandan,waaband,3PlProxSubj,0SgObj,Dub,Neg,waabandanziiwaagwen,<<waaband>>anziiwaagwen,JDN-2010-MS-VTI-p36,,,
VTI,Cnj,VTI_am,waabandan,waaband,3PlProxSubj,0PlObj,Dub,Neg,waabandanziiwaagwen,<<waaband>>anziiwaagwen,JDN-2010-MS-VTI-p36,,,
VTI,Cnj,VTI_am,waabandan,waaband,3SgObvSubj,0SgObj,Dub,Neg,waabandanziinigwen,<<waaband>>anziinigwen,JDN-2010-MS-VTI-p36,,,
VTI,Cnj,VTI_am,waabandan,waaband,3SgObvSubj,0PlObj,Dub,Neg,waabandanziinigwen,<<waaband>>anziinigwen,JDN-2010-MS-VTI-p36,,,
VTI,Cnj,VTI_am,waabandan,waaband,3PlObvSubj,0SgObj,Dub,Neg,waabandanziinigwen,<<waaband>>anziinigwen,JDN-2010-MS-VTI-p36,,,
VTI,Cnj,VTI_am,waabandan,waaband,3PlObvSubj,0PlObj,Dub,Neg,waabandanziinigwen,<<waaband>>anziinigwen,JDN-2010-MS-VTI-p36,,,
VTI,Cnj,VTI_am,waabandan,waaband,3SgProxSubj,0SgObj,Dub,Neg,waabandanziigwen,<<waaband>>anziigwen,JDN-2010-MS-VTI-p36,,,
VTI,Cnj,VTI_am,waabandan,waaband,3SgProxSubj,0PlObj,Dub,Neg,waabandanziigwen,<<waaband>>anziigwen,JDN-2010-MS-VTI-p36,,,
VTI,Cnj,VTI_am,waabandan,waaband,ExclSubj,0SgObj,Dub,Neg,waabandanziiwaangen,<<waaband>>anziiwaangen,JDN-2010-MS-VTI-p36,,,
VTI,Cnj,VTI_am,waabandan,waaband,ExclSubj,0PlObj,Dub,Neg,waabandanziiwaangen,<<waaband>>anziiwaangen,JDN-2010-MS-VTI-p36,,,
VTI,Cnj,VTI_am,waabandan,waaband,InclSubj,0SgObj,Dub,Neg,waabandanziiwangen,<<waaband>>anziiwangen,JDN-2010-MS-VTI-p36,,,
VTI,Cnj,VTI_am,waabandan,waaband,InclSubj,0PlObj,Dub,Neg,waabandanziiwangen,<<waaband>>anziiwangen,JDN-2010-MS-VTI-p36,,,
VTI,Cnj,VTI_am,waabandan,waaband,XSubj,0SgObj,Dub,Neg,waabandanziiwiingen,<<waaband>>anziiwiingen,JDN-2010-MS-VTI-p36,,,
VTI,Cnj,VTI_am,waabandan,waaband,XSubj,0PlObj,Dub,Neg,waabandanziiwiingen,<<waaband>>anziiwiingen,JDN-2010-MS-VTI-p36,,,
VTI,Cnj,VTI_am,waabandan,waaband,1SgSubj,0SgObj,DubPrt,Pos,waabandamowaambaanen,<<waaband>>amowaambaanen,JDN-2010-MS-VTI-p39,,,
VTI,Cnj,VTI_am,waabandan,waaband,1SgSubj,0PlObj,DubPrt,Pos,waabandamowaambaanen,<<waaband>>amowaambaanen,JDN-2010-MS-VTI-p39,,,
VTI,Cnj,VTI_am,waabandan,waaband,2PlSubj,0SgObj,DubPrt,Pos,waabandamowegibanen,<<waaband>>amowegibanen,JDN-2010-MS-VTI-p39,waabandamowegobanen,<<waaband>>amowegobanen,JDN-2010-MS-VTI-p39
VTI,Cnj,VTI_am,waabandan,waaband,2PlSubj,0PlObj,DubPrt,Pos,waabandamowegibanen,<<waaband>>amowegibanen,JDN-2010-MS-VTI-p39,waabandamowegobanen,<<waaband>>amowegobanen,JDN-2010-MS-VTI-p39
VTI,Cnj,VTI_am,waabandan,waaband,2SgSubj,0SgObj,DubPrt,Pos,waabandamowambanen,<<waaband>>amowambanen,JDN-2010-MS-VTI-p39,,,
VTI,Cnj,VTI_am,waabandan,waaband,2SgSubj,0PlObj,DubPrt,Pos,waabandamowambanen,<<waaband>>amowambanen,JDN-2010-MS-VTI-p39,,,
VTI,Cnj,VTI_am,waabandan,waaband,3PlProxSubj,0SgObj,DubPrt,Pos,waabandamowaagobanen,<<waaband>>amowaagobanen,JDN-2010-MS-VTI-p39,,,
VTI,Cnj,VTI_am,waabandan,waaband,3PlProxSubj,0PlObj,DubPrt,Pos,waabandamowaagobanen,<<waaband>>amowaagobanen,JDN-2010-MS-VTI-p39,,,
VTI,Cnj,VTI_am,waabandan,waaband,3SgObvSubj,0SgObj,DubPrt,Pos,waabandaminigobanen,<<waaband>>aminigobanen,JDN-2010-MS-VTI-p39,,,
VTI,Cnj,VTI_am,waabandan,waaband,3SgObvSubj,0PlObj,DubPrt,Pos,waabandaminigobanen,<<waaband>>aminigobanen,JDN-2010-MS-VTI-p39,,,
VTI,Cnj,VTI_am,waabandan,waaband,3PlObvSubj,0SgObj,DubPrt,Pos,waabandaminigobanen,<<waaband>>aminigobanen,JDN-2010-MS-VTI-p39,,,
VTI,Cnj,VTI_am,waabandan,waaband,3PlObvSubj,0PlObj,DubPrt,Pos,waabandaminigobanen,<<waaband>>aminigobanen,JDN-2010-MS-VTI-p39,,,
VTI,Cnj,VTI_am,waabandan,waaband,3SgProxSubj,0SgObj,DubPrt,Pos,waabandamogobanen,<<waaband>>amogobanen,JDN-2010-MS-VTI-p39,,,
VTI,Cnj,VTI_am,waabandan,waaband,3SgProxSubj,0PlObj,DubPrt,Pos,waabandamogobanen,<<waaband>>amogobanen,JDN-2010-MS-VTI-p39,,,
VTI,Cnj,VTI_am,waabandan,waaband,ExclSubj,0SgObj,DubPrt,Pos,waabandamowaangibanen,<<waaband>>amowaangibanen,JDN-2010-MS-VTI-p39,,,
VTI,Cnj,VTI_am,waabandan,waaband,ExclSubj,0PlObj,DubPrt,Pos,waabandamowaangibanen,<<waaband>>amowaangibanen,JDN-2010-MS-VTI-p39,,,
VTI,Cnj,VTI_am,waabandan,waaband,InclSubj,0SgObj,DubPrt,Pos,waabandamowangibanen,<<waaband>>amowangibanen,JDN-2010-MS-VTI-p39,,,
VTI,Cnj,VTI_am,waabandan,waaband,InclSubj,0PlObj,DubPrt,Pos,waabandamowangibanen,<<waaband>>amowangibanen,JDN-2010-MS-VTI-p39,,,
VTI,Cnj,VTI_am,waabandan,waaband,XSubj,0SgObj,DubPrt,Pos,wabandamowiingibanen,<<waband>>amowiingibanen,JDN-2010-MS-VTI-p39,,,
VTI,Cnj,VTI_am,waabandan,waaband,XSubj,0PlObj,DubPrt,Pos,wabandamowiingibanen,<<waband>>amowiingibanen,JDN-2010-MS-VTI-p39,,,
VTI,Cnj,VTI_am,waabandan,waaband,1SgSubj,0SgObj,DubPrt,Neg,waabandanziiwaambaanen,<<waaband>>anziiwaambaanen,JDN-2010-MS-VTI-p40,,,
VTI,Cnj,VTI_am,waabandan,waaband,1SgSubj,0PlObj,DubPrt,Neg,waabandanziiwaambaanen,<<waaband>>anziiwaambaanen,JDN-2010-MS-VTI-p40,,,
VTI,Cnj,VTI_am,waabandan,waaband,2PlSubj,0SgObj,DubPrt,Neg,waabandanziiwegibanen,<<waaband>>anziiwegibanen,JDN-2010-MS-VTI-p40,waabandanziiwegobanen,<<waaband>>anziiwegobanen,JDN-2010-MS-VTI-p40
VTI,Cnj,VTI_am,waabandan,waaband,2PlSubj,0PlObj,DubPrt,Neg,waabandanziiwegibanen,<<waaband>>anziiwegibanen,JDN-2010-MS-VTI-p40,waabandanziiwegobanen,<<waaband>>anziiwegobanen,JDN-2010-MS-VTI-p40
VTI,Cnj,VTI_am,waabandan,waaband,2SgSubj,0SgObj,DubPrt,Neg,waabandanziiwambanen,<<waaband>>anziiwambanen,JDN-2010-MS-VTI-p40,,,
VTI,Cnj,VTI_am,waabandan,waaband,2SgSubj,0PlObj,DubPrt,Neg,waabandanziiwambanen,<<waaband>>anziiwambanen,JDN-2010-MS-VTI-p40,,,
VTI,Cnj,VTI_am,waabandan,waaband,3PlProxSubj,0SgObj,DubPrt,Neg,waabandanziiwaagobanen,<<waaband>>anziiwaagobanen,JDN-2010-MS-VTI-p40,,,
VTI,Cnj,VTI_am,waabandan,waaband,3PlProxSubj,0PlObj,DubPrt,Neg,waabandanziiwaagobanen,<<waaband>>anziiwaagobanen,JDN-2010-MS-VTI-p40,,,
VTI,Cnj,VTI_am,waabandan,waaband,3SgObvSubj,0SgObj,DubPrt,Neg,waabandanziinigobanen,<<waaband>>anziinigobanen,JDN-2010-MS-VTI-p40,,,
VTI,Cnj,VTI_am,waabandan,waaband,3SgObvSubj,0PlObj,DubPrt,Neg,waabandanziinigobanen,<<waaband>>anziinigobanen,JDN-2010-MS-VTI-p40,,,
VTI,Cnj,VTI_am,waabandan,waaband,3PlObvSubj,0SgObj,DubPrt,Neg,waabandanziinigobanen,<<waaband>>anziinigobanen,JDN-2010-MS-VTI-p40,,,
VTI,Cnj,VTI_am,waabandan,waaband,3PlObvSubj,0PlObj,DubPrt,Neg,waabandanziinigobanen,<<waaband>>anziinigobanen,JDN-2010-MS-VTI-p40,,,
VTI,Cnj,VTI_am,waabandan,waaband,3SgProxSubj,0SgObj,DubPrt,Neg,waabandanziigobanen,<<waaband>>anziigobanen,JDN-2010-MS-VTI-p40,,,
VTI,Cnj,VTI_am,waabandan,waaband,3SgProxSubj,0PlObj,DubPrt,Neg,waabandanziigobanen,<<waaband>>anziigobanen,JDN-2010-MS-VTI-p40,,,
VTI,Cnj,VTI_am,waabandan,waaband,ExclSubj,0SgObj,DubPrt,Neg,waabandanziiwaangibanen,<<waaband>>anziiwaangibanen,JDN-2010-MS-VTI-p40,,,
VTI,Cnj,VTI_am,waabandan,waaband,ExclSubj,0PlObj,DubPrt,Neg,waabandanziiwaangibanen,<<waaband>>anziiwaangibanen,JDN-2010-MS-VTI-p40,,,
VTI,Cnj,VTI_am,waabandan,waaband,InclSubj,0SgObj,DubPrt,Neg,waabandanziiwangibanen,<<waaband>>anziiwangibanen,JDN-2010-MS-VTI-p40,,,
VTI,Cnj,VTI_am,waabandan,waaband,InclSubj,0PlObj,DubPrt,Neg,waabandanziiwangibanen,<<waaband>>anziiwangibanen,JDN-2010-MS-VTI-p40,,,
VTI,Cnj,VTI_am,waabandan,waaband,XSubj,0SgObj,DubPrt,Neg,waabandanziiwiingibanen,<<waaband>>anziiwiingibanen,JDN-2010-MS-VTI-p40,,,
VTI,Cnj,VTI_am,waabandan,waaband,XSubj,0PlObj,DubPrt,Neg,waabandanziiwiingibanen,<<waaband>>anziiwiingibanen,JDN-2010-MS-VTI-p40,,,
VTI,Cnj,VTI_oo,wanitoon,wanit,1SgSubj,0SgObj,Neu,Pos,wanitooyaan,<<wanit>>ooyaan,JDN-2010-MS-VTI-p27,,,
VTI,Cnj,VTI_oo,wanitoon,wanit,1SgSubj,0PlObj,Neu,Pos,wanitooyaan,<<wanit>>ooyaan,JDN-2010-MS-VTI-p27,,,
VTI,Cnj,VTI_oo,wanitoon,wanit,2PlSubj,0SgObj,Neu,Pos,wanitooyeg,<<wanit>>ooyeg,JDN-2010-MS-VTI-p27,,,
VTI,Cnj,VTI_oo,wanitoon,wanit,2PlSubj,0PlObj,Neu,Pos,wanitooyeg,<<wanit>>ooyeg,JDN-2010-MS-VTI-p27,,,
VTI,Cnj,VTI_oo,wanitoon,wanit,2SgSubj,0SgObj,Neu,Pos,wanitooyan,<<wanit>>ooyan,JDN-2010-MS-VTI-p27,,,
VTI,Cnj,VTI_oo,wanitoon,wanit,2SgSubj,0PlObj,Neu,Pos,wanitooyan,<<wanit>>ooyan,JDN-2010-MS-VTI-p27,,,
VTI,Cnj,VTI_oo,wanitoon,wanit,3PlProxSubj,0SgObj,Neu,Pos,wanitoowaad,<<wanit>>oowaad,JDN-2010-MS-VTI-p27,,,
VTI,Cnj,VTI_oo,wanitoon,wanit,3PlProxSubj,0PlObj,Neu,Pos,wanitoowaad,<<wanit>>oowaad,JDN-2010-MS-VTI-p27,,,
VTI,Cnj,VTI_oo,wanitoon,wanit,3SgObvSubj,0SgObj,Neu,Pos,wanitoonid,<<wanit>>oonid,JDN-2010-MS-VTI-p27,,,
VTI,Cnj,VTI_oo,wanitoon,wanit,3SgObvSubj,0PlObj,Neu,Pos,wanitoonid,<<wanit>>oonid,JDN-2010-MS-VTI-p27,,,
VTI,Cnj,VTI_oo,wanitoon,wanit,3PlObvSubj,0SgObj,Neu,Pos,wanitoonid,<<wanit>>oonid,JDN-2010-MS-VTI-p27,,,
VTI,Cnj,VTI_oo,wanitoon,wanit,3PlObvSubj,0PlObj,Neu,Pos,wanitoonid,<<wanit>>oonid,JDN-2010-MS-VTI-p27,,,
VTI,Cnj,VTI_oo,wanitoon,wanit,3SgProxSubj,0SgObj,Neu,Pos,wanitood,<<wanit>>ood,JDN-2010-MS-VTI-p27,,,
VTI,Cnj,VTI_oo,wanitoon,wanit,3SgProxSubj,0PlObj,Neu,Pos,wanitood,<<wanit>>ood,JDN-2010-MS-VTI-p27,,,
VTI,Cnj,VTI_oo,wanitoon,wanit,ExclSubj,0SgObj,Neu,Pos,wanitooyaang,<<wanit>>ooyaang,JDN-2010-MS-VTI-p27,,,
VTI,Cnj,VTI_oo,wanitoon,wanit,ExclSubj,0PlObj,Neu,Pos,wanitooyaang,<<wanit>>ooyaang,JDN-2010-MS-VTI-p27,,,
VTI,Cnj,VTI_oo,wanitoon,wanit,InclSubj,0SgObj,Neu,Pos,wanitooyang,<<wanit>>ooyang,JDN-2010-MS-VTI-p27,,,
VTI,Cnj,VTI_oo,wanitoon,wanit,InclSubj,0PlObj,Neu,Pos,wanitooyang,<<wanit>>ooyang,JDN-2010-MS-VTI-p27,,,
VTI,Cnj,VTI_oo,wanitoon,wanit,XSubj,0SgObj,Neu,Pos,wanitoong,<<wanit>>oong,JDN-2010-MS-VTI-p27,,,
VTI,Cnj,VTI_oo,wanitoon,wanit,XSubj,0PlObj,Neu,Pos,wanitoong,<<wanit>>oong,JDN-2010-MS-VTI-p27,,,
VTI,Cnj,VTI_oo,wanitoon,wanit,1SgSubj,0SgObj,Neu,Neg,wanitoosiwaan,<<wanit>>oosiwaan,JDN-2010-MS-VTI-p28,,,
VTI,Cnj,VTI_oo,wanitoon,wanit,1SgSubj,0PlObj,Neu,Neg,wanitoosiwaan,<<wanit>>oosiwaan,JDN-2010-MS-VTI-p28,,,
VTI,Cnj,VTI_oo,wanitoon,wanit,2PlSubj,0SgObj,Neu,Neg,wanitoosiweg,<<wanit>>oosiweg,JDN-2010-MS-VTI-p28,,,
VTI,Cnj,VTI_oo,wanitoon,wanit,2PlSubj,0PlObj,Neu,Neg,wanitoosiweg,<<wanit>>oosiweg,JDN-2010-MS-VTI-p28,,,
VTI,Cnj,VTI_oo,wanitoon,wanit,2SgSubj,0SgObj,Neu,Neg,wanitoosiwan,<<wanit>>oosiwan,JDN-2010-MS-VTI-p28,,,
VTI,Cnj,VTI_oo,wanitoon,wanit,2SgSubj,0PlObj,Neu,Neg,wanitoosiwan,<<wanit>>oosiwan,JDN-2010-MS-VTI-p28,,,
VTI,Cnj,VTI_oo,wanitoon,wanit,3PlProxSubj,0SgObj,Neu,Neg,wanitoosigwaa,<<wanit>>oosigwaa,JDN-2010-MS-VTI-p28,,,
VTI,Cnj,VTI_oo,wanitoon,wanit,3PlProxSubj,0PlObj,Neu,Neg,wanitoosigwaa,<<wanit>>oosigwaa,JDN-2010-MS-VTI-p28,,,
VTI,Cnj,VTI_oo,wanitoon,wanit,3SgObvSubj,0SgObj,Neu,Neg,wanitoosinig,<<wanit>>oosinig,JDN-2010-MS-VTI-p28,,,
VTI,Cnj,VTI_oo,wanitoon,wanit,3SgObvSubj,0PlObj,Neu,Neg,wanitoosinig,<<wanit>>oosinig,JDN-2010-MS-VTI-p28,,,
VTI,Cnj,VTI_oo,wanitoon,wanit,3PlObvSubj,0SgObj,Neu,Neg,wanitoosinig,<<wanit>>oosinig,JDN-2010-MS-VTI-p28,,,
VTI,Cnj,VTI_oo,wanitoon,wanit,3PlObvSubj,0PlObj,Neu,Neg,wanitoosinig,<<wanit>>oosinig,JDN-2010-MS-VTI-p28,,,
VTI,Cnj,VTI_oo,wanitoon,wanit,3SgProxSubj,0SgObj,Neu,Neg,wanitoosig,<<wanit>>oosig,JDN-2010-MS-VTI-p28,,,
VTI,Cnj,VTI_oo,wanitoon,wanit,3SgProxSubj,0PlObj,Neu,Neg,wanitoosig,<<wanit>>oosig,JDN-2010-MS-VTI-p28,,,
VTI,Cnj,VTI_oo,wanitoon,wanit,ExclSubj,0SgObj,Neu,Neg,wanitoosiwaang,<<wanit>>oosiwaang,JDN-2010-MS-VTI-p28,,,
VTI,Cnj,VTI_oo,wanitoon,wanit,ExclSubj,0PlObj,Neu,Neg,wanitoosiwaang,<<wanit>>oosiwaang,JDN-2010-MS-VTI-p28,,,
VTI,Cnj,VTI_oo,wanitoon,wanit,InclSubj,0SgObj,Neu,Neg,wanitoosiwang,<<wanit>>oosiwang,JDN-2010-MS-VTI-p28,,,
VTI,Cnj,VTI_oo,wanitoon,wanit,InclSubj,0PlObj,Neu,Neg,wanitoosiwang,<<wanit>>oosiwang,JDN-2010-MS-VTI-p28,,,
VTI,Cnj,VTI_oo,wanitoon,wanit,XSubj,0SgObj,Neu,Neg,wanitoosing,<<wanit>>oosing,JDN-2010-MS-VTI-p28,,,
VTI,Cnj,VTI_oo,wanitoon,wanit,XSubj,0PlObj,Neu,Neg,wanitoosing,<<wanit>>oosing,JDN-2010-MS-VTI-p28,,,
VTI,Cnj,VTI_oo,wanitoon,wanit,1SgSubj,0SgObj,Prt,Pos,wanitooyaambaan,<<wanit>>ooyaambaan,JDN-2010-MS-VTI-p31,,,
VTI,Cnj,VTI_oo,wanitoon,wanit,1SgSubj,0PlObj,Prt,Pos,wanitooyaambaan,<<wanit>>ooyaambaan,JDN-2010-MS-VTI-p31,,,
VTI,Cnj,VTI_oo,wanitoon,wanit,2PlSubj,0SgObj,Prt,Pos,wanitooyegiban,<<wanit>>ooyegiban,JDN-2010-MS-VTI-p31,wanitooyegoban,<<wanit>>ooyegoban,JDN-2010-MS-VTI-p31
VTI,Cnj,VTI_oo,wanitoon,wanit,2PlSubj,0PlObj,Prt,Pos,wanitooyegiban,<<wanit>>ooyegiban,JDN-2010-MS-VTI-p31,wanitooyegoban,<<wanit>>ooyegoban,JDN-2010-MS-VTI-p31
VTI,Cnj,VTI_oo,wanitoon,wanit,2SgSubj,0SgObj,Prt,Pos,wanitooyamban,<<wanit>>ooyamban,JDN-2010-MS-VTI-p31,,,
VTI,Cnj,VTI_oo,wanitoon,wanit,2SgSubj,0PlObj,Prt,Pos,wanitooyamban,<<wanit>>ooyamban,JDN-2010-MS-VTI-p31,,,
VTI,Cnj,VTI_oo,wanitoon,wanit,3PlProxSubj,0SgObj,Prt,Pos,wanitoowaapan,<<wanit>>oowaapan,JDN-2010-MS-VTI-p31,,,
VTI,Cnj,VTI_oo,wanitoon,wanit,3PlProxSubj,0PlObj,Prt,Pos,wanitoowaapan,<<wanit>>oowaapan,JDN-2010-MS-VTI-p31,,,
VTI,Cnj,VTI_oo,wanitoon,wanit,3SgObvSubj,0SgObj,Prt,Pos,wanitoonipan,<<wanit>>oonipan,JDN-2010-MS-VTI-p31,,,
VTI,Cnj,VTI_oo,wanitoon,wanit,3SgObvSubj,0PlObj,Prt,Pos,wanitoonipan,<<wanit>>oonipan,JDN-2010-MS-VTI-p31,,,
VTI,Cnj,VTI_oo,wanitoon,wanit,3PlObvSubj,0SgObj,Prt,Pos,wanitoonipan,<<wanit>>oonipan,JDN-2010-MS-VTI-p31,,,
VTI,Cnj,VTI_oo,wanitoon,wanit,3PlObvSubj,0PlObj,Prt,Pos,wanitoonipan,<<wanit>>oonipan,JDN-2010-MS-VTI-p31,,,
VTI,Cnj,VTI_oo,wanitoon,wanit,3SgProxSubj,0SgObj,Prt,Pos,wanitoopan,<<wanit>>oopan,JDN-2010-MS-VTI-p31,,,
VTI,Cnj,VTI_oo,wanitoon,wanit,3SgProxSubj,0PlObj,Prt,Pos,wanitoopan,<<wanit>>oopan,JDN-2010-MS-VTI-p31,,,
VTI,Cnj,VTI_oo,wanitoon,wanit,ExclSubj,0SgObj,Prt,Pos,wanitooyaangiban,<<wanit>>ooyaangiban,JDN-2010-MS-VTI-p31,,,
VTI,Cnj,VTI_oo,wanitoon,wanit,ExclSubj,0PlObj,Prt,Pos,wanitooyaangiban,<<wanit>>ooyaangiban,JDN-2010-MS-VTI-p31,,,
VTI,Cnj,VTI_oo,wanitoon,wanit,InclSubj,0SgObj,Prt,Pos,wanitooyangiban,<<wanit>>ooyangiban,JDN-2010-MS-VTI-p31,,,
VTI,Cnj,VTI_oo,wanitoon,wanit,InclSubj,0PlObj,Prt,Pos,wanitooyangiban,<<wanit>>ooyangiban,JDN-2010-MS-VTI-p31,,,
VTI,Cnj,VTI_oo,wanitoon,wanit,XSubj,0SgObj,Prt,Pos,wanitoongiban,<<wanit>>oongiban,JDN-2010-MS-VTI-p31,,,
VTI,Cnj,VTI_oo,wanitoon,wanit,XSubj,0PlObj,Prt,Pos,wanitoongiban,<<wanit>>oongiban,JDN-2010-MS-VTI-p31,,,
VTI,Cnj,VTI_oo,wanitoon,wanit,1SgSubj,0SgObj,Prt,Neg,wanitoosiwaambaan,<<wanit>>oosiwaambaan,JDN-2010-MS-VTI-p32,,,
VTI,Cnj,VTI_oo,wanitoon,wanit,1SgSubj,0PlObj,Prt,Neg,wanitoosiwaambaan,<<wanit>>oosiwaambaan,JDN-2010-MS-VTI-p32,,,
VTI,Cnj,VTI_oo,wanitoon,wanit,2PlSubj,0SgObj,Prt,Neg,wanitoosiwegiban,<<wanit>>oosiwegiban,JDN-2010-MS-VTI-p32,wanitoosiwegoban,<<wanit>>oosiwegoban,JDN-2010-MS-VTI-p32
VTI,Cnj,VTI_oo,wanitoon,wanit,2PlSubj,0PlObj,Prt,Neg,wanitoosiwegiban,<<wanit>>oosiwegiban,JDN-2010-MS-VTI-p32,wanitoosiwegoban,<<wanit>>oosiwegoban,JDN-2010-MS-VTI-p32
VTI,Cnj,VTI_oo,wanitoon,wanit,2SgSubj,0SgObj,Prt,Neg,wanitoosiwamban,<<wanit>>oosiwamban,JDN-2010-MS-VTI-p32,,,
VTI,Cnj,VTI_oo,wanitoon,wanit,2SgSubj,0PlObj,Prt,Neg,wanitoosiwamban,<<wanit>>oosiwamban,JDN-2010-MS-VTI-p32,,,
VTI,Cnj,VTI_oo,wanitoon,wanit,3PlProxSubj,0SgObj,Prt,Neg,wanitoosigwaaban,<<wanit>>oosigwaaban,JDN-2010-MS-VTI-p32,,,
VTI,Cnj,VTI_oo,wanitoon,wanit,3PlProxSubj,0PlObj,Prt,Neg,wanitoosigwaaban,<<wanit>>oosigwaaban,JDN-2010-MS-VTI-p32,,,
VTI,Cnj,VTI_oo,wanitoon,wanit,3SgObvSubj,0SgObj,Prt,Neg,wanitoosinigoban,<<wanit>>oosinigoban,JDN-2010-MS-VTI-p32,,,
VTI,Cnj,VTI_oo,wanitoon,wanit,3SgObvSubj,0PlObj,Prt,Neg,wanitoosinigoban,<<wanit>>oosinigoban,JDN-2010-MS-VTI-p32,,,
VTI,Cnj,VTI_oo,wanitoon,wanit,3PlObvSubj,0SgObj,Prt,Neg,wanitoosinigoban,<<wanit>>oosinigoban,JDN-2010-MS-VTI-p32,,,
VTI,Cnj,VTI_oo,wanitoon,wanit,3PlObvSubj,0PlObj,Prt,Neg,wanitoosinigoban,<<wanit>>oosinigoban,JDN-2010-MS-VTI-p32,,,
VTI,Cnj,VTI_oo,wanitoon,wanit,3SgProxSubj,0SgObj,Prt,Neg,wanitoosigoban,<<wanit>>oosigoban,JDN-2010-MS-VTI-p32,,,
VTI,Cnj,VTI_oo,wanitoon,wanit,3SgProxSubj,0PlObj,Prt,Neg,wanitoosigoban,<<wanit>>oosigoban,JDN-2010-MS-VTI-p32,,,
VTI,Cnj,VTI_oo,wanitoon,wanit,ExclSubj,0SgObj,Prt,Neg,wanitoosiwaangiban,<<wanit>>oosiwaangiban,JDN-2010-MS-VTI-p32,,,
VTI,Cnj,VTI_oo,wanitoon,wanit,ExclSubj,0PlObj,Prt,Neg,wanitoosiwaangiban,<<wanit>>oosiwaangiban,JDN-2010-MS-VTI-p32,,,
VTI,Cnj,VTI_oo,wanitoon,wanit,InclSubj,0SgObj,Prt,Neg,wanitoosiwangiban,<<wanit>>oosiwangiban,JDN-2010-MS-VTI-p32,,,
VTI,Cnj,VTI_oo,wanitoon,wanit,InclSubj,0PlObj,Prt,Neg,wanitoosiwangiban,<<wanit>>oosiwangiban,JDN-2010-MS-VTI-p32,,,
VTI,Cnj,VTI_oo,wanitoon,wanit,XSubj,0SgObj,Prt,Neg,wanitoosingiban,<<wanit>>oosingiban,JDN-2010-MS-VTI-p32,,,
VTI,Cnj,VTI_oo,wanitoon,wanit,XSubj,0PlObj,Prt,Neg,wanitoosingiban,<<wanit>>oosingiban,JDN-2010-MS-VTI-p32,,,
VTI,Cnj,VTI_oo,wanitoon,wanit,1SgSubj,0SgObj,Dub,Pos,wanitoowaanen,<<wanit>>oowaanen,JDN-2010-MS-VTI-p35,,,
VTI,Cnj,VTI_oo,wanitoon,wanit,1SgSubj,0PlObj,Dub,Pos,wanitoowaanen,<<wanit>>oowaanen,JDN-2010-MS-VTI-p35,,,
VTI,Cnj,VTI_oo,wanitoon,wanit,2PlSubj,0SgObj,Dub,Pos,wanitoowegwen,<<wanit>>oowegwen,JDN-2010-MS-VTI-p35,,,
VTI,Cnj,VTI_oo,wanitoon,wanit,2PlSubj,0PlObj,Dub,Pos,wanitoowegwen,<<wanit>>oowegwen,JDN-2010-MS-VTI-p35,,,
VTI,Cnj,VTI_oo,wanitoon,wanit,2SgSubj,0SgObj,Dub,Pos,wanitoowanen,<<wanit>>oowanen,JDN-2010-MS-VTI-p35,,,
VTI,Cnj,VTI_oo,wanitoon,wanit,2SgSubj,0PlObj,Dub,Pos,wanitoowanen,<<wanit>>oowanen,JDN-2010-MS-VTI-p35,,,
VTI,Cnj,VTI_oo,wanitoon,wanit,3PlProxSubj,0SgObj,Dub,Pos,wanitoowaagwen,<<wanit>>oowaagwen,JDN-2010-MS-VTI-p35,,,
VTI,Cnj,VTI_oo,wanitoon,wanit,3PlProxSubj,0PlObj,Dub,Pos,wanitoowaagwen,<<wanit>>oowaagwen,JDN-2010-MS-VTI-p35,,,
VTI,Cnj,VTI_oo,wanitoon,wanit,3SgObvSubj,0SgObj,Dub,Pos,wanitoonigwen,<<wanit>>oonigwen,JDN-2010-MS-VTI-p35,,,
VTI,Cnj,VTI_oo,wanitoon,wanit,3SgObvSubj,0PlObj,Dub,Pos,wanitoonigwen,<<wanit>>oonigwen,JDN-2010-MS-VTI-p35,,,
VTI,Cnj,VTI_oo,wanitoon,wanit,3PlObvSubj,0SgObj,Dub,Pos,wanitoonigwen,<<wanit>>oonigwen,JDN-2010-MS-VTI-p35,,,
VTI,Cnj,VTI_oo,wanitoon,wanit,3PlObvSubj,0PlObj,Dub,Pos,wanitoonigwen,<<wanit>>oonigwen,JDN-2010-MS-VTI-p35,,,
VTI,Cnj,VTI_oo,wanitoon,wanit,3SgProxSubj,0SgObj,Dub,Pos,wanitoogwen,<<wanit>>oogwen,JDN-2010-MS-VTI-p35,,,
VTI,Cnj,VTI_oo,wanitoon,wanit,3SgProxSubj,0PlObj,Dub,Pos,wanitoogwen,<<wanit>>oogwen,JDN-2010-MS-VTI-p35,,,
VTI,Cnj,VTI_oo,wanitoon,wanit,ExclSubj,0SgObj,Dub,Pos,wanitoowaangen,<<wanit>>oowaangen,JDN-2010-MS-VTI-p35,,,
VTI,Cnj,VTI_oo,wanitoon,wanit,ExclSubj,0PlObj,Dub,Pos,wanitoowaangen,<<wanit>>oowaangen,JDN-2010-MS-VTI-p35,,,
VTI,Cnj,VTI_oo,wanitoon,wanit,InclSubj,0SgObj,Dub,Pos,wanitoowangen,<<wanit>>oowangen,JDN-2010-MS-VTI-p35,,,
VTI,Cnj,VTI_oo,wanitoon,wanit,InclSubj,0PlObj,Dub,Pos,wanitoowangen,<<wanit>>oowangen,JDN-2010-MS-VTI-p35,,,
VTI,Cnj,VTI_oo,wanitoon,wanit,XSubj,0SgObj,Dub,Pos,wanitoowiingen,<<wanit>>oowiingen,JDN-2010-MS-VTI-p35,,,
VTI,Cnj,VTI_oo,wanitoon,wanit,XSubj,0PlObj,Dub,Pos,wanitoowiingen,<<wanit>>oowiingen,JDN-2010-MS-VTI-p35,,,
VTI,Cnj,VTI_oo,wanitoon,wanit,1SgSubj,0SgObj,Dub,Neg,wanitoosiiwaanen,<<wanit>>oosiiwaanen,JDN-2010-MS-VTI-p36,,,
VTI,Cnj,VTI_oo,wanitoon,wanit,1SgSubj,0PlObj,Dub,Neg,wanitoosiiwaanen,<<wanit>>oosiiwaanen,JDN-2010-MS-VTI-p36,,,
VTI,Cnj,VTI_oo,wanitoon,wanit,2PlSubj,0SgObj,Dub,Neg,wanitoosiiwegwen,<<wanit>>oosiiwegwen,JDN-2010-MS-VTI-p36,,,
VTI,Cnj,VTI_oo,wanitoon,wanit,2PlSubj,0PlObj,Dub,Neg,wanitoosiiwegwen,<<wanit>>oosiiwegwen,JDN-2010-MS-VTI-p36,,,
VTI,Cnj,VTI_oo,wanitoon,wanit,2SgSubj,0SgObj,Dub,Neg,wanitoosiiwanen,<<wanit>>oosiiwanen,JDN-2010-MS-VTI-p36,,,
VTI,Cnj,VTI_oo,wanitoon,wanit,2SgSubj,0PlObj,Dub,Neg,wanitoosiiwanen,<<wanit>>oosiiwanen,JDN-2010-MS-VTI-p36,,,
VTI,Cnj,VTI_oo,wanitoon,wanit,3PlProxSubj,0SgObj,Dub,Neg,wanitoosiiwaagwen,<<wanit>>oosiiwaagwen,JDN-2010-MS-VTI-p36,,,
VTI,Cnj,VTI_oo,wanitoon,wanit,3PlProxSubj,0PlObj,Dub,Neg,wanitoosiiwaagwen,<<wanit>>oosiiwaagwen,JDN-2010-MS-VTI-p36,,,
VTI,Cnj,VTI_oo,wanitoon,wanit,3SgObvSubj,0SgObj,Dub,Neg,wanitoosiinigwen,<<wanit>>oosiinigwen,JDN-2010-MS-VTI-p36,,,
VTI,Cnj,VTI_oo,wanitoon,wanit,3SgObvSubj,0PlObj,Dub,Neg,wanitoosiinigwen,<<wanit>>oosiinigwen,JDN-2010-MS-VTI-p36,,,
VTI,Cnj,VTI_oo,wanitoon,wanit,3PlObvSubj,0SgObj,Dub,Neg,wanitoosiinigwen,<<wanit>>oosiinigwen,JDN-2010-MS-VTI-p36,,,
VTI,Cnj,VTI_oo,wanitoon,wanit,3PlObvSubj,0PlObj,Dub,Neg,wanitoosiinigwen,<<wanit>>oosiinigwen,JDN-2010-MS-VTI-p36,,,
VTI,Cnj,VTI_oo,wanitoon,wanit,3SgProxSubj,0SgObj,Dub,Neg,wanitoosiigwen,<<wanit>>oosiigwen,JDN-2010-MS-VTI-p36,,,
VTI,Cnj,VTI_oo,wanitoon,wanit,3SgProxSubj,0PlObj,Dub,Neg,wanitoosiigwen,<<wanit>>oosiigwen,JDN-2010-MS-VTI-p36,,,
VTI,Cnj,VTI_oo,wanitoon,wanit,ExclSubj,0SgObj,Dub,Neg,wanitoosiiwaangen,<<wanit>>oosiiwaangen,JDN-2010-MS-VTI-p36,,,
VTI,Cnj,VTI_oo,wanitoon,wanit,ExclSubj,0PlObj,Dub,Neg,wanitoosiiwaangen,<<wanit>>oosiiwaangen,JDN-2010-MS-VTI-p36,,,
VTI,Cnj,VTI_oo,wanitoon,wanit,InclSubj,0SgObj,Dub,Neg,wanitoosiiwangen,<<wanit>>oosiiwangen,JDN-2010-MS-VTI-p36,,,
VTI,Cnj,VTI_oo,wanitoon,wanit,InclSubj,0PlObj,Dub,Neg,wanitoosiiwangen,<<wanit>>oosiiwangen,JDN-2010-MS-VTI-p36,,,
VTI,Cnj,VTI_oo,wanitoon,wanit,XSubj,0SgObj,Dub,Neg,wanitoosiiwiingen,<<wanit>>oosiiwiingen,JDN-2010-MS-VTI-p36,,,
VTI,Cnj,VTI_oo,wanitoon,wanit,XSubj,0PlObj,Dub,Neg,wanitoosiiwiingen,<<wanit>>oosiiwiingen,JDN-2010-MS-VTI-p36,,,
VTI,Cnj,VTI_oo,wanitoon,wanit,1SgSubj,0SgObj,DubPrt,Pos,wanitoowaambaanen,<<wanit>>oowaambaanen,JDN-2010-MS-VTI-p39,,,
VTI,Cnj,VTI_oo,wanitoon,wanit,1SgSubj,0PlObj,DubPrt,Pos,wanitoowaambaanen,<<wanit>>oowaambaanen,JDN-2010-MS-VTI-p39,,,
VTI,Cnj,VTI_oo,wanitoon,wanit,2PlSubj,0SgObj,DubPrt,Pos,wanitoowegibanen,<<wanit>>oowegibanen,JDN-2010-MS-VTI-p39,wanitoowegobanen,<<wanit>>oowegobanen,JDN-2010-MS-VTI-p39
VTI,Cnj,VTI_oo,wanitoon,wanit,2PlSubj,0PlObj,DubPrt,Pos,wanitoowegibanen,<<wanit>>oowegibanen,JDN-2010-MS-VTI-p39,wanitoowegobanen,<<wanit>>oowegobanen,JDN-2010-MS-VTI-p39
VTI,Cnj,VTI_oo,wanitoon,wanit,2SgSubj,0SgObj,DubPrt,Pos,wanitoowambanen,<<wanit>>oowambanen,JDN-2010-MS-VTI-p39,,,
VTI,Cnj,VTI_oo,wanitoon,wanit,2SgSubj,0PlObj,DubPrt,Pos,wanitoowambanen,<<wanit>>oowambanen,JDN-2010-MS-VTI-p39,,,
VTI,Cnj,VTI_oo,wanitoon,wanit,3PlProxSubj,0SgObj,DubPrt,Pos,wanitoowaagobanen,<<wanit>>oowaagobanen,JDN-2010-MS-VTI-p39,,,
VTI,Cnj,VTI_oo,wanitoon,wanit,3PlProxSubj,0PlObj,DubPrt,Pos,wanitoowaagobanen,<<wanit>>oowaagobanen,JDN-2010-MS-VTI-p39,,,
VTI,Cnj,VTI_oo,wanitoon,wanit,3SgObvSubj,0SgObj,DubPrt,Pos,wanitoonigobanen,<<wanit>>oonigobanen,JDN-2010-MS-VTI-p39,,,
VTI,Cnj,VTI_oo,wanitoon,wanit,3SgObvSubj,0PlObj,DubPrt,Pos,wanitoonigobanen,<<wanit>>oonigobanen,JDN-2010-MS-VTI-p39,,,
VTI,Cnj,VTI_oo,wanitoon,wanit,3PlObvSubj,0SgObj,DubPrt,Pos,wanitoonigobanen,<<wanit>>oonigobanen,JDN-2010-MS-VTI-p39,,,
VTI,Cnj,VTI_oo,wanitoon,wanit,3PlObvSubj,0PlObj,DubPrt,Pos,wanitoonigobanen,<<wanit>>oonigobanen,JDN-2010-MS-VTI-p39,,,
VTI,Cnj,VTI_oo,wanitoon,wanit,3SgProxSubj,0SgObj,DubPrt,Pos,wanitoogobanen,<<wanit>>oogobanen,JDN-2010-MS-VTI-p39,,,
VTI,Cnj,VTI_oo,wanitoon,wanit,3SgProxSubj,0PlObj,DubPrt,Pos,wanitoogobanen,<<wanit>>oogobanen,JDN-2010-MS-VTI-p39,,,
VTI,Cnj,VTI_oo,wanitoon,wanit,ExclSubj,0SgObj,DubPrt,Pos,wanitoowaangibanen,<<wanit>>oowaangibanen,JDN-2010-MS-VTI-p39,,,
VTI,Cnj,VTI_oo,wanitoon,wanit,ExclSubj,0PlObj,DubPrt,Pos,wanitoowaangibanen,<<wanit>>oowaangibanen,JDN-2010-MS-VTI-p39,,,
VTI,Cnj,VTI_oo,wanitoon,wanit,InclSubj,0SgObj,DubPrt,Pos,wanitoowangibanen,<<wanit>>oowangibanen,JDN-2010-MS-VTI-p39,,,
VTI,Cnj,VTI_oo,wanitoon,wanit,InclSubj,0PlObj,DubPrt,Pos,wanitoowangibanen,<<wanit>>oowangibanen,JDN-2010-MS-VTI-p39,,,
VTI,Cnj,VTI_oo,wanitoon,wanit,XSubj,0SgObj,DubPrt,Pos,wanitoowiingibanen,<<wanit>>oowiingibanen,JDN-2010-MS-VTI-p39,,,
VTI,Cnj,VTI_oo,wanitoon,wanit,XSubj,0PlObj,DubPrt,Pos,wanitoowiingibanen,<<wanit>>oowiingibanen,JDN-2010-MS-VTI-p39,,,
VTI,Cnj,VTI_oo,wanitoon,wanit,1SgSubj,0SgObj,DubPrt,Neg,wanitoosiiwaambaanen,<<wanit>>oosiiwaambaanen,JDN-2010-MS-VTI-p40,,,
VTI,Cnj,VTI_oo,wanitoon,wanit,1SgSubj,0PlObj,DubPrt,Neg,wanitoosiiwaambaanen,<<wanit>>oosiiwaambaanen,JDN-2010-MS-VTI-p40,,,
VTI,Cnj,VTI_oo,wanitoon,wanit,2PlSubj,0SgObj,DubPrt,Neg,wanitoosiiwegibanen,<<wanit>>oosiiwegibanen,JDN-2010-MS-VTI-p40,wanitoosiiwegobanen,<<wanit>>oosiiwegobanen,JDN-2010-MS-VTI-p40
VTI,Cnj,VTI_oo,wanitoon,wanit,2PlSubj,0PlObj,DubPrt,Neg,wanitoosiiwegibanen,<<wanit>>oosiiwegibanen,JDN-2010-MS-VTI-p40,wanitoosiiwegobanen,<<wanit>>oosiiwegobanen,JDN-2010-MS-VTI-p40
VTI,Cnj,VTI_oo,wanitoon,wanit,2SgSubj,0SgObj,DubPrt,Neg,wanitoosiiwambanen,<<wanit>>oosiiwambanen,JDN-2010-MS-VTI-p40,,,
VTI,Cnj,VTI_oo,wanitoon,wanit,2SgSubj,0PlObj,DubPrt,Neg,wanitoosiiwambanen,<<wanit>>oosiiwambanen,JDN-2010-MS-VTI-p40,,,
VTI,Cnj,VTI_oo,wanitoon,wanit,3PlProxSubj,0SgObj,DubPrt,Neg,wanitoosiiwaagobanen,<<wanit>>oosiiwaagobanen,JDN-2010-MS-VTI-p40,,,
VTI,Cnj,VTI_oo,wanitoon,wanit,3PlProxSubj,0PlObj,DubPrt,Neg,wanitoosiiwaagobanen,<<wanit>>oosiiwaagobanen,JDN-2010-MS-VTI-p40,,,
VTI,Cnj,VTI_oo,wanitoon,wanit,3SgObvSubj,0SgObj,DubPrt,Neg,wanitoosiinigobanen,<<wanit>>oosiinigobanen,JDN-2010-MS-VTI-p40,,,
VTI,Cnj,VTI_oo,wanitoon,wanit,3SgObvSubj,0PlObj,DubPrt,Neg,wanitoosiinigobanen,<<wanit>>oosiinigobanen,JDN-2010-MS-VTI-p40,,,
VTI,Cnj,VTI_oo,wanitoon,wanit,3PlObvSubj,0SgObj,DubPrt,Neg,wanitoosiinigobanen,<<wanit>>oosiinigobanen,JDN-2010-MS-VTI-p40,,,
VTI,Cnj,VTI_oo,wanitoon,wanit,3PlObvSubj,0PlObj,DubPrt,Neg,wanitoosiinigobanen,<<wanit>>oosiinigobanen,JDN-2010-MS-VTI-p40,,,
VTI,Cnj,VTI_oo,wanitoon,wanit,3SgProxSubj,0SgObj,DubPrt,Neg,wanitoosiigobanen,<<wanit>>oosiigobanen,JDN-2010-MS-VTI-p40,,,
VTI,Cnj,VTI_oo,wanitoon,wanit,3SgProxSubj,0PlObj,DubPrt,Neg,wanitoosiigobanen,<<wanit>>oosiigobanen,JDN-2010-MS-VTI-p40,,,
VTI,Cnj,VTI_oo,wanitoon,wanit,ExclSubj,0SgObj,DubPrt,Neg,wanitoosiiwaangibanen,<<wanit>>oosiiwaangibanen,JDN-2010-MS-VTI-p40,,,
VTI,Cnj,VTI_oo,wanitoon,wanit,ExclSubj,0PlObj,DubPrt,Neg,wanitoosiiwaangibanen,<<wanit>>oosiiwaangibanen,JDN-2010-MS-VTI-p40,,,
VTI,Cnj,VTI_oo,wanitoon,wanit,InclSubj,0SgObj,DubPrt,Neg,wanitoosiiwangibanen,<<wanit>>oosiiwangibanen,JDN-2010-MS-VTI-p40,,,
VTI,Cnj,VTI_oo,wanitoon,wanit,InclSubj,0PlObj,DubPrt,Neg,wanitoosiiwangibanen,<<wanit>>oosiiwangibanen,JDN-2010-MS-VTI-p40,,,
VTI,Cnj,VTI_oo,wanitoon,wanit,XSubj,0SgObj,DubPrt,Neg,wanitoosiiwiingibanen,<<wanit>>oosiiwiingibanen,JDN-2010-MS-VTI-p40,,,
VTI,Cnj,VTI_oo,wanitoon,wanit,XSubj,0PlObj,DubPrt,Neg,wanitoosiiwiingibanen,<<wanit>>oosiiwiingibanen,JDN-2010-MS-VTI-p40,,,
